country,year,iso_code,population,gdp,primary_energy_consumption,fossil_fuel_consumption,coal_consumption,oil_consumption,gas_consumption,low_carbon_consumption,nuclear_consumption,renewables_consumption,hydro_consumption,solar_consumption,wind_consumption,biofuel_consumption,other_renewable_consumption,calc_fossil_share_energy,calc_coal_share_energy,calc_oil_share_energy,calc_gas_share_energy,calc_low_carbon_share_energy,calc_nuclear_share_energy,calc_renewables_share_energy,calc_hydro_share_energy,calc_solar_share_energy,calc_wind_share_energy,calc_biofuel_share_energy,calc_other_renewable_share_energy
Afghanistan,2015,AFG,33753500,62783393792,32.744,NA,NA,NA,NA,NA,NA,NA,NA,NA,NA,NA,NA,NA,NA,NA,NA,NA,NA,NA,NA,NA,NA,NA,NA
Afghanistan,2016,AFG,34636212,64372215808,29.884,NA,NA,NA,NA,NA,NA,NA,NA,NA,NA,NA,NA,NA,NA,NA,NA,NA,NA,NA,NA,NA,NA,NA,NA
Afghanistan,2017,AFG,35643420,65169281024,29.56,NA,NA,NA,NA,NA,NA,NA,NA,NA,NA,NA,NA,NA,NA,NA,NA,NA,NA,NA,NA,NA,NA,NA,NA
Afghanistan,2018,AFG,36686788,65996738560,33.908,NA,NA,NA,NA,NA,NA,NA,NA,NA,NA,NA,NA,NA,NA,NA,NA,NA,NA,NA,NA,NA,NA,NA,NA
Afghanistan,2019,AFG,37769496,73085706240,30.314,NA,NA,NA,NA,NA,NA,NA,NA,NA,NA,NA,NA,NA,NA,NA,NA,NA,NA,NA,NA,NA,NA,NA,NA
Afghanistan,2020,AFG,38972236,71417708544,27.393,NA,NA,NA,NA,NA,NA,NA,NA,NA,NA,NA,NA,NA,NA,NA,NA,NA,NA,NA,NA,NA,NA,NA,NA
Afghanistan,2021,AFG,40099460,56638849024,27.135,NA,NA,NA,NA,NA,NA,NA,NA,NA,NA,NA,NA,NA,NA,NA,NA,NA,NA,NA,NA,NA,NA,NA,NA
Afghanistan,2022,AFG,41128772,53303472128,NA,NA,NA,NA,NA,NA,NA,NA,NA,NA,NA,NA,NA,NA,NA,NA,NA,NA,NA,NA,NA,NA,NA,NA,NA
Albania,2015,ALB,2882482,29231665152,34.083,NA,NA,NA,NA,NA,NA,NA,NA,NA,NA,NA,NA,NA,NA,NA,NA,NA,NA,NA,NA,NA,NA,NA,NA
Albania,2016,ALB,2881064,30200692736,39.827,NA,NA,NA,NA,NA,NA,NA,NA,NA,NA,NA,NA,NA,NA,NA,NA,NA,NA,NA,NA,NA,NA,NA,NA
Albania,2017,ALB,2879361,31348975616,36.863,NA,NA,NA,NA,NA,NA,NA,NA,NA,NA,NA,NA,NA,NA,NA,NA,NA,NA,NA,NA,NA,NA,NA,NA
Albania,2018,ALB,2877019,32609001472,42.032,NA,NA,NA,NA,NA,NA,NA,NA,NA,NA,NA,NA,NA,NA,NA,NA,NA,NA,NA,NA,NA,NA,NA,NA
Albania,2019,ALB,2873883,33289746432,33.296,NA,NA,NA,NA,NA,NA,NA,NA,NA,NA,NA,NA,NA,NA,NA,NA,NA,NA,NA,NA,NA,NA,NA,NA
Albania,2020,ALB,2866850,32130725888,31.988,NA,NA,NA,NA,NA,NA,NA,NA,NA,NA,NA,NA,NA,NA,NA,NA,NA,NA,NA,NA,NA,NA,NA,NA
Albania,2021,ALB,2854710,34866974720,40.253,NA,NA,NA,NA,NA,NA,NA,NA,NA,NA,NA,NA,NA,NA,NA,NA,NA,NA,NA,NA,NA,NA,NA,NA
Albania,2022,ALB,2842318,36171005952,NA,NA,NA,NA,NA,NA,NA,NA,NA,NA,NA,NA,NA,NA,NA,NA,NA,NA,NA,NA,NA,NA,NA,NA,NA
Algeria,2015,DZA,39543148,551521746944,617.518,616.92,1.547,236.148,379.225,0.598,0,0.598,0.39,0.156,0.051,NA,0,99.90316071758231,0.25051901321095094,38.24147636182265,61.41116534254872,0.0968392824176785,0,0.0968392824176785,0.0631560537506599,0.025262421500263955,0.008258868567393985,NA,0
Algeria,2016,DZA,40339328,569170395136,616.996,616.096,0.57,229.564,385.962,0.9,0,0.9,0.193,0.656,0.051,NA,0,99.85413195547459,0.09238309486609313,37.206724192701415,62.55502466790709,0.14586804452541022,0,0.14586804452541022,0.03128059177044908,0.10632159689852123,0.008265855856439911,NA,0
Algeria,2017,DZA,41136548,577138786304,623.795,622.254,2.117,225.512,394.625,1.541,0,1.541,0.149,1.341,0.051,NA,0,99.75296371404067,0.3393743136767688,36.151620323984645,63.261969076379266,0.2470362859593296,0,0.2470362859593296,0.023886052308851467,0.2149744707796632,0.008175762870814932,NA,0
Algeria,2018,DZA,41927008,584064434176,669.62,667.688,5.815,227.786,434.087,1.931,0,1.931,0.31,1.595,0.026,NA,0,99.71147815178757,0.8684029748215406,34.017203787222606,64.82587138974344,0.28837250978166723,0,0.28837250978166723,0.0462949135330486,0.23819479704907262,0.0038827991995460105,NA,0
Algeria,2019,DZA,42705372,589905133568,694.349,692.301,4.803,236.951,450.546,2.048,0,2.048,0.401,1.621,0.026,NA,0,99.70504746172314,0.6917270709686338,34.12563422716818,64.88754214379225,0.2949525382768608,0,0.2949525382768608,0.05775193742627987,0.23345608620448793,0.0037445146460929586,NA,0
Algeria,2020,DZA,43451668,559819915264,648.899,646.949,1.524,211.925,433.5,1.949,0,1.949,0.13,1.799,0.02,NA,0,99.69949098395897,0.23485935407513342,32.65916575615003,66.80546587373382,0.30035490885330385,0,0.30035490885330385,0.020033934402734477,0.2772388306963025,0.0030821437542668424,NA,0
Algeria,2021,DZA,44177964,578853797888,707.627,705.838,3.105,221.204,481.529,1.789,0,1.789,0.024,1.737,0.027,NA,0,99.74718319114449,0.43879049273134013,31.259971708258732,68.04842099015443,0.2528168088555129,0,0.2528168088555129,0.0033916173351214696,0.24546830462941638,0.0038155695020116536,NA,0
Algeria,2022,DZA,44903228,595820019712,734.191,732.416,2.175,226.853,503.387,1.775,0,1.775,0.042,1.692,0.042,NA,0,99.75823729792384,0.29624443775529796,30.898362960047184,68.56349369578216,0.2417627020761627,0,0.2417627020761627,0.005720582246309203,0.23045774192274213,0.005720582246309203,NA,0
American Samoa,2015,ASM,51391,NA,1.445,NA,NA,NA,NA,NA,NA,NA,NA,NA,NA,NA,NA,NA,NA,NA,NA,NA,NA,NA,NA,NA,NA,NA,NA
American Samoa,2016,ASM,50468,NA,1.451,NA,NA,NA,NA,NA,NA,NA,NA,NA,NA,NA,NA,NA,NA,NA,NA,NA,NA,NA,NA,NA,NA,NA,NA
American Samoa,2017,ASM,49486,NA,1.453,NA,NA,NA,NA,NA,NA,NA,NA,NA,NA,NA,NA,NA,NA,NA,NA,NA,NA,NA,NA,NA,NA,NA,NA
American Samoa,2018,ASM,48445,NA,1.453,NA,NA,NA,NA,NA,NA,NA,NA,NA,NA,NA,NA,NA,NA,NA,NA,NA,NA,NA,NA,NA,NA,NA,NA
American Samoa,2019,ASM,47341,NA,1.452,NA,NA,NA,NA,NA,NA,NA,NA,NA,NA,NA,NA,NA,NA,NA,NA,NA,NA,NA,NA,NA,NA,NA,NA
American Samoa,2020,ASM,46216,NA,1.384,NA,NA,NA,NA,NA,NA,NA,NA,NA,NA,NA,NA,NA,NA,NA,NA,NA,NA,NA,NA,NA,NA,NA,NA
American Samoa,2021,ASM,45056,NA,1.596,NA,NA,NA,NA,NA,NA,NA,NA,NA,NA,NA,NA,NA,NA,NA,NA,NA,NA,NA,NA,NA,NA,NA,NA
American Samoa,2022,ASM,44295,NA,NA,NA,NA,NA,NA,NA,NA,NA,NA,NA,NA,NA,NA,NA,NA,NA,NA,NA,NA,NA,NA,NA,NA,NA,NA
Angola,2015,AGO,28127724,169333981184,116.999,NA,NA,NA,NA,NA,0,NA,NA,NA,NA,NA,NA,NA,NA,NA,NA,NA,0,NA,NA,NA,NA,NA,NA
Angola,2016,AGO,29154742,164965171200,106.752,NA,NA,NA,NA,NA,0,NA,NA,NA,NA,NA,NA,NA,NA,NA,NA,NA,0,NA,NA,NA,NA,NA,NA
Angola,2017,AGO,30208634,164717707264,101.83,NA,NA,NA,NA,NA,0,NA,NA,NA,NA,NA,NA,NA,NA,NA,NA,NA,0,NA,NA,NA,NA,NA,NA
Angola,2018,AGO,31273538,162550038528,105.279,NA,NA,NA,NA,NA,0,NA,NA,NA,NA,NA,NA,NA,NA,NA,NA,NA,0,NA,NA,NA,NA,NA,NA
Angola,2019,AGO,32353592,161408925696,118.654,NA,NA,NA,NA,NA,0,NA,NA,NA,NA,NA,NA,NA,NA,NA,NA,NA,0,NA,NA,NA,NA,NA,NA
Angola,2020,AGO,33428490,152308695040,117.908,NA,NA,NA,NA,NA,0,NA,NA,NA,NA,NA,NA,NA,NA,NA,NA,NA,0,NA,NA,NA,NA,NA,NA
Angola,2021,AGO,34503776,153971900416,96.311,NA,NA,NA,NA,NA,0,NA,NA,NA,NA,NA,NA,NA,NA,NA,NA,NA,0,NA,NA,NA,NA,NA,NA
Angola,2022,AGO,35588996,158346248192,NA,NA,NA,NA,NA,NA,0,NA,NA,NA,NA,NA,NA,NA,NA,NA,NA,NA,NA,NA,NA,NA,NA,NA,NA
Antarctica,2015,ATA,NA,NA,0.058,NA,NA,NA,NA,NA,NA,NA,NA,NA,NA,NA,NA,NA,NA,NA,NA,NA,NA,NA,NA,NA,NA,NA,NA
Antarctica,2016,ATA,NA,NA,0.058,NA,NA,NA,NA,NA,NA,NA,NA,NA,NA,NA,NA,NA,NA,NA,NA,NA,NA,NA,NA,NA,NA,NA,NA
Antarctica,2017,ATA,NA,NA,0.055,NA,NA,NA,NA,NA,NA,NA,NA,NA,NA,NA,NA,NA,NA,NA,NA,NA,NA,NA,NA,NA,NA,NA,NA
Antarctica,2018,ATA,NA,NA,0.055,NA,NA,NA,NA,NA,NA,NA,NA,NA,NA,NA,NA,NA,NA,NA,NA,NA,NA,NA,NA,NA,NA,NA,NA
Antarctica,2019,ATA,NA,NA,0.055,NA,NA,NA,NA,NA,NA,NA,NA,NA,NA,NA,NA,NA,NA,NA,NA,NA,NA,NA,NA,NA,NA,NA,NA
Antarctica,2020,ATA,NA,NA,0.046,NA,NA,NA,NA,NA,NA,NA,NA,NA,NA,NA,NA,NA,NA,NA,NA,NA,NA,NA,NA,NA,NA,NA,NA
Antarctica,2021,ATA,NA,NA,0.049,NA,NA,NA,NA,NA,NA,NA,NA,NA,NA,NA,NA,NA,NA,NA,NA,NA,NA,NA,NA,NA,NA,NA,NA
Antigua and Barbuda,2015,ATG,89958,NA,3.043,NA,NA,NA,NA,NA,NA,NA,NA,NA,NA,NA,NA,NA,NA,NA,NA,NA,NA,NA,NA,NA,NA,NA,NA
Antigua and Barbuda,2016,ATG,90575,NA,3.088,NA,NA,NA,NA,NA,NA,NA,NA,NA,NA,NA,NA,NA,NA,NA,NA,NA,NA,NA,NA,NA,NA,NA,NA
Antigua and Barbuda,2017,ATG,91133,NA,2.937,NA,NA,NA,NA,NA,NA,NA,NA,NA,NA,NA,NA,NA,NA,NA,NA,NA,NA,NA,NA,NA,NA,NA,NA
Antigua and Barbuda,2018,ATG,91644,NA,3.027,NA,NA,NA,NA,NA,NA,NA,NA,NA,NA,NA,NA,NA,NA,NA,NA,NA,NA,NA,NA,NA,NA,NA,NA
Antigua and Barbuda,2019,ATG,92127,NA,3.043,NA,NA,NA,NA,NA,NA,NA,NA,NA,NA,NA,NA,NA,NA,NA,NA,NA,NA,NA,NA,NA,NA,NA,NA
Antigua and Barbuda,2020,ATG,92672,NA,2.575,NA,NA,NA,NA,NA,NA,NA,NA,NA,NA,NA,NA,NA,NA,NA,NA,NA,NA,NA,NA,NA,NA,NA,NA
Antigua and Barbuda,2021,ATG,93229,NA,2.747,NA,NA,NA,NA,NA,NA,NA,NA,NA,NA,NA,NA,NA,NA,NA,NA,NA,NA,NA,NA,NA,NA,NA,NA
Antigua and Barbuda,2022,ATG,93772,NA,NA,NA,NA,NA,NA,NA,NA,NA,NA,NA,NA,NA,NA,NA,NA,NA,NA,NA,NA,NA,NA,NA,NA,NA,NA
Argentina,2015,ARG,43257064,850356666368,996.94,870.15,15.814,387.81,466.526,126.79,18.19,108.6,87.084,0.04,1.598,15.131,4.748,87.282083174514,1.586253937047365,38.900034104359335,46.795795133107305,12.717916825485986,1.8245832246674827,10.893333600818503,8.735129496258551,0.004012277569362249,0.16029048889602182,1.5177442975505044,0.4762573474832989
Argentina,2016,ARG,43668236,832669286400,992.424,870.194,12.189,375.905,482.1,122.23,21.283,100.947,79.649,0.038,1.465,16.037,3.757,87.68369164792468,1.2282048801721845,37.87745963418861,48.578027133563886,12.316308352075325,2.144547088744327,10.171761263330996,8.02570272383578,0.0038290085689181236,0.14761835667013293,1.6159423794668406,0.37856803140593137
Argentina,2017,ARG,44054616,856142118912,991.397,867.003,12.525,371.477,483,124.394,15.547,108.847,84.082,0.044,1.628,18.428,4.666,87.45265519262213,1.2633687614547955,37.470054882151146,48.7191306812508,12.547344807377872,1.5681911484501165,10.979153658927753,8.481163449153064,0.004438181676966946,0.164212722047777,1.858791180526066,0.47064899328926757
Argentina,2018,ARG,44413592,833736998912,984.346,855.356,13.709,354.626,487.021,128.989,17.447,111.543,85.401,0.286,3.738,17.594,4.524,86.89586791636275,1.392701346884124,36.02655976658614,49.47660680289248,13.104030493342789,1.772445867611592,11.331686216025666,8.675912738000662,0.02905482421831348,0.3797445207274678,1.7873796408986273,0.45959449218059506
Argentina,2019,ARG,44745516,817053892608,927.358,795.546,8.124,321.832,465.589,131.813,21.354,110.459,72.501,2.108,13.169,17.97,4.711,85.78628749630673,0.8760370860013071,34.70418112530436,50.205961451780226,14.213820336914115,2.3026705975470096,11.911149739367106,7.818016343202949,0.2273124295040319,1.4200556850752353,1.9377629782672927,0.5080023033175969
Argentina,2020,ARG,45036032,735814221824,869.829,737.523,10.015,288.195,439.312,132.306,25.229,107.077,62.163,3.531,24.715,9.646,7.021,84.78942412819072,1.1513757301722523,33.132374294257836,50.505559138635306,15.21057587180929,2.9004551469311783,12.310120724878109,7.1465770858410105,0.40594185753751605,2.8413630725119536,1.108953598925766,0.8071701449365335
Argentina,2021,ARG,45276788,812324159488,958.463,824.284,14.052,350.891,459.341,134.179,25.536,108.643,51.412,5.764,33.853,10.42,7.194,86.00060722218802,1.4660972828372092,36.60975958383371,47.92475035551711,13.999392777811979,2.6642656002370466,11.33512717757493,5.364004661630131,0.6013795003041328,3.532009060339315,1.0871572507232934,0.7505767045780588
Argentina,2022,ARG,45510324,854914301952,1029.381,885.226,14.892,411.806,458.528,144.155,18.686,125.469,59.363,7.665,36.93,14,7.511,85.99595290762117,1.4466946640748177,40.00520701275815,44.54405123078821,14.004047092378816,1.8152656790828663,12.188781413295951,5.766863775414545,0.7446222535679208,3.587592932063055,1.360040645786157,0.7296618064642731
Armenia,2015,ARM,2878598,29464864768,40.66,NA,NA,NA,NA,NA,NA,NA,NA,NA,NA,NA,NA,NA,NA,NA,NA,NA,NA,NA,NA,NA,NA,NA,NA
Armenia,2016,ARM,2865841,29522321408,40.95,NA,NA,NA,NA,NA,NA,NA,NA,NA,NA,NA,NA,NA,NA,NA,NA,NA,NA,NA,NA,NA,NA,NA,NA
Armenia,2017,ARM,2851929,31741804544,43.641,NA,NA,NA,NA,NA,NA,NA,NA,NA,NA,NA,NA,NA,NA,NA,NA,NA,NA,NA,NA,NA,NA,NA,NA
Armenia,2018,ARM,2836563,33400320000,42.928,NA,NA,NA,NA,NA,NA,NA,NA,NA,NA,NA,NA,NA,NA,NA,NA,NA,NA,NA,NA,NA,NA,NA,NA
Armenia,2019,ARM,2820604,35949092864,45.635,NA,NA,NA,NA,NA,NA,NA,NA,NA,NA,NA,NA,NA,NA,NA,NA,NA,NA,NA,NA,NA,NA,NA,NA
Armenia,2020,ARM,2805610,33378377728,47.937,NA,NA,NA,NA,NA,NA,NA,NA,NA,NA,NA,NA,NA,NA,NA,NA,NA,NA,NA,NA,NA,NA,NA,NA
Armenia,2021,ARM,2790971,35275595776,49.357,NA,NA,NA,NA,NA,NA,NA,NA,NA,NA,NA,NA,NA,NA,NA,NA,NA,NA,NA,NA,NA,NA,NA,NA
Armenia,2022,ARM,2780472,39721734144,NA,NA,NA,NA,NA,NA,NA,NA,NA,NA,NA,NA,NA,NA,NA,NA,NA,NA,NA,NA,NA,NA,NA,NA,NA
Aruba,2015,ABW,104269,NA,5.399,NA,NA,NA,NA,NA,NA,NA,NA,NA,NA,NA,NA,NA,NA,NA,NA,NA,NA,NA,NA,NA,NA,NA,NA
Aruba,2016,ABW,104890,NA,5.246,NA,NA,NA,NA,NA,NA,NA,NA,NA,NA,NA,NA,NA,NA,NA,NA,NA,NA,NA,NA,NA,NA,NA,NA
Aruba,2017,ABW,105454,NA,5.432,NA,NA,NA,NA,NA,NA,NA,NA,NA,NA,NA,NA,NA,NA,NA,NA,NA,NA,NA,NA,NA,NA,NA,NA
Aruba,2018,ABW,105980,NA,5.248,NA,NA,NA,NA,NA,NA,NA,NA,NA,NA,NA,NA,NA,NA,NA,NA,NA,NA,NA,NA,NA,NA,NA,NA
Aruba,2019,ABW,106458,NA,5.441,NA,NA,NA,NA,NA,NA,NA,NA,NA,NA,NA,NA,NA,NA,NA,NA,NA,NA,NA,NA,NA,NA,NA,NA
Aruba,2020,ABW,106597,NA,4.637,NA,NA,NA,NA,NA,NA,NA,NA,NA,NA,NA,NA,NA,NA,NA,NA,NA,NA,NA,NA,NA,NA,NA,NA
Aruba,2021,ABW,106543,NA,4.911,NA,NA,NA,NA,NA,NA,NA,NA,NA,NA,NA,NA,NA,NA,NA,NA,NA,NA,NA,NA,NA,NA,NA,NA
Aruba,2022,ABW,106459,NA,NA,NA,NA,NA,NA,NA,NA,NA,NA,NA,NA,NA,NA,NA,NA,NA,NA,NA,NA,NA,NA,NA,NA,NA,NA
Australia,2015,AUS,23820240,1139303383040,1601.271,1500.658,540.411,570.297,389.95,100.613,0,100.613,37.935,16.684,31.866,2.387,11.741,93.7166788132677,33.748878234852185,35.61527061940172,24.352529959013808,6.283321186732289,0,6.283321186732289,2.369055581472468,1.041922322954703,1.9900441586714552,0.14906908324699567,0.7332300403866678
Australia,2016,AUS,24195706,1169967284224,1606.503,1491.048,540.062,571.459,379.527,115.454,0,115.454,47.195,19.917,34.908,1.856,11.58,92.81327205738178,33.6172419223618,35.571611133001305,23.62441900201867,7.1866656956133905,0,7.1866656956133905,2.93774739293982,1.2397735951940334,2.172918444596742,0.11553044096400693,0.7208203159284484
Australia,2017,AUS,24590336,1197832929280,1601.646,1493.625,521.526,599.256,372.844,108.02,0,108.02,35.927,23.732,35.158,1.834,11.369,93.25562577498398,32.561876969068074,37.415009309173186,23.27880193251193,6.7443117892468125,0,6.7443117892468125,2.24312988013581,1.48172567471214,2.1951167736191395,0.11450720071726213,0.7098322600624607
Australia,2018,AUS,24979228,1231576891392,1624.987,1490.425,508.882,609.635,371.908,134.563,0,134.563,45.801,32.627,43.025,1.655,11.454,91.71919529202387,31.316065913142687,37.51630013040104,22.886829248480144,8.280866246929975,0,8.280866246929975,2.8185456252880794,2.007831447266963,2.6477134894002226,0.10184696862190282,0.7048671773989577
Australia,2019,AUS,25357168,1255505526784,1679.844,1530.746,486.392,603.784,440.57,149.098,0,149.098,36.958,48.229,51.327,1.514,11.07,91.1242948750003,28.95459340272073,35.94286136093589,26.22684011134367,8.875705124999703,0,8.875705124999703,2.200085246010939,2.87104040613295,3.0554622929272,0.09012741659344559,0.6589897633351668
Australia,2020,AUS,25670052,1232259776512,1585.126,1413.168,468.061,521.934,423.173,171.958,0,171.958,37.874,62.623,59.372,1.203,10.887,89.15177720887803,29.52831509924132,32.92697236686547,26.69648974277124,10.848222791121968,0,10.848222791121968,2.3893368729047406,3.950663858898283,3.745569752814603,0.07589302049174641,0.6868223724801688
Australia,2021,AUS,25921094,1296705126400,1589.075,1383.704,452.447,535.5,395.757,205.371,0,205.371,41.717,81.624,70.116,1.239,10.675,87.07606626496546,28.47235026666457,33.698849959882324,24.90486603841858,12.923933735034531,0,12.923933735034531,2.6252379528971255,5.136573163632931,4.41237827037742,0.07796988814247283,0.6717744599845823
Australia,2022,AUS,26177410,1344251494400,1661.016,1429.83,429.006,568.555,432.269,231.186,0,231.186,43.437,97.883,78.345,1.35,10.172,86.0816512303313,25.827927003713384,34.22935119228231,26.024373034335614,13.918348769668684,0,13.918348769668684,2.6150861882125156,5.892959489854402,4.7166914707624725,0.08127555664725686,0.6123962683080717
Austria,2015,AUT,8642422,358108266496,396.383,260.525,37.999,142.845,79.681,135.858,0,135.858,100.062,2.524,13.035,5.353,14.884,65.7255734983589,9.586435341576204,36.037115617975545,20.102022538807162,34.274426501641095,0,34.274426501641095,25.24376676093576,0.6367578831584604,3.288486135883729,1.3504615485527887,3.75495417311035
Austria,2016,AUT,8736491,365232717824,409.651,265.025,35.448,146.155,83.422,144.627,0,144.627,107.005,2.934,14.014,5.366,15.308,64.6953138159067,8.653219447773838,35.67793072639881,20.36416364173406,35.304930294323704,0,35.304930294323704,26.121015205626254,0.7162194160395068,3.4209607690448696,1.309895496410359,3.7368394072027162
Austria,2017,AUT,8797497,373481668608,417.569,273.692,36.565,146.429,90.699,143.877,0,143.877,101.911,3.377,17.489,5.352,15.748,65.5441376155797,8.756636627719011,35.067018863948235,21.72072160529158,34.4558623844203,0,34.4558623844203,24.405786828045184,0.8087286173063613,4.188289839523527,1.2817043410789593,3.7713527584662647
Austria,2018,AUT,8840518,382540021760,408.402,268.067,32.285,148.913,86.869,140.335,0,140.335,99.58,3.85,15.955,5.171,15.78,65.63802332016004,7.905201247790167,36.4623581667083,21.27046390566158,34.36197667983997,0,34.36197667983997,24.38283847777435,0.9426986155797474,3.906689977032434,1.2661544262760713,3.863840039960627
Austria,2019,AUT,8879939,388344676352,427.96,276.15,33.945,153.201,89.004,151.81,0,151.81,107.616,4.487,19.638,5.167,14.902,64.52705860360781,7.931816057575475,35.797971773062905,20.79727077296944,35.47294139639219,0,35.47294139639219,25.146275352836717,1.0484624731283299,4.588746611832882,1.2073558276474436,3.482101130946817
Austria,2020,AUT,8907780,363281088512,400.144,247.334,29.032,133.029,85.272,152.81,0,152.81,110.299,5.365,17.837,4.622,14.688,61.81124795073774,7.2553880602982925,33.24528169858851,21.310328281818546,38.18875204926226,0,38.18875204926226,27.564826662401536,1.3407673237634452,4.457645247710824,1.1550841696989083,3.670678555719941
Austria,2021,AUT,8922086,379835219968,406.033,260.531,30.162,140.215,90.154,145.502,0,145.502,101.4,7.281,17.637,4.847,14.338,64.16498166405194,7.42846024830494,34.53290742378082,22.20361399196617,35.835018335948064,0,35.835018335948064,24.97333960540153,1.7932040006600445,4.343735607696911,1.193745335970229,3.531240071619794
Austria,2022,AUT,8939617,398815395840,379.769,242.799,28.638,135.033,79.128,136.97,0,136.97,88.585,9.885,18.889,4.605,15.005,63.933338424147315,7.540899862811341,35.55661467892324,20.83582388241273,36.066661575852685,0,36.066661575852685,23.326021871190118,2.602898077515542,4.97381302844624,1.2125792257925214,3.951086054943927
Azerbaijan,2015,AZE,9863485,164036902912,171.826,167.101,0.035,55.601,111.466,4.725,0,4.725,4.41,0.012,0.012,NA,0.29,97.25012512658154,0.020369443506803395,32.358897954907874,64.87143971226706,2.749874873418458,0,2.749874873418458,2.566549881857228,0.006983809202332592,0.006983809202332592,NA,0.16877538905637096
Azerbaijan,2016,AZE,9976254,159010799616,170.192,164.513,0.014,55.193,109.306,5.679,0,5.679,5.245,0.094,0.061,NA,0.279,96.66318040800978,0.008226003572435837,32.429843940960794,64.22511046347654,3.336819591990223,0,3.336819591990223,3.0818134812447116,0.05523173827206919,0.03584187270847043,NA,0.16393249976497135
Azerbaijan,2017,AZE,10071569,159255674880,166.954,161.877,0.012,55.699,106.166,5.077,0,5.077,4.648,0.099,0.059,NA,0.272,96.95904261053944,0.007187608562837668,33.36188411179127,63.58997089018532,3.0409573894605697,0,3.0409573894605697,2.784000383339123,0.059297770643410755,0.03533907543395186,NA,0.1629191274243205
Azerbaijan,2018,AZE,10152524,161644511232,176.167,170.907,0.008,62.741,108.158,5.259,0,5.259,4.678,0.104,0.219,NA,0.259,97.01419675648675,0.004541145617510658,35.61450214852952,61.395153462339714,2.9852356003110687,0,2.9852356003110687,2.655434899839357,0.05903489302763854,0.12431386127935425,NA,0.14701958936690754
Azerbaijan,2019,AZE,10232761,165653299200,185.891,181.059,0.008,63.159,117.892,4.832,0,4.832,4.125,0.117,0.278,NA,0.313,97.40062724930202,0.004303597269367533,33.976362491998,63.419961160034646,2.59937275069799,0,2.59937275069799,2.219042342017634,0.06294011006450016,0.14955000511052177,NA,0.16837824316400474
Azerbaijan,2020,AZE,10284952,158697521152,184.929,181.424,0.005,57.751,123.668,3.505,0,3.505,2.809,0.123,0.252,NA,0.32,98.10467801156119,0.0027037403544062856,31.22874184146348,66.87323242974331,1.8953219884388064,0,1.8953219884388064,1.5189613311054513,0.06651201271839463,0.1362685138620768,NA,0.17303938268200228
Azerbaijan,2021,AZE,10312992,167584579584,197.549,193.515,0.002,65.339,128.174,4.034,0,4.034,3.342,0.144,0.239,NA,0.308,97.95797498342182,0.0010124070483778708,33.074832066980846,64.88213050939261,2.0420250165781653,0,2.0420250165781653,1.6917321778394219,0.07289330748320669,0.12098264228115554,NA,0.1559106854501921
Azerbaijan,2022,AZE,10358078,175370551296,210.286,205.422,0.001,69.259,136.162,4.864,0,4.864,4.16,0.159,0.217,NA,0.328,97.68695966445698,4.7554283214289113e-4,32.9356210113845,64.75086311024035,2.3130403355430222,0,2.3130403355430222,1.978258181714427,0.07561131031071969,0.10319279457500737,NA,0.1559780489428683
Bahamas,2015,BHS,392707,NA,11.819,NA,NA,NA,NA,NA,NA,NA,NA,NA,NA,NA,NA,NA,NA,NA,NA,NA,NA,NA,NA,NA,NA,NA,NA
Bahamas,2016,BHS,395986,NA,12.373,NA,NA,NA,NA,NA,NA,NA,NA,NA,NA,NA,NA,NA,NA,NA,NA,NA,NA,NA,NA,NA,NA,NA,NA
Bahamas,2017,BHS,399027,NA,14.755,NA,NA,NA,NA,NA,NA,NA,NA,NA,NA,NA,NA,NA,NA,NA,NA,NA,NA,NA,NA,NA,NA,NA,NA
Bahamas,2018,BHS,401911,NA,16.027,NA,NA,NA,NA,NA,NA,NA,NA,NA,NA,NA,NA,NA,NA,NA,NA,NA,NA,NA,NA,NA,NA,NA,NA
Bahamas,2019,BHS,404563,NA,16.035,NA,NA,NA,NA,NA,NA,NA,NA,NA,NA,NA,NA,NA,NA,NA,NA,NA,NA,NA,NA,NA,NA,NA,NA
Bahamas,2020,BHS,406478,NA,13.536,NA,NA,NA,NA,NA,NA,NA,NA,NA,NA,NA,NA,NA,NA,NA,NA,NA,NA,NA,NA,NA,NA,NA,NA
Bahamas,2021,BHS,407920,NA,14.46,NA,NA,NA,NA,NA,NA,NA,NA,NA,NA,NA,NA,NA,NA,NA,NA,NA,NA,NA,NA,NA,NA,NA,NA
Bahamas,2022,BHS,409989,NA,NA,NA,NA,NA,NA,NA,NA,NA,NA,NA,NA,NA,NA,NA,NA,NA,NA,NA,NA,NA,NA,NA,NA,NA,NA
Bahrain,2015,BHR,1362157,51134095360,203.605,NA,NA,NA,NA,NA,0,NA,NA,NA,NA,NA,NA,NA,NA,NA,NA,NA,0,NA,NA,NA,NA,NA,NA
Bahrain,2016,BHR,1409668,52953448448,203.153,NA,NA,NA,NA,NA,0,NA,NA,NA,NA,NA,NA,NA,NA,NA,NA,NA,0,NA,NA,NA,NA,NA,NA
Bahrain,2017,BHR,1456844,55226208256,209.008,NA,NA,NA,NA,NA,0,NA,NA,NA,NA,NA,NA,NA,NA,NA,NA,NA,0,NA,NA,NA,NA,NA,NA
Bahrain,2018,BHR,1487346,56391483392,211.637,NA,NA,NA,NA,NA,0,NA,NA,NA,NA,NA,NA,NA,NA,NA,NA,NA,0,NA,NA,NA,NA,NA,NA
Bahrain,2019,BHR,1494195,57613484032,232.196,NA,NA,NA,NA,NA,0,NA,NA,NA,NA,NA,NA,NA,NA,NA,NA,NA,0,NA,NA,NA,NA,NA,NA
Bahrain,2020,BHR,1477478,54937337856,230.628,NA,NA,NA,NA,NA,0,NA,NA,NA,NA,NA,NA,NA,NA,NA,NA,NA,0,NA,NA,NA,NA,NA,NA
Bahrain,2021,BHR,1463266,56404168704,235.749,NA,NA,NA,NA,NA,0,NA,NA,NA,NA,NA,NA,NA,NA,NA,NA,NA,0,NA,NA,NA,NA,NA,NA
Bahrain,2022,BHR,1472237,58769760256,NA,NA,NA,NA,NA,NA,0,NA,NA,NA,NA,NA,NA,NA,NA,NA,NA,NA,NA,NA,NA,NA,NA,NA,NA
Bangladesh,2015,BGD,157830000,552104755200,385.018,381.858,30.633,92.684,258.541,3.16,0,3.16,2.419,0.716,0.014,NA,0.011,99.1792591515202,7.956251396038628,24.072640759652796,67.15036699582878,0.8207408484798114,0,0.8207408484798114,0.6282823140736278,0.18596533149099523,0.003636193632505494,NA,0.0028570092826828873
Bangladesh,2016,BGD,159784576,589932658688,386.638,383.656,23.036,96.11,264.509,2.982,0,2.982,2.368,0.589,0.014,NA,0.012,99.22873592352536,5.958027922759792,24.85787739435855,68.41257196654236,0.7712640764746352,0,0.7712640764746352,0.6124591995613468,0.15233888029629783,0.0036209581055147194,NA,0.003103678376155474
Bangladesh,2017,BGD,161793968,630957801472,402.839,399.297,25.117,108.254,265.927,3.541,0,3.541,2.74,0.776,0.014,NA,0.012,99.12074054398904,6.234997108025787,26.87277051129608,66.01322116279705,0.8790112178810889,0,0.8790112178810889,0.680172475852636,0.19263278878162243,0.0034753338182251475,NA,0.0029788575584786974
Bangladesh,2018,BGD,163683952,678912393216,430.201,427.053,28.569,124.194,274.29,3.148,0,3.148,2.29,0.833,0.013,NA,0.012,99.26824902778003,6.640849277430781,28.868831081285258,63.758568669064,0.7317509722199623,0,0.7317509722199623,0.5323093158779268,0.19363041926913233,0.003021843277909628,NA,0.0027893937949935027
Bangladesh,2019,BGD,165516224,717214580736,482.462,479.281,48.065,121.873,309.344,3.181,0,3.181,2.17,0.986,0.013,NA,0.012,99.34067346236594,9.962442637969415,25.260642288926384,64.11779580568003,0.659326537634052,0,0.659326537634052,0.44977635544353756,0.20436842694346913,0.002694512728463589,NA,0.0024872425185817745
Bangladesh,2020,BGD,167420944,754358353920,457.292,454.221,52.347,102.721,299.153,3.071,0,3.071,1.84,1.205,0.013,NA,0.012,99.32843784715237,11.447171610262153,22.462890232061792,65.41837600482843,0.6715621528476335,0,0.6715621528476335,0.4023687272027502,0.2635077805865837,0.002842822529149865,NA,0.002624143873061414
Bangladesh,2021,BGD,169356240,807308361728,492.381,488.968,42.311,140.567,306.089,3.413,0,3.413,1.784,1.603,0.013,NA,0.012,99.30683759121494,8.593142302404033,28.548420836709788,62.165071357343194,0.6931624087850669,0,0.6931624087850669,0.3623210481314267,0.3255608969476889,0.002640231852975643,NA,0.00243713709505444
Bangladesh,2022,BGD,171186368,858143916032,517.975,513.671,55.397,171.402,286.872,4.304,0,4.304,2.021,2.258,0.013,NA,0.012,99.16907186640283,10.694917708383608,33.09078623485689,55.38336792316232,0.8309281335971813,0,0.8309281335971813,0.3901732709107582,0.4359283749215696,0.002509773637723828,NA,0.0023167141271296875
Barbados,2015,BRB,278095,3448058880,6.833,NA,NA,NA,NA,NA,NA,NA,NA,NA,NA,NA,NA,NA,NA,NA,NA,NA,NA,NA,NA,NA,NA,NA,NA
Barbados,2016,BRB,278660,3528285696,6.971,NA,NA,NA,NA,NA,NA,NA,NA,NA,NA,NA,NA,NA,NA,NA,NA,NA,NA,NA,NA,NA,NA,NA,NA
Barbados,2017,BRB,279199,3554020096,6.609,NA,NA,NA,NA,NA,NA,NA,NA,NA,NA,NA,NA,NA,NA,NA,NA,NA,NA,NA,NA,NA,NA,NA,NA
Barbados,2018,BRB,279702,3526291712,7.019,NA,NA,NA,NA,NA,NA,NA,NA,NA,NA,NA,NA,NA,NA,NA,NA,NA,NA,NA,NA,NA,NA,NA,NA
Barbados,2019,BRB,280193,3535586816,7.053,NA,NA,NA,NA,NA,NA,NA,NA,NA,NA,NA,NA,NA,NA,NA,NA,NA,NA,NA,NA,NA,NA,NA,NA
Barbados,2020,BRB,280704,3085224448,6.057,NA,NA,NA,NA,NA,NA,NA,NA,NA,NA,NA,NA,NA,NA,NA,NA,NA,NA,NA,NA,NA,NA,NA,NA
Barbados,2021,BRB,281204,3061071872,6.475,NA,NA,NA,NA,NA,NA,NA,NA,NA,NA,NA,NA,NA,NA,NA,NA,NA,NA,NA,NA,NA,NA,NA,NA
Barbados,2022,BRB,281646,3408005888,NA,NA,NA,NA,NA,NA,NA,NA,NA,NA,NA,NA,NA,NA,NA,NA,NA,NA,NA,NA,NA,NA,NA,NA,NA
Belarus,2015,BLR,9700609,173709819904,266.962,266.007,8.614,78.404,178.989,0.954,0,0.954,0.299,0.024,0.105,0.226,0.3,99.64227118466299,3.226676455825174,29.368973861448445,67.04662086738938,0.3573542301900645,0,0.3573542301900645,0.1120009589379762,0.008990043526794077,0.03933144042972408,0.08465624321064422,0.11237554408492594
Belarus,2016,BLR,9708111,169304539136,272.798,271.647,9.468,84.304,177.875,1.151,0,1.151,0.38,0.07,0.195,0.206,0.3,99.5780760856018,3.470699931817682,30.903452371351698,65.20392378243243,0.42192391439819943,0,0.42192391439819943,0.1392972089238191,0.025660012170177205,0.07148146247406506,0.07551375010080719,0.10997148072933086
Belarus,2017,BLR,9707874,173606584320,277.84,275.72,9.792,83.84,182.088,2.119,0,2.119,1.08,0.237,0.258,0.206,0.338,99.23697091851426,3.52433054995681,30.17564065649295,65.5369997120645,0.7626691621076881,0,0.7626691621076881,0.38871292830405996,0.08530089260005759,0.0928591995393032,0.07414339188021883,0.12165274978404839
Belarus,2018,BLR,9695573,179054346240,307.215,305.292,14.689,97.461,193.143,1.923,0,1.923,0.857,0.312,0.262,0.144,0.348,99.37405400126947,4.7813420568657135,31.724036912260146,62.86900053708315,0.6259459987305308,0,0.6259459987305308,0.27895773318360106,0.10155754113568675,0.08528229415881386,0.046872711293393876,0.1132757189590352
Belarus,2019,BLR,9673971,181643476992,308.79,306.44,15.468,99.327,191.645,2.35,0,2.35,0.925,0.472,0.438,0.164,0.351,99.23896499238964,5.009229573496551,32.166520936558825,62.063214482334274,0.76103500761035,0,0.76103500761035,0.29955633278279736,0.152854690890249,0.14184397163120566,0.053110528190679754,0.11366948411541823
Belarus,2020,BLR,9633745,180421001216,286.544,282.854,9.734,95.61,177.51,3.69,0.852,2.838,1.051,0.446,0.486,0,0.856,98.71223965603888,3.3970350103300015,33.36660338377352,61.948601261935345,1.287760343961137,0.29733653470322186,0.9904238092579151,0.3667848567759227,0.15564799821318892,0.16960745993634485,0,0.2987324808755375
Belarus,2021,BLR,9578172,184521981952,306.055,287.94,9.897,90.425,187.617,18.116,14.514,3.601,0.971,0.455,0.44,0,1.736,94.08112920880234,3.2337324990606264,29.54534315727565,61.30172681380797,5.919197529855745,4.742284883435984,1.1765859077616767,0.3172632369998856,0.1486660894283707,0.14376500955710575,0,0.567218310434399
Belarus,2022,BLR,9534956,175773810688,294.333,278.984,10.879,83.48,184.624,15.349,11.722,3.627,0.965,0.544,0.455,0,1.663,94.78515830708754,3.6961536762782283,28.36243302653797,62.7262318530372,5.214841692912449,3.982563966663608,1.2322777262488405,0.3278599409512355,0.18482467137561875,0.1545868115365929,0,0.5650063023853934
Belgium,2015,BEL,11248306,441551454208,657.449,545.301,38.741,348.062,158.499,112.148,67.454,44.693,0.857,8.231,15.011,3,17.594,82.94194682781479,5.892624370863748,52.94129278468749,24.108181775316414,17.058053172185218,10.259959327643665,6.797941741488693,0.13035231630134048,1.2519602280937383,2.2832189264870735,0.4563091585811219,2.6761011120254197
Belgium,2016,BEL,11316837,447144493056,709.505,551.702,36.819,352.991,161.892,157.803,111.805,45.998,0.991,8.287,14.508,5.053,17.159,77.75871910698304,5.189392604703279,49.7517283176299,22.817598184649864,22.241280893016963,15.75816942798148,6.483111465035482,0.13967484372907873,1.1679974066426595,2.0448058857936164,0.7121866653511956,2.418446663518932
Belgium,2017,BEL,11384491,454386384896,716.058,557.659,36.07,357.474,164.115,158.399,107.837,50.562,0.719,8.803,17.353,5.454,18.233,77.87902655930105,5.037301447648096,49.92249231207528,22.919232799577692,22.120973440698936,15.059813590519205,7.061159850179734,0.1004108605727469,1.2293696879303075,2.4234070424462826,0.7616701440386114,2.546302115191786
Belgium,2018,BEL,11448598,462533263360,714.225,587.782,35.873,383.168,168.741,126.443,72.603,53.84,0.773,10.327,20.039,5.402,17.298,82.29647520039204,5.022646924988623,53.64808008680738,23.62574818859603,17.703524799607965,10.165284049144176,7.53824075046379,0.10822919948195596,1.4459029017466485,2.8056984843711716,0.7563442892645875,2.421925863698414
Belgium,2019,BEL,11510569,472898011136,738.434,568.687,35.962,358.856,173.869,169.747,110.092,59.656,0.796,11.209,25.715,5.42,16.515,77.01256984375043,4.870035778417571,48.596895592564806,23.545638472768047,22.98743015624958,14.908847642443332,8.078717935523013,0.10779568654747751,1.5179420232546172,3.4823694466939497,0.733985704883578,2.236489652426622
Belgium,2020,BEL,11561716,447544098816,664.012,505.096,27.931,307.183,169.982,158.916,86.782,72.134,0.701,13.426,33.665,7.523,16.818,76.06729998855442,4.20639988433944,46.26166394583231,25.59923615838268,23.93270001144558,13.069342120323126,10.863357891122451,0.10557038125817003,2.0219514105166776,5.069938495087438,1.1329614525038705,2.5327855520683364
Belgium,2021,BEL,11611416,474995851264,738.345,541.509,30.891,341.012,169.606,196.836,126.367,70.47,1.094,14.701,31.394,8.307,14.974,73.34091786360035,4.183816508542754,46.185997060994524,22.97110429406307,26.659082136399654,17.11489886164327,9.544318712796862,0.14816921628777877,1.9910746331322078,4.251941842905416,1.1250838022875485,2.0280492181839116
Belgium,2022,BEL,11655923,489678405632,694.486,509.498,32.201,331.763,145.534,184.988,109.777,75.211,0.707,17.927,32.205,8.617,15.756,73.36332193881519,4.636666541874134,47.77101338255918,20.95564201438186,26.63667806118482,15.806942112583982,10.829735948600835,0.10180190817381488,2.581333533001385,4.637242507408357,1.2407737520986746,2.26872823930216
Belize,2015,BLZ,359884,NA,3.67,NA,NA,NA,NA,NA,NA,NA,NA,NA,NA,NA,NA,NA,NA,NA,NA,NA,NA,NA,NA,NA,NA,NA,NA
Belize,2016,BLZ,367327,NA,3.674,NA,NA,NA,NA,NA,NA,NA,NA,NA,NA,NA,NA,NA,NA,NA,NA,NA,NA,NA,NA,NA,NA,NA,NA
Belize,2017,BLZ,374702,NA,4.083,NA,NA,NA,NA,NA,NA,NA,NA,NA,NA,NA,NA,NA,NA,NA,NA,NA,NA,NA,NA,NA,NA,NA,NA
Belize,2018,BLZ,382076,NA,3.647,NA,NA,NA,NA,NA,NA,NA,NA,NA,NA,NA,NA,NA,NA,NA,NA,NA,NA,NA,NA,NA,NA,NA,NA
Belize,2019,BLZ,389103,NA,3.846,NA,NA,NA,NA,NA,NA,NA,NA,NA,NA,NA,NA,NA,NA,NA,NA,NA,NA,NA,NA,NA,NA,NA,NA
Belize,2020,BLZ,394931,NA,2.854,NA,NA,NA,NA,NA,NA,NA,NA,NA,NA,NA,NA,NA,NA,NA,NA,NA,NA,NA,NA,NA,NA,NA,NA
Belize,2021,BLZ,400037,NA,2.975,NA,NA,NA,NA,NA,NA,NA,NA,NA,NA,NA,NA,NA,NA,NA,NA,NA,NA,NA,NA,NA,NA,NA,NA
Belize,2022,BLZ,405285,NA,NA,NA,NA,NA,NA,NA,NA,NA,NA,NA,NA,NA,NA,NA,NA,NA,NA,NA,NA,NA,NA,NA,NA,NA,NA
Benin,2015,BEN,10932791,22279708672,22.778,NA,NA,NA,NA,NA,NA,NA,NA,NA,NA,NA,NA,NA,NA,NA,NA,NA,NA,NA,NA,NA,NA,NA,NA
Benin,2016,BEN,11260091,23134705664,27.779,NA,NA,NA,NA,NA,NA,NA,NA,NA,NA,NA,NA,NA,NA,NA,NA,NA,NA,NA,NA,NA,NA,NA,NA
Benin,2017,BEN,11596786,24568274944,29.458,NA,NA,NA,NA,NA,NA,NA,NA,NA,NA,NA,NA,NA,NA,NA,NA,NA,NA,NA,NA,NA,NA,NA,NA
Benin,2018,BEN,11940688,26346545152,32.679,NA,NA,NA,NA,NA,NA,NA,NA,NA,NA,NA,NA,NA,NA,NA,NA,NA,NA,NA,NA,NA,NA,NA,NA
Benin,2019,BEN,12290443,28155410432,29.696,NA,NA,NA,NA,NA,NA,NA,NA,NA,NA,NA,NA,NA,NA,NA,NA,NA,NA,NA,NA,NA,NA,NA,NA
Benin,2020,BEN,12643121,29239040000,31.843,NA,NA,NA,NA,NA,NA,NA,NA,NA,NA,NA,NA,NA,NA,NA,NA,NA,NA,NA,NA,NA,NA,NA,NA
Benin,2021,BEN,12996901,31331233792,32.295,NA,NA,NA,NA,NA,NA,NA,NA,NA,NA,NA,NA,NA,NA,NA,NA,NA,NA,NA,NA,NA,NA,NA,NA
Benin,2022,BEN,13352864,33290362880,NA,NA,NA,NA,NA,NA,NA,NA,NA,NA,NA,NA,NA,NA,NA,NA,NA,NA,NA,NA,NA,NA,NA,NA,NA
Bermuda,2015,BMU,63165,NA,2.49,NA,NA,NA,NA,NA,NA,NA,NA,NA,NA,NA,NA,NA,NA,NA,NA,NA,NA,NA,NA,NA,NA,NA,NA
Bermuda,2016,BMU,63090,NA,3.17,NA,NA,NA,NA,NA,NA,NA,NA,NA,NA,NA,NA,NA,NA,NA,NA,NA,NA,NA,NA,NA,NA,NA,NA
Bermuda,2017,BMU,63295,NA,3.126,NA,NA,NA,NA,NA,NA,NA,NA,NA,NA,NA,NA,NA,NA,NA,NA,NA,NA,NA,NA,NA,NA,NA,NA
Bermuda,2018,BMU,63591,NA,3.234,NA,NA,NA,NA,NA,NA,NA,NA,NA,NA,NA,NA,NA,NA,NA,NA,NA,NA,NA,NA,NA,NA,NA,NA
Bermuda,2019,BMU,63833,NA,3.232,NA,NA,NA,NA,NA,NA,NA,NA,NA,NA,NA,NA,NA,NA,NA,NA,NA,NA,NA,NA,NA,NA,NA,NA
Bermuda,2020,BMU,64051,NA,2.957,NA,NA,NA,NA,NA,NA,NA,NA,NA,NA,NA,NA,NA,NA,NA,NA,NA,NA,NA,NA,NA,NA,NA,NA
Bermuda,2021,BMU,64213,NA,2.985,NA,NA,NA,NA,NA,NA,NA,NA,NA,NA,NA,NA,NA,NA,NA,NA,NA,NA,NA,NA,NA,NA,NA,NA
Bermuda,2022,BMU,64207,NA,NA,NA,NA,NA,NA,NA,NA,NA,NA,NA,NA,NA,NA,NA,NA,NA,NA,NA,NA,NA,NA,NA,NA,NA,NA
Bhutan,2015,BTN,743284,NA,17.99,NA,NA,NA,NA,NA,NA,NA,NA,NA,NA,NA,NA,NA,NA,NA,NA,NA,NA,NA,NA,NA,NA,NA,NA
Bhutan,2016,BTN,749764,NA,18.514,NA,NA,NA,NA,NA,NA,NA,NA,NA,NA,NA,NA,NA,NA,NA,NA,NA,NA,NA,NA,NA,NA,NA,NA
Bhutan,2017,BTN,756130,NA,18.395,NA,NA,NA,NA,NA,NA,NA,NA,NA,NA,NA,NA,NA,NA,NA,NA,NA,NA,NA,NA,NA,NA,NA,NA
Bhutan,2018,BTN,762104,NA,17.634,NA,NA,NA,NA,NA,NA,NA,NA,NA,NA,NA,NA,NA,NA,NA,NA,NA,NA,NA,NA,NA,NA,NA,NA
Bhutan,2019,BTN,767467,NA,20.915,NA,NA,NA,NA,NA,NA,NA,NA,NA,NA,NA,NA,NA,NA,NA,NA,NA,NA,NA,NA,NA,NA,NA,NA
Bhutan,2020,BTN,772512,NA,20.543,NA,NA,NA,NA,NA,NA,NA,NA,NA,NA,NA,NA,NA,NA,NA,NA,NA,NA,NA,NA,NA,NA,NA,NA
Bhutan,2021,BTN,777500,NA,21.603,NA,NA,NA,NA,NA,NA,NA,NA,NA,NA,NA,NA,NA,NA,NA,NA,NA,NA,NA,NA,NA,NA,NA,NA
Bhutan,2022,BTN,782457,NA,NA,NA,NA,NA,NA,NA,NA,NA,NA,NA,NA,NA,NA,NA,NA,NA,NA,NA,NA,NA,NA,NA,NA,NA,NA
Bolivia,2015,BOL,11090090,67582197760,88.928,NA,NA,NA,NA,NA,0,NA,NA,NA,NA,NA,NA,NA,NA,NA,NA,NA,0,NA,NA,NA,NA,NA,NA
Bolivia,2016,BOL,11263016,70463897600,92.096,NA,NA,NA,NA,NA,0,NA,NA,NA,NA,NA,NA,NA,NA,NA,NA,NA,0,NA,NA,NA,NA,NA,NA
Bolivia,2017,BOL,11435535,73419857920,90.779,NA,NA,NA,NA,NA,0,NA,NA,NA,NA,NA,NA,NA,NA,NA,NA,NA,0,NA,NA,NA,NA,NA,NA
Bolivia,2018,BOL,11606906,76521119744,93.881,NA,NA,NA,NA,NA,0,NA,NA,NA,NA,NA,NA,NA,NA,NA,NA,NA,0,NA,NA,NA,NA,NA,NA
Bolivia,2019,BOL,11777318,78217584640,93.078,NA,NA,NA,NA,NA,0,NA,NA,NA,NA,NA,NA,NA,NA,NA,NA,NA,0,NA,NA,NA,NA,NA,NA
Bolivia,2020,BOL,11936169,71382933504,78.069,NA,NA,NA,NA,NA,0,NA,NA,NA,NA,NA,NA,NA,NA,NA,NA,NA,0,NA,NA,NA,NA,NA,NA
Bolivia,2021,BOL,12079474,75741585408,85.307,NA,NA,NA,NA,NA,0,NA,NA,NA,NA,NA,NA,NA,NA,NA,NA,NA,0,NA,NA,NA,NA,NA,NA
Bolivia,2022,BOL,12224114,78165311488,NA,NA,NA,NA,NA,NA,0,NA,NA,NA,NA,NA,NA,NA,NA,NA,NA,NA,NA,NA,NA,NA,NA,NA,NA
Bosnia and Herzegovina,2015,BIH,3524328,38199898112,71.015,NA,NA,NA,NA,NA,NA,NA,NA,NA,NA,NA,NA,NA,NA,NA,NA,NA,NA,NA,NA,NA,NA,NA,NA
Bosnia and Herzegovina,2016,BIH,3480985,39438503936,72.588,NA,NA,NA,NA,NA,NA,NA,NA,NA,NA,NA,NA,NA,NA,NA,NA,NA,NA,NA,NA,NA,NA,NA,NA
Bosnia and Herzegovina,2017,BIH,3440025,40717914112,72.034,NA,NA,NA,NA,NA,NA,NA,NA,NA,NA,NA,NA,NA,NA,NA,NA,NA,NA,NA,NA,NA,NA,NA,NA
Bosnia and Herzegovina,2018,BIH,3400132,42277007360,73.247,NA,NA,NA,NA,NA,NA,NA,NA,NA,NA,NA,NA,NA,NA,NA,NA,NA,NA,NA,NA,NA,NA,NA,NA
Bosnia and Herzegovina,2019,BIH,3360718,43497123840,69.548,NA,NA,NA,NA,NA,NA,NA,NA,NA,NA,NA,NA,NA,NA,NA,NA,NA,NA,NA,NA,NA,NA,NA,NA
Bosnia and Herzegovina,2020,BIH,3318410,42185625600,64.592,NA,NA,NA,NA,NA,NA,NA,NA,NA,NA,NA,NA,NA,NA,NA,NA,NA,NA,NA,NA,NA,NA,NA,NA
Bosnia and Herzegovina,2021,BIH,3270948,45303799808,75.276,NA,NA,NA,NA,NA,NA,NA,NA,NA,NA,NA,NA,NA,NA,NA,NA,NA,NA,NA,NA,NA,NA,NA,NA
Bosnia and Herzegovina,2022,BIH,3233530,47069138944,NA,NA,NA,NA,NA,NA,NA,NA,NA,NA,NA,NA,NA,NA,NA,NA,NA,NA,NA,NA,NA,NA,NA,NA,NA
Botswana,2015,BWA,2305177,30185275392,23.448,NA,NA,NA,NA,NA,NA,NA,NA,NA,NA,NA,NA,NA,NA,NA,NA,NA,NA,NA,NA,NA,NA,NA,NA
Botswana,2016,BWA,2352419,32359221248,25.793,NA,NA,NA,NA,NA,NA,NA,NA,NA,NA,NA,NA,NA,NA,NA,NA,NA,NA,NA,NA,NA,NA,NA,NA
Botswana,2017,BWA,2401848,33690155008,23.73,NA,NA,NA,NA,NA,NA,NA,NA,NA,NA,NA,NA,NA,NA,NA,NA,NA,NA,NA,NA,NA,NA,NA,NA
Botswana,2018,BWA,2451411,35101765632,23.527,NA,NA,NA,NA,NA,NA,NA,NA,NA,NA,NA,NA,NA,NA,NA,NA,NA,NA,NA,NA,NA,NA,NA,NA
Botswana,2019,BWA,2499705,36166406144,23.667,NA,NA,NA,NA,NA,NA,NA,NA,NA,NA,NA,NA,NA,NA,NA,NA,NA,NA,NA,NA,NA,NA,NA,NA
Botswana,2020,BWA,2546404,33010528256,22.518,NA,NA,NA,NA,NA,NA,NA,NA,NA,NA,NA,NA,NA,NA,NA,NA,NA,NA,NA,NA,NA,NA,NA,NA
Botswana,2021,BWA,2588424,36918972416,24.293,NA,NA,NA,NA,NA,NA,NA,NA,NA,NA,NA,NA,NA,NA,NA,NA,NA,NA,NA,NA,NA,NA,NA,NA
Botswana,2022,BWA,2630300,39293968384,NA,NA,NA,NA,NA,NA,NA,NA,NA,NA,NA,NA,NA,NA,NA,NA,NA,NA,NA,NA,NA,NA,NA,NA,NA
Brazil,2015,BRA,205188208,3021043138560,3516.957,2070.909,204.981,1436.562,429.365,1446.048,38.075,1407.973,968.777,0.159,58.237,221.571,159.228,58.88354620201498,5.8283624167142225,40.84673199018356,12.208423361445705,41.11645379798502,1.0826120421716843,40.033841755813334,27.5458869699004,0.004520953767703159,1.6558917268536408,6.30007702681608,4.527436644804017
Brazil,2016,BRA,206859584,2922076176384,3432.165,1916.32,185.15,1360.291,370.879,1515.846,40.754,1475.092,1019.713,0.228,89.651,201.629,163.871,55.834145502911426,5.394554166247835,39.63361318584625,10.805978150817342,44.165883633216936,1.1874137752701284,42.97846985794681,29.710488860529722,0.006643037266564982,2.6120830437930573,5.874688425527327,4.774566490830132
Brazil,2017,BRA,208504960,2960731668480,3462.993,1945.812,195.275,1374.216,376.32,1517.182,40.194,1476.988,987.09,2.214,112.768,206.01,168.906,56.18873615973234,5.638908308506544,39.68289857935029,10.866900395120636,43.81129271702253,1.1606722855056306,42.6506204315169,28.503955971034305,0.06393313529654839,3.2563738939120004,5.948900272105661,4.877457159168384
Brazil,2018,BRA,210166592,3013541101568,3475.968,1857.108,190.978,1307.221,358.908,1618.86,39.793,1579.067,1029.111,9.158,128.252,238.946,173.599,53.427074127264696,5.49423930254824,37.607394544483725,10.325411511268229,46.572925872735304,1.1448034044041833,45.428122468331125,29.60645782699956,0.263466176903815,3.689677235233466,6.874228991751363,4.994263468478421
Brazil,2019,BRA,211782880,3050327244800,3532.95,1838.441,179.512,1301.595,357.333,1694.51,40.797,1653.713,1048.793,17.541,147.577,264.483,175.319,52.03699457960062,5.081079551083373,36.84159130471703,10.114295418842612,47.96303372535699,1.1547573557508597,46.80827636960614,29.686041410152985,0.496497261495351,4.177160729701807,7.486180104445294,4.962396863810696
Brazil,2020,BRA,213196304,2950377504768,3394.368,1706.122,163.133,1228.752,314.237,1688.246,35.415,1652.831,1041.012,28.228,149.832,246.243,187.516,50.263318532345345,4.805990393498878,36.19972849143051,9.257599647415955,49.736681467654655,1.043345918886815,48.69333554876784,30.668801968437126,0.8316128363218132,4.414135414899032,7.254457972736014,5.524327356373853
Brazil,2021,BRA,214326224,3097565331456,3570.67,1930.015,197.908,1327.642,404.465,1640.655,36.923,1603.732,949.379,43.835,189.149,243.486,177.883,54.051900623692475,5.542601248505182,37.181873429916514,11.327425945270775,45.948099376307525,1.0340636351160988,44.91403574119143,26.588259346285152,1.2276407508954903,5.2972971459137925,6.819056367572472,4.981782130524524
Brazil,2022,BRA,215313504,3187413090304,3732.201,1873.238,162.662,1390.7,319.876,1858.963,36.424,1822.539,1113.543,78.544,212.824,241.951,175.677,50.191241039804666,4.358339757156702,37.26219461384851,8.570706668799456,49.808758960195334,0.9759388628854662,48.83282009730987,29.83609403673596,2.1044954438413153,5.702372407059534,6.482796612508275,4.707061597164783
British Virgin Islands,2015,VGB,29394,NA,0.747,NA,NA,NA,NA,NA,NA,NA,NA,NA,NA,NA,NA,NA,NA,NA,NA,NA,NA,NA,NA,NA,NA,NA,NA
British Virgin Islands,2016,VGB,29763,NA,0.757,NA,NA,NA,NA,NA,NA,NA,NA,NA,NA,NA,NA,NA,NA,NA,NA,NA,NA,NA,NA,NA,NA,NA,NA
British Virgin Islands,2017,VGB,30084,NA,0.711,NA,NA,NA,NA,NA,NA,NA,NA,NA,NA,NA,NA,NA,NA,NA,NA,NA,NA,NA,NA,NA,NA,NA,NA
British Virgin Islands,2018,VGB,30359,NA,0.883,NA,NA,NA,NA,NA,NA,NA,NA,NA,NA,NA,NA,NA,NA,NA,NA,NA,NA,NA,NA,NA,NA,NA,NA
British Virgin Islands,2019,VGB,30631,NA,0.705,NA,NA,NA,NA,NA,NA,NA,NA,NA,NA,NA,NA,NA,NA,NA,NA,NA,NA,NA,NA,NA,NA,NA,NA
British Virgin Islands,2020,VGB,30934,NA,0.595,NA,NA,NA,NA,NA,NA,NA,NA,NA,NA,NA,NA,NA,NA,NA,NA,NA,NA,NA,NA,NA,NA,NA,NA
British Virgin Islands,2021,VGB,31145,NA,0.633,NA,NA,NA,NA,NA,NA,NA,NA,NA,NA,NA,NA,NA,NA,NA,NA,NA,NA,NA,NA,NA,NA,NA,NA
British Virgin Islands,2022,VGB,31332,NA,NA,NA,NA,NA,NA,NA,NA,NA,NA,NA,NA,NA,NA,NA,NA,NA,NA,NA,NA,NA,NA,NA,NA,NA,NA
Brunei,2015,BRN,421449,NA,48.96,NA,NA,NA,NA,NA,0,NA,NA,NA,NA,NA,NA,NA,NA,NA,NA,NA,0,NA,NA,NA,NA,NA,NA
Brunei,2016,BRN,426001,NA,51.142,NA,NA,NA,NA,NA,0,NA,NA,NA,NA,NA,NA,NA,NA,NA,NA,NA,0,NA,NA,NA,NA,NA,NA
Brunei,2017,BRN,430290,NA,51.35,NA,NA,NA,NA,NA,0,NA,NA,NA,NA,NA,NA,NA,NA,NA,NA,NA,0,NA,NA,NA,NA,NA,NA
Brunei,2018,BRN,434283,NA,53.408,NA,NA,NA,NA,NA,0,NA,NA,NA,NA,NA,NA,NA,NA,NA,NA,NA,0,NA,NA,NA,NA,NA,NA
Brunei,2019,BRN,438058,NA,52.705,NA,NA,NA,NA,NA,0,NA,NA,NA,NA,NA,NA,NA,NA,NA,NA,NA,0,NA,NA,NA,NA,NA,NA
Brunei,2020,BRN,441736,NA,55.351,NA,NA,NA,NA,NA,0,NA,NA,NA,NA,NA,NA,NA,NA,NA,NA,NA,0,NA,NA,NA,NA,NA,NA
Brunei,2021,BRN,445382,NA,45.994,NA,NA,NA,NA,NA,0,NA,NA,NA,NA,NA,NA,NA,NA,NA,NA,NA,0,NA,NA,NA,NA,NA,NA
Brunei,2022,BRN,449002,NA,NA,NA,NA,NA,NA,NA,0,NA,NA,NA,NA,NA,NA,NA,NA,NA,NA,NA,NA,NA,NA,NA,NA,NA,NA
Bulgaria,2015,BGR,7309255,114498609152,224.68,159.541,76.237,53.301,30.003,65.139,39.752,25.387,15.228,3.721,3.909,1.667,0.862,71.00810040947124,33.93136905821613,23.723072814669752,13.353658536585368,28.991899590528746,17.692718533024745,11.299181057504006,6.777639309239808,1.6561331671710877,1.7398077265444185,0.7419440982730995,0.3836567562755919
Bulgaria,2016,BGR,7245982,117979078656,213.117,151.685,66.225,54.21,31.25,61.432,40.527,20.905,10.386,3.716,3.815,1.86,1.129,71.17451916083654,31.074480215093114,25.43673193597883,14.663307009764589,28.825480839163465,19.016314981911346,9.80916585725212,4.873379411309281,1.7436431631451272,1.7900965197520613,0.8727600332211884,0.5297559556487751
Bulgaria,2017,BGR,7182430,121237946368,218.174,160.054,71,56.917,32.137,58.12,39.7,18.421,7.526,3.734,4.003,1.894,1.264,73.3607120921833,32.54283278484146,26.087893149504527,14.729986157837322,26.639287907816694,18.196485374059236,8.443260883514993,3.4495402751931943,1.7114779946281407,1.834774079404512,0.8681144407674608,0.5793540935216844
Bulgaria,2018,BGR,7117424,124492857344,218.814,150.328,63.444,56.656,30.229,68.486,40.939,27.547,13.616,3.553,3.487,1.869,5.021,68.70127139945342,28.994488469659164,25.89231036405349,13.814929574890089,31.29872860054659,18.709497564141234,12.58923103640535,6.222636577184275,1.6237535075452212,1.5935909036898919,0.8541501000850037,2.294642938751634
Bulgaria,2019,BGR,7052536,129520074752,211.551,146.883,59.158,59.417,28.309,64.668,41.876,22.792,7.722,3.736,3.472,2.05,5.812,69.43148460654879,27.963942500862675,28.08637160779198,13.38164319714868,30.56851539345123,19.79475398367297,10.773761409778258,3.6501836436603945,1.7660044150110379,1.641211811808973,0.969033471834215,2.7473280674636382
Bulgaria,2020,BGR,6979181,124392792064,195.374,130.932,48.342,53.383,29.206,64.442,41.9,22.542,7.407,3.857,3.879,1.973,5.425,67.01608197610736,24.74331282565746,27.323492378719788,14.948764932897928,32.983918023892635,21.44604706869901,11.537870955193629,3.7911902300203715,1.9741623757511237,1.985422830059271,1.0098580159079509,2.7767256646227234
Bulgaria,2021,BGR,6885864,133889810432,221.896,150.064,60.966,56.078,33.02,71.831,41.398,30.434,12.61,3.838,3.751,1.97,8.264,67.6280780185312,27.475033348956266,25.272199588996653,14.880845080578291,32.371471319897616,18.656487723978803,13.715434257489997,5.682842412661788,1.7296391102137938,1.690431553520568,0.8878032952374085,3.7242672242852506
Bulgaria,2022,BGR,6781955,138390159360,229.475,159.683,72.707,59.941,27.035,69.792,41.185,28.607,9.916,5.459,3.908,2.162,7.162,69.58622943675782,31.68406144460181,26.120928205686894,11.781239786469115,30.41377056324219,17.947488833206233,12.46628173003595,4.321167883211679,2.3789083778189344,1.7030177579257,0.9421505610632966,3.121037150016342
Burkina Faso,2015,BFA,18718022,26361083904,15.649,NA,NA,NA,NA,NA,NA,NA,NA,NA,NA,NA,NA,NA,NA,NA,NA,NA,NA,NA,NA,NA,NA,NA,NA
Burkina Faso,2016,BFA,19275504,27931682816,15.036,NA,NA,NA,NA,NA,NA,NA,NA,NA,NA,NA,NA,NA,NA,NA,NA,NA,NA,NA,NA,NA,NA,NA,NA
Burkina Faso,2017,BFA,19835860,29664280576,17.427,NA,NA,NA,NA,NA,NA,NA,NA,NA,NA,NA,NA,NA,NA,NA,NA,NA,NA,NA,NA,NA,NA,NA,NA
Burkina Faso,2018,BFA,20392730,31623014400,19.381,NA,NA,NA,NA,NA,NA,NA,NA,NA,NA,NA,NA,NA,NA,NA,NA,NA,NA,NA,NA,NA,NA,NA,NA
Burkina Faso,2019,BFA,20951638,33422049280,19.84,NA,NA,NA,NA,NA,NA,NA,NA,NA,NA,NA,NA,NA,NA,NA,NA,NA,NA,NA,NA,NA,NA,NA,NA
Burkina Faso,2020,BFA,21522632,34067429376,18.918,NA,NA,NA,NA,NA,NA,NA,NA,NA,NA,NA,NA,NA,NA,NA,NA,NA,NA,NA,NA,NA,NA,NA,NA
Burkina Faso,2021,BFA,22100690,36419784704,19.995,NA,NA,NA,NA,NA,NA,NA,NA,NA,NA,NA,NA,NA,NA,NA,NA,NA,NA,NA,NA,NA,NA,NA,NA
Burkina Faso,2022,BFA,22673764,37320441856,NA,NA,NA,NA,NA,NA,NA,NA,NA,NA,NA,NA,NA,NA,NA,NA,NA,NA,NA,NA,NA,NA,NA,NA,NA
Burundi,2015,BDI,10727153,7340438016,2.078,NA,NA,NA,NA,NA,NA,NA,NA,NA,NA,NA,NA,NA,NA,NA,NA,NA,NA,NA,NA,NA,NA,NA,NA
Burundi,2016,BDI,10903329,7554392064,2.273,NA,NA,NA,NA,NA,NA,NA,NA,NA,NA,NA,NA,NA,NA,NA,NA,NA,NA,NA,NA,NA,NA,NA,NA
Burundi,2017,BDI,11155592,7833860608,2.754,NA,NA,NA,NA,NA,NA,NA,NA,NA,NA,NA,NA,NA,NA,NA,NA,NA,NA,NA,NA,NA,NA,NA,NA
Burundi,2018,BDI,11493476,8207327744,3.342,NA,NA,NA,NA,NA,NA,NA,NA,NA,NA,NA,NA,NA,NA,NA,NA,NA,NA,NA,NA,NA,NA,NA,NA
Burundi,2019,BDI,11874838,8573379584,3.673,NA,NA,NA,NA,NA,NA,NA,NA,NA,NA,NA,NA,NA,NA,NA,NA,NA,NA,NA,NA,NA,NA,NA,NA
Burundi,2020,BDI,12220229,8635657216,3.532,NA,NA,NA,NA,NA,NA,NA,NA,NA,NA,NA,NA,NA,NA,NA,NA,NA,NA,NA,NA,NA,NA,NA,NA
Burundi,2021,BDI,12551215,8956207104,3.689,NA,NA,NA,NA,NA,NA,NA,NA,NA,NA,NA,NA,NA,NA,NA,NA,NA,NA,NA,NA,NA,NA,NA,NA
Burundi,2022,BDI,12889583,9177076736,NA,NA,NA,NA,NA,NA,NA,NA,NA,NA,NA,NA,NA,NA,NA,NA,NA,NA,NA,NA,NA,NA,NA,NA,NA
Cambodia,2015,KHM,15417527,47229403136,35.449,NA,NA,NA,NA,NA,NA,NA,NA,NA,NA,NA,NA,NA,NA,NA,NA,NA,NA,NA,NA,NA,NA,NA,NA
Cambodia,2016,KHM,15624586,50470756352,44.198,NA,NA,NA,NA,NA,NA,NA,NA,NA,NA,NA,NA,NA,NA,NA,NA,NA,NA,NA,NA,NA,NA,NA,NA
Cambodia,2017,KHM,15830694,54002196480,46.705,NA,NA,NA,NA,NA,NA,NA,NA,NA,NA,NA,NA,NA,NA,NA,NA,NA,NA,NA,NA,NA,NA,NA,NA
Cambodia,2018,KHM,16025242,58035617792,58.892,NA,NA,NA,NA,NA,NA,NA,NA,NA,NA,NA,NA,NA,NA,NA,NA,NA,NA,NA,NA,NA,NA,NA,NA
Cambodia,2019,KHM,16207746,62129455104,65.957,NA,NA,NA,NA,NA,NA,NA,NA,NA,NA,NA,NA,NA,NA,NA,NA,NA,NA,NA,NA,NA,NA,NA,NA
Cambodia,2020,KHM,16396864,60205932544,64.253,NA,NA,NA,NA,NA,NA,NA,NA,NA,NA,NA,NA,NA,NA,NA,NA,NA,NA,NA,NA,NA,NA,NA,NA
Cambodia,2021,KHM,16589031,62027759616,66.938,NA,NA,NA,NA,NA,NA,NA,NA,NA,NA,NA,NA,NA,NA,NA,NA,NA,NA,NA,NA,NA,NA,NA,NA
Cambodia,2022,KHM,16767851,65136594944,NA,NA,NA,NA,NA,NA,NA,NA,NA,NA,NA,NA,NA,NA,NA,NA,NA,NA,NA,NA,NA,NA,NA,NA,NA
Cameroon,2015,CMR,23012650,65981644800,43.457,NA,NA,NA,NA,NA,NA,NA,NA,NA,NA,NA,NA,NA,NA,NA,NA,NA,NA,NA,NA,NA,NA,NA,NA
Cameroon,2016,CMR,23711626,68936966144,42.343,NA,NA,NA,NA,NA,NA,NA,NA,NA,NA,NA,NA,NA,NA,NA,NA,NA,NA,NA,NA,NA,NA,NA,NA
Cameroon,2017,CMR,24393182,71378026496,43.016,NA,NA,NA,NA,NA,NA,NA,NA,NA,NA,NA,NA,NA,NA,NA,NA,NA,NA,NA,NA,NA,NA,NA,NA
Cameroon,2018,CMR,25076752,74248839168,43.803,NA,NA,NA,NA,NA,NA,NA,NA,NA,NA,NA,NA,NA,NA,NA,NA,NA,NA,NA,NA,NA,NA,NA,NA
Cameroon,2019,CMR,25782342,76789637120,44.352,NA,NA,NA,NA,NA,NA,NA,NA,NA,NA,NA,NA,NA,NA,NA,NA,NA,NA,NA,NA,NA,NA,NA,NA
Cameroon,2020,CMR,26491090,77203537920,46.575,NA,NA,NA,NA,NA,NA,NA,NA,NA,NA,NA,NA,NA,NA,NA,NA,NA,NA,NA,NA,NA,NA,NA,NA
Cameroon,2021,CMR,27198632,80020684800,43.344,NA,NA,NA,NA,NA,NA,NA,NA,NA,NA,NA,NA,NA,NA,NA,NA,NA,NA,NA,NA,NA,NA,NA,NA
Cameroon,2022,CMR,27914542,82727796736,NA,NA,NA,NA,NA,NA,NA,NA,NA,NA,NA,NA,NA,NA,NA,NA,NA,NA,NA,NA,NA,NA,NA,NA,NA
Canada,2015,CAN,35732120,1568025739264,4019.313,2595.714,214.41,1277.979,1103.324,1423.599,261.261,1162.338,1029.236,7.796,72.62,20.805,31.881,64.58103660998782,5.334493730645013,31.795956174599986,27.450561824869073,35.41896339001217,6.500140695686055,28.918822694326117,25.607261738511035,0.19396349575163715,1.8067764316936752,0.5176257733597757,0.793195255009998
Canada,2016,CAN,36113532,1583728033792,3983.994,2543.507,213.621,1273.506,1056.379,1440.487,258.746,1181.741,1031.817,10.795,82.809,20.059,36.262,63.84314333806728,5.361980966838805,31.96556018909667,26.51557708169239,36.15685666193272,6.494638295137994,29.66221836679473,25.89906008894592,0.2709592434125152,2.0785422869612753,0.5034897140909349,0.9101921338234947
Canada,2017,CAN,36554344,1631871434752,4038.178,2578.561,221.605,1260.565,1096.391,1459.618,256.895,1202.723,1050.112,9.511,83.867,23.655,35.578,63.85456510337089,5.4877471968793845,31.216182149474342,27.150635757017156,36.14545966027253,6.361656172660046,29.78380348761248,26.004599103853277,0.23552701242986318,2.076852481490415,0.5857839847574823,0.8810409050814502
Canada,2018,CAN,37035260,1677189185536,4090.168,2658.55,180.959,1300.689,1176.902,1431.618,253.962,1177.656,1020.97,10.046,88.556,24.433,33.651,64.99855262668918,4.424243698547346,31.80038081565354,28.77392811248829,35.001447373310825,6.209084810208284,28.792362563102543,24.961566370867896,0.24561338311775943,2.1650944411085313,0.5973593260716918,0.8227290419366639
Canada,2019,CAN,37522584,1708858146816,4067.85,2652.247,169.154,1296.55,1186.542,1415.603,254.196,1161.407,1006.336,10.754,86.659,24.755,32.903,65.200216330494,4.158314588787689,31.873102498863037,29.168774659832586,34.799783669506006,6.248902983148346,28.550880686357655,24.738768636994973,0.26436569686689526,2.130339122632349,0.6085524294160306,0.8088548004474108
Canada,2020,CAN,37888704,1622144450560,3821.683,2400.681,146.178,1101.598,1152.905,1421.002,245.749,1175.253,1015.178,11.242,93.928,22.951,31.955,62.81737653279982,3.8249640276286647,28.82494440276705,30.1674681024041,37.18262346720018,6.430386821722261,30.75223664547792,26.563637015419644,0.29416359232306816,2.457765335324777,0.6005469318098858,0.8361499370826937
Canada,2021,CAN,38155012,1703443300352,3866.976,2464.905,131.237,1147.385,1186.283,1402.071,230.97,1171.102,1000.694,15.816,97.594,24.504,32.493,63.742443707951644,3.393788841720248,29.671376289896806,30.677278576334576,36.257556292048356,5.9728842382264595,30.284697913822068,25.877947005618857,0.40900176261761134,2.523780856152197,0.6336734440555101,0.8402689853777215
Canada,2022,CAN,38454328,1761295597568,3971.974,2541.371,106.977,1196.26,1238.135,1430.602,216.737,1213.865,1036.923,18.381,100.052,29.385,29.123,63.9825688687791,2.693295575449386,30.117518392617875,31.171780077110274,36.017405954822465,5.456657067745156,30.560748887077306,26.105986595078416,0.4627673796454861,2.5189490162825843,0.739808468031261,0.7332122516411235
Cape Verde,2015,CPV,552169,3421235968,3.818,NA,NA,NA,NA,NA,NA,NA,NA,NA,NA,NA,NA,NA,NA,NA,NA,NA,NA,NA,NA,NA,NA,NA,NA
Cape Verde,2016,CPV,558399,3573126912,3.988,NA,NA,NA,NA,NA,NA,NA,NA,NA,NA,NA,NA,NA,NA,NA,NA,NA,NA,NA,NA,NA,NA,NA,NA
Cape Verde,2017,CPV,564959,3751791616,4.231,NA,NA,NA,NA,NA,NA,NA,NA,NA,NA,NA,NA,NA,NA,NA,NA,NA,NA,NA,NA,NA,NA,NA,NA
Cape Verde,2018,CPV,571209,3892648448,4.282,NA,NA,NA,NA,NA,NA,NA,NA,NA,NA,NA,NA,NA,NA,NA,NA,NA,NA,NA,NA,NA,NA,NA,NA
Cape Verde,2019,CPV,577037,4189894400,4.261,NA,NA,NA,NA,NA,NA,NA,NA,NA,NA,NA,NA,NA,NA,NA,NA,NA,NA,NA,NA,NA,NA,NA,NA
Cape Verde,2020,CPV,582646,3381126400,4.049,NA,NA,NA,NA,NA,NA,NA,NA,NA,NA,NA,NA,NA,NA,NA,NA,NA,NA,NA,NA,NA,NA,NA,NA
Cape Verde,2021,CPV,587936,3611420928,4.262,NA,NA,NA,NA,NA,NA,NA,NA,NA,NA,NA,NA,NA,NA,NA,NA,NA,NA,NA,NA,NA,NA,NA,NA
Cape Verde,2022,CPV,593162,4251154688,NA,NA,NA,NA,NA,NA,NA,NA,NA,NA,NA,NA,NA,NA,NA,NA,NA,NA,NA,NA,NA,NA,NA,NA,NA
Cayman Islands,2015,CYM,60935,NA,2.582,NA,NA,NA,NA,NA,NA,NA,NA,NA,NA,NA,NA,NA,NA,NA,NA,NA,NA,NA,NA,NA,NA,NA,NA
Cayman Islands,2016,CYM,62274,NA,2.548,NA,NA,NA,NA,NA,NA,NA,NA,NA,NA,NA,NA,NA,NA,NA,NA,NA,NA,NA,NA,NA,NA,NA,NA
Cayman Islands,2017,CYM,63601,NA,2.955,NA,NA,NA,NA,NA,NA,NA,NA,NA,NA,NA,NA,NA,NA,NA,NA,NA,NA,NA,NA,NA,NA,NA,NA
Cayman Islands,2018,CYM,64904,NA,2.759,NA,NA,NA,NA,NA,NA,NA,NA,NA,NA,NA,NA,NA,NA,NA,NA,NA,NA,NA,NA,NA,NA,NA,NA
Cayman Islands,2019,CYM,66152,NA,3.343,NA,NA,NA,NA,NA,NA,NA,NA,NA,NA,NA,NA,NA,NA,NA,NA,NA,NA,NA,NA,NA,NA,NA,NA
Cayman Islands,2020,CYM,67327,NA,2.826,NA,NA,NA,NA,NA,NA,NA,NA,NA,NA,NA,NA,NA,NA,NA,NA,NA,NA,NA,NA,NA,NA,NA,NA
Cayman Islands,2021,CYM,68157,NA,3.01,NA,NA,NA,NA,NA,NA,NA,NA,NA,NA,NA,NA,NA,NA,NA,NA,NA,NA,NA,NA,NA,NA,NA,NA
Cayman Islands,2022,CYM,68722,NA,NA,NA,NA,NA,NA,NA,NA,NA,NA,NA,NA,NA,NA,NA,NA,NA,NA,NA,NA,NA,NA,NA,NA,NA,NA
Central African Republic,2015,CAF,4819341,3105792000,1.431,NA,NA,NA,NA,NA,NA,NA,NA,NA,NA,NA,NA,NA,NA,NA,NA,NA,NA,NA,NA,NA,NA,NA,NA
Central African Republic,2016,CAF,4904182,3265229568,1.507,NA,NA,NA,NA,NA,NA,NA,NA,NA,NA,NA,NA,NA,NA,NA,NA,NA,NA,NA,NA,NA,NA,NA,NA
Central African Republic,2017,CAF,4996741,3421678592,1.507,NA,NA,NA,NA,NA,NA,NA,NA,NA,NA,NA,NA,NA,NA,NA,NA,NA,NA,NA,NA,NA,NA,NA,NA
Central African Republic,2018,CAF,5094795,3557270272,1.541,NA,NA,NA,NA,NA,NA,NA,NA,NA,NA,NA,NA,NA,NA,NA,NA,NA,NA,NA,NA,NA,NA,NA,NA
Central African Republic,2019,CAF,5209329,3662931200,1.559,NA,NA,NA,NA,NA,NA,NA,NA,NA,NA,NA,NA,NA,NA,NA,NA,NA,NA,NA,NA,NA,NA,NA,NA
Central African Republic,2020,CAF,5343024,3698073088,1.5,NA,NA,NA,NA,NA,NA,NA,NA,NA,NA,NA,NA,NA,NA,NA,NA,NA,NA,NA,NA,NA,NA,NA,NA
Central African Republic,2021,CAF,5457165,3734422016,1.561,NA,NA,NA,NA,NA,NA,NA,NA,NA,NA,NA,NA,NA,NA,NA,NA,NA,NA,NA,NA,NA,NA,NA,NA
Central African Republic,2022,CAF,5579148,3752056576,NA,NA,NA,NA,NA,NA,NA,NA,NA,NA,NA,NA,NA,NA,NA,NA,NA,NA,NA,NA,NA,NA,NA,NA,NA
Chad,2015,TCD,14140277,24914135040,4.219,NA,NA,NA,NA,NA,0,NA,NA,NA,NA,NA,NA,NA,NA,NA,NA,NA,0,NA,NA,NA,NA,NA,NA
Chad,2016,TCD,14592587,23529406464,4.182,NA,NA,NA,NA,NA,0,NA,NA,NA,NA,NA,NA,NA,NA,NA,NA,NA,0,NA,NA,NA,NA,NA,NA
Chad,2017,TCD,15085893,22969403392,6.732,NA,NA,NA,NA,NA,0,NA,NA,NA,NA,NA,NA,NA,NA,NA,NA,NA,0,NA,NA,NA,NA,NA,NA
Chad,2018,TCD,15604213,23510339584,7.133,NA,NA,NA,NA,NA,0,NA,NA,NA,NA,NA,NA,NA,NA,NA,NA,NA,0,NA,NA,NA,NA,NA,NA
Chad,2019,TCD,16126868,24314152960,7.389,NA,NA,NA,NA,NA,0,NA,NA,NA,NA,NA,NA,NA,NA,NA,NA,NA,0,NA,NA,NA,NA,NA,NA
Chad,2020,TCD,16644707,23793344512,6.2,NA,NA,NA,NA,NA,0,NA,NA,NA,NA,NA,NA,NA,NA,NA,NA,NA,0,NA,NA,NA,NA,NA,NA
Chad,2021,TCD,17179744,23531147264,6.205,NA,NA,NA,NA,NA,0,NA,NA,NA,NA,NA,NA,NA,NA,NA,NA,NA,0,NA,NA,NA,NA,NA,NA
Chad,2022,TCD,17723312,24118011904,NA,NA,NA,NA,NA,NA,0,NA,NA,NA,NA,NA,NA,NA,NA,NA,NA,NA,NA,NA,NA,NA,NA,NA,NA
Chile,2015,CHL,17870122,386251292672,414.23,323.492,85.055,190.194,48.243,90.738,0,90.738,63.612,3.663,5.695,NA,17.768,78.09477826328369,20.533278613330758,45.915071337179825,11.646428312773097,21.905221736716314,0,21.905221736716314,15.356685899138158,0.8842913357313569,1.374840064698356,NA,4.289404437148444
Chile,2016,CHL,18083880,393022275584,433.903,346.341,86.261,200.917,59.163,87.562,0,87.562,52.713,6.827,6.564,NA,21.459,79.81991366734039,19.880249733235306,46.30458881362885,13.635075120476234,20.180086332659602,0,20.180086332659602,12.148567767450329,1.5733931316446303,1.5127805062421784,NA,4.945575393578749
Chile,2017,CHL,18368582,398359527424,450.347,349.837,89.69,204.001,56.146,100.51,0,100.51,56.754,10.368,9.649,NA,23.739,77.68165436874233,19.915753852029656,45.29862528228234,12.46727523443034,22.318345631257678,0,22.318345631257678,12.602282240139271,2.3022247289312467,2.142570062640586,NA,5.2712685995465725
Chile,2018,CHL,18701452,414254039040,468.278,354.328,86.562,211.4,56.367,113.95,0,113.95,61.822,13.543,9.493,NA,29.092,75.66616411618739,18.485173337205676,45.144123789714655,12.037080537629356,24.333835883812608,0,24.333835883812608,13.201986853962817,2.892085470596526,2.0272146032912075,NA,6.212548955962056
Chile,2019,CHL,19039484,417332002816,473.979,362.767,87.085,210.552,65.131,111.212,0,111.212,56.516,16.607,12.904,NA,25.185,76.53651322104989,18.37317687070524,44.422221237649765,13.74132609250621,23.463486778950124,0,23.463486778950124,11.923735017796147,3.503741726954148,2.7224834855552675,NA,5.31352654864456
Chile,2020,CHL,19300318,391686946816,442.478,328.056,73.146,192.556,62.354,114.422,0,114.422,57.045,19.999,14.713,NA,22.664,74.14063524062213,16.530991371322415,43.51764381505973,14.092000054239984,25.85936475937787,0,25.85936475937787,12.89216639019341,4.5197727344636345,3.3251370689616206,NA,5.122062565822482
Chile,2021,CHL,19493184,437659205632,476.857,360.715,81.111,211.375,68.229,116.142,0,116.142,47.289,28.13,19.96,NA,20.762,75.64427071428122,17.009501800330078,44.32670590973814,14.308063004213,24.355729285718777,0,24.355729285718777,9.91680944182428,5.899043109359829,4.185741218017141,NA,4.353925810043681
Chile,2022,CHL,19603736,448338100224,503.505,367.138,66.243,228.238,72.657,136.368,0,136.368,53.154,40.968,23.186,NA,19.06,72.91645564592208,13.156373819525127,45.329837836764284,14.430243989632674,27.08374296183752,0,27.08374296183752,10.556796854053088,8.136562695504514,4.60491951420542,NA,3.7854638980744975
China,2015,CHN,1393715456,18301224747008,35135.988,30885.832,22329.041,6609.896,1946.895,4250.154,442.87,3807.284,3001.359,106.32,499.793,27.299,172.514,87.90369577767387,63.550343311820356,18.81232427561166,5.541028190241868,12.096298530156604,1.2604455579845941,10.83585297217201,8.542122111380502,0.3025957317608373,1.4224532408196406,0.07769526788317438,0.4909894664126138
China,2016,CHN,1401889664,19545710395392,35277.711,30593.768,21675.779,6823.578,2094.411,4683.943,547.629,4136.315,3087.34,178.098,644.793,27.815,198.27,86.72265612698057,61.44326937765321,19.342462440377723,5.936924308949636,13.277343873019426,1.5523371116680444,11.725009596002414,8.751531526521093,0.5048456800385943,1.8277631448366929,0.07884581853964391,0.5620262607174258
China,2017,CHN,1410275968,20894363680768,36649.383,31511.137,21915.443,7183.172,2412.522,5138.246,633.589,4504.657,3100.576,313.5,810.629,25.936,254.016,85.97999316932565,59.79757694692977,19.599707858656174,6.5827083637397115,14.020006830674339,1.7287849020541493,12.29122192862019,8.460104226038402,0.8554032137457812,2.2118489689171574,0.07076790351422833,0.6930976164046199
China,2018,CHN,1417069440,22294286041088,38409.645,32720.146,22352.146,7528.741,2839.26,5689.496,748.955,4940.542,3171.928,468.029,967.807,33.669,299.108,85.18731688355882,58.19409682125415,19.60117309076926,7.3920495750481425,14.812675305902983,1.949913882307426,12.862764027108298,8.258154950403734,1.218519463015084,2.5196978519327633,0.08765767035857791,0.7787314878853997
China,2019,CHN,1421864064,23631939764224,40188.543,33897.516,22922.236,7891.51,3083.768,6291.029,882.026,5409.004,3354.375,590.458,1068.36,36.053,359.759,84.34621777654394,57.03674303395374,19.636218212737898,7.673251553309609,15.653787199998767,2.194720022569616,13.459069665700497,8.346595197541747,1.4692197226458297,2.658369575627561,0.08970964685134268,0.8951780113053615
China,2020,CHN,1424929792,24151844716544,41493.711,34728.391,23402.553,7959.667,3366.173,6765.32,922.889,5842.432,3471.19,685.724,1225.164,27.493,432.86,83.69555328517134,56.400240990737124,19.182827489206737,8.112489625235012,16.304446714828664,2.224165970597327,14.080283154235108,8.365580991297692,1.652597426149712,2.9526498606017664,0.06625823368750988,1.0431942324946544
China,2021,CHN,1425893504,26180600201216,43847.004,36292.246,24315.475,8174.094,3802.679,7554.755,1023.213,6531.542,3401.68,855.653,1716.017,28.61,529.582,82.77018425249761,55.45527124270565,18.642309061754823,8.672608509352202,17.229808905529783,2.333598436965043,14.89621046856474,7.758067119021404,1.951451460628872,3.913647098898707,0.06524961203734694,1.2077951779784086
China,2022,CHN,1425887360,26966017179648,44516.312,36372.648,24397.779,8198.392,3776.475,8143.667,1045.2,7098.467,3384.379,1113.95,1988.383,29.183,582.571,81.70633721859079,54.806379737836316,18.416601986256182,8.483351001763129,18.293669520511944,2.3479033932550393,15.945766127256903,7.602559259626,2.5023411642905193,4.466639105234055,0.06555574504914063,1.308668606689611
Colombia,2015,COL,47119728,612750917632,483.403,349.089,57.78,179.192,112.117,134.314,0,134.314,120.327,0,0.184,7.984,5.819,72.2149014383444,11.952759912536745,37.06886386720811,23.193277658599555,27.78509856165559,0,27.78509856165559,24.891653547867925,0,0.03806347912611217,1.6516240072982584,1.2037575273632972
Colombia,2016,COL,47625960,625545117696,544.617,404.981,63.547,220.749,120.685,139.637,0,139.637,125.253,0,0.136,7.883,6.365,74.3606975177051,11.668199854209472,40.532888249907735,22.1596094135879,25.639486097569485,0,25.639486097569485,22.998363987903428,0,0.02497167734389489,1.447439209572966,1.168711222749198
Colombia,2017,COL,48351668,634046316544,549.702,383.187,48.428,216.454,118.305,166.515,0,166.515,152.566,0.013,0.008,7.571,6.357,69.70813277011908,8.809864253722925,39.37660768925709,21.52166082713907,30.291867229880914,0,30.291867229880914,27.754310517334847,0.0023649177190550514,0.0014553339809569548,1.377291696228138,1.1564447646179203
Colombia,2018,COL,49276968,650303242240,558.419,392.416,45.463,219.654,127.299,166.003,0,166.003,149.884,0.032,0.115,9.209,6.764,70.27268054990967,8.141377711001955,39.3349796478988,22.796323191008906,29.727319450090345,0,29.727319450090345,26.840777265816527,0.005730464042233521,0.020593855151776714,1.6491201051540152,1.2112768369271105
Colombia,2019,COL,50187404,671028412416,563.192,401.762,53.642,219.412,128.708,161.43,0,161.43,143.494,0.348,0.167,9.619,7.802,71.3365956902797,9.524638134064405,38.95864998082359,22.853307575391696,28.66340430972031,0,28.66340430972031,25.478699981533826,0.061790650435375495,0.02965240983536698,1.7079432946490718,1.3853179732666656
Colombia,2020,COL,50930656,622365376512,512.586,363.883,47.48,185.176,131.227,148.703,0,148.703,130.887,0.501,0.027,8.284,9.004,70.98964856628936,9.262835894854717,36.12584034679058,25.60097232464406,29.010351433710635,0,29.010351433710635,25.53464199178284,0.09773969636314686,0.005267408786037855,1.616119051242133,1.7565832855364758
Colombia,2021,COL,51516560,690925207552,574.745,396.645,31.459,238.92,126.266,178.1,0,178.1,158.3,0.845,0.158,9.271,9.526,69.01234460499873,5.473557838693681,41.56973962365919,21.96904714264587,30.987655395001262,0,30.987655395001262,27.542649348841664,0.14702172267701327,0.027490452287536212,1.6130631845427104,1.6574306866523416
Colombia,2022,COL,51874028,742716997632,610.067,421.406,28.353,267.203,125.85,188.662,0,188.662,167.736,1.31,0.195,10.146,9.275,69.0753638534784,4.647522321318806,43.79895978638411,20.628881745775463,30.92480006294391,0,30.92480006294391,27.494685010007096,0.2147305132059266,0.03196370234744708,1.6630960206010161,1.520324816782419
Comoros,2015,COM,730221,1324576000,0.757,NA,NA,NA,NA,NA,NA,NA,NA,NA,NA,NA,NA,NA,NA,NA,NA,NA,NA,NA,NA,NA,NA,NA,NA
Comoros,2016,COM,746239,1356063488,0.887,NA,NA,NA,NA,NA,NA,NA,NA,NA,NA,NA,NA,NA,NA,NA,NA,NA,NA,NA,NA,NA,NA,NA,NA
Comoros,2017,COM,761672,1426021120,1.137,NA,NA,NA,NA,NA,NA,NA,NA,NA,NA,NA,NA,NA,NA,NA,NA,NA,NA,NA,NA,NA,NA,NA,NA
Comoros,2018,COM,776322,1479483904,1.237,NA,NA,NA,NA,NA,NA,NA,NA,NA,NA,NA,NA,NA,NA,NA,NA,NA,NA,NA,NA,NA,NA,NA,NA
Comoros,2019,COM,790993,1533170944,1.333,NA,NA,NA,NA,NA,NA,NA,NA,NA,NA,NA,NA,NA,NA,NA,NA,NA,NA,NA,NA,NA,NA,NA,NA
Comoros,2020,COM,806168,1594579456,1.272,NA,NA,NA,NA,NA,NA,NA,NA,NA,NA,NA,NA,NA,NA,NA,NA,NA,NA,NA,NA,NA,NA,NA,NA
Comoros,2021,COM,821632,1639163904,1.342,NA,NA,NA,NA,NA,NA,NA,NA,NA,NA,NA,NA,NA,NA,NA,NA,NA,NA,NA,NA,NA,NA,NA,NA
Comoros,2022,COM,836783,1682077056,NA,NA,NA,NA,NA,NA,NA,NA,NA,NA,NA,NA,NA,NA,NA,NA,NA,NA,NA,NA,NA,NA,NA,NA,NA
Congo,2015,COG,5064390,29493454848,29.581,NA,NA,NA,NA,NA,0,NA,NA,NA,NA,NA,NA,NA,NA,NA,NA,NA,0,NA,NA,NA,NA,NA,NA
Congo,2016,COG,5186830,26313172992,28.268,NA,NA,NA,NA,NA,0,NA,NA,NA,NA,NA,NA,NA,NA,NA,NA,NA,0,NA,NA,NA,NA,NA,NA
Congo,2017,COG,5312347,25159868416,21.171,NA,NA,NA,NA,NA,0,NA,NA,NA,NA,NA,NA,NA,NA,NA,NA,NA,0,NA,NA,NA,NA,NA,NA
Congo,2018,COG,5441061,23950934016,19.617,NA,NA,NA,NA,NA,0,NA,NA,NA,NA,NA,NA,NA,NA,NA,NA,NA,0,NA,NA,NA,NA,NA,NA
Congo,2019,COG,5570736,24196673536,16.009,NA,NA,NA,NA,NA,0,NA,NA,NA,NA,NA,NA,NA,NA,NA,NA,NA,0,NA,NA,NA,NA,NA,NA
Congo,2020,COG,5702183,22696964096,13.569,NA,NA,NA,NA,NA,0,NA,NA,NA,NA,NA,NA,NA,NA,NA,NA,NA,0,NA,NA,NA,NA,NA,NA
Congo,2021,COG,5835814,23037421568,13.703,NA,NA,NA,NA,NA,0,NA,NA,NA,NA,NA,NA,NA,NA,NA,NA,NA,0,NA,NA,NA,NA,NA,NA
Congo,2022,COG,5970430,23679010816,NA,NA,NA,NA,NA,NA,0,NA,NA,NA,NA,NA,NA,NA,NA,NA,NA,NA,NA,NA,NA,NA,NA,NA,NA
Cook Islands,2015,COK,17720,NA,0.422,NA,NA,NA,NA,NA,NA,NA,NA,NA,NA,NA,NA,NA,NA,NA,NA,NA,NA,NA,NA,NA,NA,NA,NA
Cook Islands,2016,COK,17572,NA,0.44,NA,NA,NA,NA,NA,NA,NA,NA,NA,NA,NA,NA,NA,NA,NA,NA,NA,NA,NA,NA,NA,NA,NA,NA
Cook Islands,2017,COK,17417,NA,0.474,NA,NA,NA,NA,NA,NA,NA,NA,NA,NA,NA,NA,NA,NA,NA,NA,NA,NA,NA,NA,NA,NA,NA,NA
Cook Islands,2018,COK,17276,NA,0.5,NA,NA,NA,NA,NA,NA,NA,NA,NA,NA,NA,NA,NA,NA,NA,NA,NA,NA,NA,NA,NA,NA,NA,NA
Cook Islands,2019,COK,17133,NA,0.501,NA,NA,NA,NA,NA,NA,NA,NA,NA,NA,NA,NA,NA,NA,NA,NA,NA,NA,NA,NA,NA,NA,NA,NA
Cook Islands,2020,COK,17050,NA,0.471,NA,NA,NA,NA,NA,NA,NA,NA,NA,NA,NA,NA,NA,NA,NA,NA,NA,NA,NA,NA,NA,NA,NA,NA
Cook Islands,2021,COK,17028,NA,0.493,NA,NA,NA,NA,NA,NA,NA,NA,NA,NA,NA,NA,NA,NA,NA,NA,NA,NA,NA,NA,NA,NA,NA,NA
Cook Islands,2022,COK,17032,NA,NA,NA,NA,NA,NA,NA,NA,NA,NA,NA,NA,NA,NA,NA,NA,NA,NA,NA,NA,NA,NA,NA,NA,NA,NA
Costa Rica,2015,CRI,4895241,65438670848,59.283,NA,NA,NA,NA,NA,NA,NA,NA,NA,NA,NA,NA,NA,NA,NA,NA,NA,NA,NA,NA,NA,NA,NA,NA
Costa Rica,2016,CRI,4945205,68189708288,60.836,NA,NA,NA,NA,NA,NA,NA,NA,NA,NA,NA,NA,NA,NA,NA,NA,NA,NA,NA,NA,NA,NA,NA,NA
Costa Rica,2017,CRI,4993849,71025041408,63.171,NA,NA,NA,NA,NA,NA,NA,NA,NA,NA,NA,NA,NA,NA,NA,NA,NA,NA,NA,NA,NA,NA,NA,NA
Costa Rica,2018,CRI,5040738,72883052544,64.535,NA,NA,NA,NA,NA,NA,NA,NA,NA,NA,NA,NA,NA,NA,NA,NA,NA,NA,NA,NA,NA,NA,NA,NA
Costa Rica,2019,CRI,5084527,74645364736,66.162,NA,NA,NA,NA,NA,NA,NA,NA,NA,NA,NA,NA,NA,NA,NA,NA,NA,NA,NA,NA,NA,NA,NA,NA
Costa Rica,2020,CRI,5123107,71455768576,58.846,NA,NA,NA,NA,NA,NA,NA,NA,NA,NA,NA,NA,NA,NA,NA,NA,NA,NA,NA,NA,NA,NA,NA,NA
Costa Rica,2021,CRI,5153959,77015744512,61.629,NA,NA,NA,NA,NA,NA,NA,NA,NA,NA,NA,NA,NA,NA,NA,NA,NA,NA,NA,NA,NA,NA,NA,NA
Costa Rica,2022,CRI,5180836,80345899008,NA,NA,NA,NA,NA,NA,NA,NA,NA,NA,NA,NA,NA,NA,NA,NA,NA,NA,NA,NA,NA,NA,NA,NA,NA
Cote d'Ivoire,2015,CIV,23596738,81840726016,50.25,NA,NA,NA,NA,NA,NA,NA,NA,NA,NA,NA,NA,NA,NA,NA,NA,NA,NA,NA,NA,NA,NA,NA,NA
Cote d'Ivoire,2016,CIV,24213620,87711154176,57.063,NA,NA,NA,NA,NA,NA,NA,NA,NA,NA,NA,NA,NA,NA,NA,NA,NA,NA,NA,NA,NA,NA,NA,NA
Cote d'Ivoire,2017,CIV,24848024,93099253760,56.87,NA,NA,NA,NA,NA,NA,NA,NA,NA,NA,NA,NA,NA,NA,NA,NA,NA,NA,NA,NA,NA,NA,NA,NA
Cote d'Ivoire,2018,CIV,25493990,96591405056,57.004,NA,NA,NA,NA,NA,NA,NA,NA,NA,NA,NA,NA,NA,NA,NA,NA,NA,NA,NA,NA,NA,NA,NA,NA
Cote d'Ivoire,2019,CIV,26147544,104618147840,61.711,NA,NA,NA,NA,NA,NA,NA,NA,NA,NA,NA,NA,NA,NA,NA,NA,NA,NA,NA,NA,NA,NA,NA,NA
Cote d'Ivoire,2020,CIV,26811792,106396663808,61.194,NA,NA,NA,NA,NA,NA,NA,NA,NA,NA,NA,NA,NA,NA,NA,NA,NA,NA,NA,NA,NA,NA,NA,NA
Cote d'Ivoire,2021,CIV,27478250,113844420608,65.14,NA,NA,NA,NA,NA,NA,NA,NA,NA,NA,NA,NA,NA,NA,NA,NA,NA,NA,NA,NA,NA,NA,NA,NA
Cote d'Ivoire,2022,CIV,28160548,121472000000,NA,NA,NA,NA,NA,NA,NA,NA,NA,NA,NA,NA,NA,NA,NA,NA,NA,NA,NA,NA,NA,NA,NA,NA,NA
Croatia,2015,HRV,4254821,81731108864,91.02,70.384,7.044,39.127,24.212,20.636,0,20.636,17.21,0.154,2.144,0.281,0.847,77.32805976708416,7.738958470665788,42.98725554823116,26.60074708855197,22.671940232915844,0,22.671940232915844,18.90793232256647,0.16919358382773017,2.3555262579652827,0.30872335750384533,0.9305647110525159
Croatia,2016,HRV,4223748,84640153600,94.731,72.108,7.571,39.293,25.244,22.623,0,22.623,18.343,0.175,2.715,0.012,1.377,76.11869398612914,7.992103957521825,41.47850228541871,26.648087743188608,23.881306013870855,0,23.881306013870855,19.36324962261562,0.18473361412842682,2.8660100706210216,0.012667447825949267,1.4535896380276785
Croatia,2017,HRV,4192468,87528488960,94.783,75.561,4.563,42.002,28.997,19.222,0,19.222,14.125,0.209,3.204,0.006,1.678,79.71999198168449,4.814154436977095,44.31385375014507,30.5930388360782,20.28000801831552,0,20.28000801831552,14.902461411856557,0.22050367681968283,3.3803530168912146,0.0063302490953019,1.7703596636527645
Croatia,2018,HRV,4160488,89979863040,98.16,71.602,4.248,40.695,26.658,26.558,0,26.558,20.374,0.198,3.533,0.315,2.138,72.94417277913611,4.327628361858191,41.4578239608802,27.157701711491445,27.055827220863897,0,27.055827220863897,20.755908720456397,0.2017114914425428,3.5992257538712304,0.3209046454767726,2.178076609616952
Croatia,2019,HRV,4129749,93057982464,95.813,72.605,4.9,39.724,27.981,23.208,0,23.208,15.357,0.219,3.868,0.728,3.036,75.77781720643337,5.114128562929874,41.45992714976047,29.20376149374302,24.22218279356663,0,24.22218279356663,16.028096396104914,0.22857023577176372,4.037030465594439,0.7598133864924383,3.168672309603081
Croatia,2020,HRV,4096872,85073362944,91.378,67.616,4.201,34.047,29.368,23.763,0,23.763,14.871,0.251,4.519,0.763,3.359,73.99592899822714,4.5973866795071014,37.25951541946639,32.13902689925365,26.00516535708814,0,26.00516535708814,16.27415789358489,0.2746831841362254,4.94539166976734,0.8349931055615137,3.6759395040381713
Croatia,2021,HRV,4060139,96194363392,98.312,69.077,4.83,35.995,28.252,29.235,0,29.235,18.651,0.39,5.395,1.063,3.736,70.26304011717797,4.912930262836683,36.613027911140044,28.737081943201236,29.736959882822035,0,29.736959882822035,18.97123443730165,0.39669623240296203,5.4876312149076405,1.08125152575474,3.800146472455041
Croatia,2022,HRV,4030361,102284648448,93.167,68.931,4.727,39.399,24.805,24.236,0,24.236,14.234,0.396,5.574,0.247,3.785,73.98649736494681,5.073684888426159,42.28857857395859,26.624233902562068,26.013502635053182,0,26.013502635053182,15.277941760494596,0.4250432019921217,5.982805070464864,0.26511533053549,4.062597271566112
Cuba,2015,CUB,11339888,88467243008,127.914,NA,NA,NA,NA,NA,0,NA,NA,NA,NA,NA,NA,NA,NA,NA,NA,NA,0,NA,NA,NA,NA,NA,NA
Cuba,2016,CUB,11342012,88635596800,99.813,NA,NA,NA,NA,NA,0,NA,NA,NA,NA,NA,NA,NA,NA,NA,NA,NA,0,NA,NA,NA,NA,NA,NA
Cuba,2017,CUB,11336405,90020495360,106.089,NA,NA,NA,NA,NA,0,NA,NA,NA,NA,NA,NA,NA,NA,NA,NA,NA,0,NA,NA,NA,NA,NA,NA
Cuba,2018,CUB,11328243,91854651392,111.234,NA,NA,NA,NA,NA,0,NA,NA,NA,NA,NA,NA,NA,NA,NA,NA,NA,0,NA,NA,NA,NA,NA,NA
Cuba,2019,CUB,11316699,91703230464,108.711,NA,NA,NA,NA,NA,0,NA,NA,NA,NA,NA,NA,NA,NA,NA,NA,NA,0,NA,NA,NA,NA,NA,NA
Cuba,2020,CUB,11300695,81663254528,101.787,NA,NA,NA,NA,NA,0,NA,NA,NA,NA,NA,NA,NA,NA,NA,NA,NA,0,NA,NA,NA,NA,NA,NA
Cuba,2021,CUB,11256373,82687385600,103.891,NA,NA,NA,NA,NA,0,NA,NA,NA,NA,NA,NA,NA,NA,NA,NA,NA,0,NA,NA,NA,NA,NA,NA
Cuba,2022,CUB,11212198,84154974208,NA,NA,NA,NA,NA,NA,0,NA,NA,NA,NA,NA,NA,NA,NA,NA,NA,NA,NA,NA,NA,NA,NA,NA,NA
Curacao,2015,CUW,169588,NA,NA,NA,NA,NA,NA,NA,0,NA,NA,NA,NA,NA,NA,NA,NA,NA,NA,NA,NA,NA,NA,NA,NA,NA,NA
Curacao,2016,CUW,170752,NA,NA,NA,NA,NA,NA,NA,0,NA,NA,NA,NA,NA,NA,NA,NA,NA,NA,NA,NA,NA,NA,NA,NA,NA,NA
Curacao,2017,CUW,171543,NA,NA,NA,NA,NA,NA,NA,0,NA,NA,NA,NA,NA,NA,NA,NA,NA,NA,NA,NA,NA,NA,NA,NA,NA,NA
Curacao,2018,CUW,184734,NA,NA,NA,NA,NA,NA,NA,0,NA,NA,NA,NA,NA,NA,NA,NA,NA,NA,NA,NA,NA,NA,NA,NA,NA,NA
Curacao,2019,CUW,193119,NA,NA,NA,NA,NA,NA,NA,0,NA,NA,NA,NA,NA,NA,NA,NA,NA,NA,NA,NA,NA,NA,NA,NA,NA,NA
Curacao,2020,CUW,189298,NA,NA,NA,NA,NA,NA,NA,0,NA,NA,NA,NA,NA,NA,NA,NA,NA,NA,NA,NA,NA,NA,NA,NA,NA,NA
Curacao,2021,CUW,190348,NA,NA,NA,NA,NA,NA,NA,0,NA,NA,NA,NA,NA,NA,NA,NA,NA,NA,NA,NA,NA,NA,NA,NA,NA,NA
Curacao,2022,CUW,191173,NA,NA,NA,NA,NA,NA,NA,0,NA,NA,NA,NA,NA,NA,NA,NA,NA,NA,NA,NA,NA,NA,NA,NA,NA,NA
Cyprus,2015,CYP,1187286,25312503808,29.184,NA,0.039,27.931,NA,NA,0,NA,NA,0.341,0.597,0.113,0.164,NA,0.13363486842105263,95.70655153508771,NA,NA,0,NA,NA,1.1684484649122808,2.045641447368421,0.3871984649122807,0.5619517543859649
Cyprus,2016,CYP,1197889,26976335872,31.737,NA,0.005,30.465,NA,NA,0,NA,NA,0.391,0.607,0.103,0.166,NA,0.015754482150171726,95.99205974099631,NA,NA,0,NA,NA,1.2320005041434288,1.9125941330308471,0.3245423322935375,0.5230488073857013
Cyprus,2017,CYP,1208527,28523085824,32.596,NA,0.035,31.276,NA,NA,0,NA,NA,0.458,0.563,0.1,0.165,NA,0.10737513805374894,95.95042336483004,NA,NA,0,NA,NA,1.4050803779604861,1.7272057921217328,0.30678610872499695,0.506197079396245
Cyprus,2018,CYP,1218834,30134013952,32.462,NA,0.158,30.945,NA,NA,0,NA,NA,0.508,0.584,0.104,0.164,NA,0.48672293758856505,95.32684369416548,NA,NA,0,NA,NA,1.56490666009488,1.7990265541248225,0.32037459183044786,0.5052060871172447
Cyprus,2019,CYP,1228840,31800246272,32.493,NA,0.194,30.785,NA,NA,0,NA,NA,0.575,0.629,0.125,0.185,NA,0.5970516726679592,94.74348321176869,NA,NA,0,NA,NA,1.7696119164127655,1.9358015572584863,0.38469824269842734,0.5693533991936724
Cyprus,2020,CYP,1237540,30409793536,28.281,NA,0.162,26.23,NA,NA,0,NA,NA,0.776,0.631,0.288,0.194,NA,0.5728227431844702,92.74778119585588,NA,NA,0,NA,NA,2.7438916587107953,2.2311799441321027,1.018351543439058,0.6859729146776988
Cyprus,2021,CYP,1244193,32428679168,29.842,NA,0.48,27.052,NA,NA,0,NA,NA,1.225,0.645,0.248,0.191,NA,1.6084712820856513,90.65076067287715,NA,NA,0,NA,NA,4.104952751156089,2.161383285302594,0.8310434957442532,0.640037530996582
Cyprus,2022,CYP,1251492,34255009792,31.674,NA,0.356,28.741,NA,NA,0,NA,NA,1.569,0.585,0.239,0.185,NA,1.1239502431015975,90.74003914882869,NA,NA,0,NA,NA,4.953589695017996,1.846940708467513,0.754562101408095,0.5840752667803245
Czechia,2015,CZE,10523801,298276061184,470.716,370.132,189.861,104.877,75.395,100.584,69.361,31.223,4.835,6.106,1.542,3.443,15.297,78.63170149304463,40.334511680078855,22.28031339491328,16.017088860374407,21.368298506955362,14.735211889971872,6.633086616983489,1.0271586264329235,1.297172817580027,0.3275860603846056,0.7314389143347582,3.249730198251175
Czechia,2016,CZE,10527584,305844158464,464.374,371.338,191.266,98.473,81.6,93.036,61.921,31.115,5.358,5.713,1.33,3.498,15.216,79.96528660088636,41.18792180440765,21.205536916364824,17.57204322378083,20.034713399113645,13.334295201712413,6.700418197401232,1.1538113675614912,1.2302583693316163,0.28640707705427093,0.7532721470194282,3.2766692364344254
Czechia,2017,CZE,10531315,321652391936,490.582,386.322,187.278,115.296,83.748,104.26,72.373,31.888,4.975,5.847,1.573,3.645,15.848,78.74769151742217,38.174657855363634,23.501881438780877,17.071152223277657,21.252308482577835,14.75247766938045,6.500034652718608,1.0141016180781195,1.1918496805834704,0.3206395668817853,0.7429950548532152,3.230448732322018
Czechia,2018,CZE,10534598,332009897984,489.024,381.955,186.013,116.114,79.828,107.07,75.965,31.104,4.306,6.195,1.612,3.585,15.406,78.10557355058239,38.037601426514854,23.74402892291585,16.323943201151682,21.89463093835885,15.534002421149065,6.36042402826855,0.8805293809710771,1.2668089909697684,0.32963617327574923,0.7330928543384374,3.1503566287135194
Czechia,2019,CZE,10536876,342069379072,477.905,368.216,167.363,117.604,83.249,109.689,76.507,33.182,5.295,6.03,1.845,3.953,16.059,77.04794886012911,35.02013998598048,24.608238038940794,17.419570835207836,22.952051139870893,16.008830206840273,6.943220933030624,1.1079607871857378,1.261757043763928,0.3860599910023959,0.8271518398007972,3.360291271277765
Czechia,2020,CZE,10530951,323245441024,442.568,332.543,145.435,102.484,84.624,110.024,75.714,34.31,5.631,5.876,1.836,4.326,16.641,75.13941360423709,32.861616745901195,23.15666744997379,19.1211294083621,24.860360441785218,17.10787946711014,7.752480974675079,1.2723468483939193,1.327705572928906,0.41485150304585966,0.9774769075034797,3.7601001428029135
Czechia,2021,CZE,10510748,334729445376,466.406,354.346,150.688,112.964,90.694,112.06,77.165,34.896,6.307,5.632,1.574,4.196,17.187,75.97372246497687,32.30833222557171,24.220100084475757,19.445290154929395,24.026277535023137,16.54459848286686,7.481893457631335,1.3522553311921375,1.207531635527845,0.3374742177416243,0.8996453733442538,3.6849868998254744
Czechia,2022,CZE,10493990,342966829056,455.731,343.78,154.459,115.556,73.764,111.951,77.61,34.341,5.458,5.992,1.672,3.967,17.251,75.43485082208583,33.89258136927266,25.356185995686054,16.185864029438417,24.565149177914165,17.029782920187568,7.535366257726597,1.1976363249372985,1.314810710704341,0.36688309551029,0.8704696410821297,3.785347057803836
Democratic Republic of Congo,2015,COD,78656904,69567324160,36.524,NA,NA,NA,NA,NA,0,NA,NA,NA,NA,NA,NA,NA,NA,NA,NA,NA,0,NA,NA,NA,NA,NA,NA
Democratic Republic of Congo,2016,COD,81430976,69841412096,33.68,NA,NA,NA,NA,NA,0,NA,NA,NA,NA,NA,NA,NA,NA,NA,NA,NA,0,NA,NA,NA,NA,NA,NA
Democratic Republic of Congo,2017,COD,84283272,72396210176,36.642,NA,NA,NA,NA,NA,0,NA,NA,NA,NA,NA,NA,NA,NA,NA,NA,NA,0,NA,NA,NA,NA,NA,NA
Democratic Republic of Congo,2018,COD,87087352,75889336320,38.716,NA,NA,NA,NA,NA,0,NA,NA,NA,NA,NA,NA,NA,NA,NA,NA,NA,0,NA,NA,NA,NA,NA,NA
Democratic Republic of Congo,2019,COD,89906896,79292964864,39.839,NA,NA,NA,NA,NA,0,NA,NA,NA,NA,NA,NA,NA,NA,NA,NA,NA,0,NA,NA,NA,NA,NA,NA
Democratic Republic of Congo,2020,COD,92853168,80617955328,41.209,NA,NA,NA,NA,NA,0,NA,NA,NA,NA,NA,NA,NA,NA,NA,NA,NA,0,NA,NA,NA,NA,NA,NA
Democratic Republic of Congo,2021,COD,95894120,85639643136,39.402,NA,NA,NA,NA,NA,0,NA,NA,NA,NA,NA,NA,NA,NA,NA,NA,NA,0,NA,NA,NA,NA,NA,NA
Democratic Republic of Congo,2022,COD,99010216,91314987008,NA,NA,NA,NA,NA,NA,0,NA,NA,NA,NA,NA,NA,NA,NA,NA,NA,NA,NA,NA,NA,NA,NA,NA,NA
Denmark,2015,DNK,5677795,255401312256,198.975,143.259,21.238,88.928,33.093,55.716,0,55.716,0.049,1.627,38.06,2.571,13.409,71.9984922728986,10.673702726473175,44.69305189094107,16.63173765548436,28.001507727101394,0,28.001507727101394,0.024626209322779247,0.8176906646563639,19.128031159693432,1.2921221258952131,6.739037567533611
Denmark,2016,DNK,5706856,263691534336,201.601,147.286,24.577,89.056,33.653,54.316,0,54.316,0.052,1.991,34.217,2.589,15.467,73.05816935431868,12.190911751429805,44.17438405563464,16.69287354725423,26.942326674966893,0,26.942326674966893,0.025793522849589037,0.9875943075679189,16.972634064315155,1.2842198203381927,7.672084959896032
Denmark,2017,DNK,5737286,271132213248,202.985,139.037,18.369,88.507,32.162,63.948,0,63.948,0.048,2,39.334,2.62,19.947,68.49619430007144,9.049437150528364,43.602729265709286,15.844520531073721,31.503805699928566,0,31.503805699928566,0.02364706751730423,0.9852944798876764,19.377786535950932,1.290735768652856,9.826834495159739
Denmark,2018,DNK,5766689,276526465024,200.118,139.384,18.773,89.401,31.21,60.735,0,60.735,0.039,2.521,36.781,2.591,18.802,69.65090596548036,9.380965230513997,44.67414225606892,15.595798478897452,30.34959373969358,0,30.34959373969358,0.01948850178394747,1.2597567435213224,18.379656002958257,1.2947361056976385,9.39545668055847
Denmark,2019,DNK,5795879,280656347136,196.046,129.191,10.575,89.638,28.978,66.855,0,66.855,0.045,2.539,42.571,2.728,18.972,65.8983095804046,5.394142191118411,45.72294257470186,14.781224814584334,34.10169041959541,0,34.10169041959541,0.022953796557950684,1.2951042102363732,21.714801628189303,1.3915101557797662,9.67732062883201
Denmark,2020,DNK,5825638,275058360320,176.485,108.594,9.31,76.058,23.226,67.891,0,67.891,0.045,3.1,42.888,2.963,18.895,61.53157492138141,5.2752358557384476,43.09601382553758,13.160325240105388,38.46842507861858,0,38.46842507861858,0.025497917670056946,1.7565232172705896,24.301215400742272,1.6788962234750828,10.706292319460577
Denmark,2021,DNK,5854246,288414400512,189.435,113.104,12.4,77.009,23.695,76.332,0,76.332,0.043,3.425,42.009,3.024,27.831,59.70596774619262,6.545780874706364,40.65193865969858,12.508248211787684,40.294560139361785,0,40.294560139361785,0.022699078839707548,1.808008023860427,22.175944255285454,1.5963259165412937,14.691582864834904
Denmark,2022,DNK,5882259,299429003264,197.278,115.907,12.18,86.797,16.93,81.371,0,81.371,0.039,5.742,49.608,2.764,23.217,58.75313010067013,6.174028528269751,43.9973032978842,8.581798274516165,41.24686989932988,0,41.24686989932988,0.019769056863917923,2.9106134490414544,25.146240330903595,1.4010685428684393,11.768671620758523
Djibouti,2015,DJI,1006266,2435148032,3.65,NA,NA,NA,NA,NA,NA,NA,NA,NA,NA,NA,NA,NA,NA,NA,NA,NA,NA,NA,NA,NA,NA,NA,NA
Djibouti,2016,DJI,1023269,2612607488,3.489,NA,NA,NA,NA,NA,NA,NA,NA,NA,NA,NA,NA,NA,NA,NA,NA,NA,NA,NA,NA,NA,NA,NA,NA
Djibouti,2017,DJI,1040242,2767105792,3.158,NA,NA,NA,NA,NA,NA,NA,NA,NA,NA,NA,NA,NA,NA,NA,NA,NA,NA,NA,NA,NA,NA,NA,NA
Djibouti,2018,DJI,1057204,2924431616,3.313,NA,NA,NA,NA,NA,NA,NA,NA,NA,NA,NA,NA,NA,NA,NA,NA,NA,NA,NA,NA,NA,NA,NA,NA
Djibouti,2019,DJI,1073999,3086593024,3.06,NA,NA,NA,NA,NA,NA,NA,NA,NA,NA,NA,NA,NA,NA,NA,NA,NA,NA,NA,NA,NA,NA,NA,NA
Djibouti,2020,DJI,1090162,3123694336,2.945,NA,NA,NA,NA,NA,NA,NA,NA,NA,NA,NA,NA,NA,NA,NA,NA,NA,NA,NA,NA,NA,NA,NA,NA
Djibouti,2021,DJI,1105562,3274020608,3.079,NA,NA,NA,NA,NA,NA,NA,NA,NA,NA,NA,NA,NA,NA,NA,NA,NA,NA,NA,NA,NA,NA,NA,NA
Djibouti,2022,DJI,1120851,3395681536,NA,NA,NA,NA,NA,NA,NA,NA,NA,NA,NA,NA,NA,NA,NA,NA,NA,NA,NA,NA,NA,NA,NA,NA,NA
Dominica,2015,DMA,70027,689606016,0.813,NA,NA,NA,NA,NA,NA,NA,NA,NA,NA,NA,NA,NA,NA,NA,NA,NA,NA,NA,NA,NA,NA,NA,NA
Dominica,2016,DMA,70098,707976576,0.85,NA,NA,NA,NA,NA,NA,NA,NA,NA,NA,NA,NA,NA,NA,NA,NA,NA,NA,NA,NA,NA,NA,NA,NA
Dominica,2017,DMA,70422,656048832,0.794,NA,NA,NA,NA,NA,NA,NA,NA,NA,NA,NA,NA,NA,NA,NA,NA,NA,NA,NA,NA,NA,NA,NA,NA
Dominica,2018,DMA,70840,677586368,0.819,NA,NA,NA,NA,NA,NA,NA,NA,NA,NA,NA,NA,NA,NA,NA,NA,NA,NA,NA,NA,NA,NA,NA,NA
Dominica,2019,DMA,71446,714870336,0.789,NA,NA,NA,NA,NA,NA,NA,NA,NA,NA,NA,NA,NA,NA,NA,NA,NA,NA,NA,NA,NA,NA,NA,NA
Dominica,2020,DMA,72011,600082688,0.724,NA,NA,NA,NA,NA,NA,NA,NA,NA,NA,NA,NA,NA,NA,NA,NA,NA,NA,NA,NA,NA,NA,NA,NA
Dominica,2021,DMA,72435,637252096,0.764,NA,NA,NA,NA,NA,NA,NA,NA,NA,NA,NA,NA,NA,NA,NA,NA,NA,NA,NA,NA,NA,NA,NA,NA
Dominica,2022,DMA,72758,675097984,NA,NA,NA,NA,NA,NA,NA,NA,NA,NA,NA,NA,NA,NA,NA,NA,NA,NA,NA,NA,NA,NA,NA,NA,NA
Dominican Republic,2015,DOM,10405832,138638295040,97.343,NA,NA,NA,NA,NA,NA,NA,NA,NA,NA,NA,NA,NA,NA,NA,NA,NA,NA,NA,NA,NA,NA,NA,NA
Dominican Republic,2016,DOM,10527589,147870203904,103.54,NA,NA,NA,NA,NA,NA,NA,NA,NA,NA,NA,NA,NA,NA,NA,NA,NA,NA,NA,NA,NA,NA,NA,NA
Dominican Republic,2017,DOM,10647247,154771308544,102.122,NA,NA,NA,NA,NA,NA,NA,NA,NA,NA,NA,NA,NA,NA,NA,NA,NA,NA,NA,NA,NA,NA,NA,NA
Dominican Republic,2018,DOM,10765532,165578997760,112.906,NA,NA,NA,NA,NA,NA,NA,NA,NA,NA,NA,NA,NA,NA,NA,NA,NA,NA,NA,NA,NA,NA,NA,NA
Dominican Republic,2019,DOM,10881886,173944045568,120.771,NA,NA,NA,NA,NA,NA,NA,NA,NA,NA,NA,NA,NA,NA,NA,NA,NA,NA,NA,NA,NA,NA,NA,NA
Dominican Republic,2020,DOM,10999668,162254995456,104.46,NA,NA,NA,NA,NA,NA,NA,NA,NA,NA,NA,NA,NA,NA,NA,NA,NA,NA,NA,NA,NA,NA,NA,NA
Dominican Republic,2021,DOM,11117873,182166945792,111.041,NA,NA,NA,NA,NA,NA,NA,NA,NA,NA,NA,NA,NA,NA,NA,NA,NA,NA,NA,NA,NA,NA,NA,NA
Dominican Republic,2022,DOM,11228821,191182372864,NA,NA,NA,NA,NA,NA,NA,NA,NA,NA,NA,NA,NA,NA,NA,NA,NA,NA,NA,NA,NA,NA,NA,NA,NA
East Timor,2015,TLS,1205822,NA,2.138,NA,NA,NA,NA,NA,NA,NA,NA,NA,NA,NA,NA,NA,NA,NA,NA,NA,NA,NA,NA,NA,NA,NA,NA
East Timor,2016,TLS,1224568,NA,2.093,NA,NA,NA,NA,NA,NA,NA,NA,NA,NA,NA,NA,NA,NA,NA,NA,NA,NA,NA,NA,NA,NA,NA,NA
East Timor,2017,TLS,1243238,NA,2.135,NA,NA,NA,NA,NA,NA,NA,NA,NA,NA,NA,NA,NA,NA,NA,NA,NA,NA,NA,NA,NA,NA,NA,NA
East Timor,2018,TLS,1261850,NA,2.164,NA,NA,NA,NA,NA,NA,NA,NA,NA,NA,NA,NA,NA,NA,NA,NA,NA,NA,NA,NA,NA,NA,NA,NA
East Timor,2019,TLS,1280442,NA,2.18,NA,NA,NA,NA,NA,NA,NA,NA,NA,NA,NA,NA,NA,NA,NA,NA,NA,NA,NA,NA,NA,NA,NA,NA
East Timor,2020,TLS,1299998,NA,2.067,NA,NA,NA,NA,NA,NA,NA,NA,NA,NA,NA,NA,NA,NA,NA,NA,NA,NA,NA,NA,NA,NA,NA,NA
East Timor,2021,TLS,1320944,NA,2.134,NA,NA,NA,NA,NA,NA,NA,NA,NA,NA,NA,NA,NA,NA,NA,NA,NA,NA,NA,NA,NA,NA,NA,NA
East Timor,2022,TLS,1341298,NA,NA,NA,NA,NA,NA,NA,NA,NA,NA,NA,NA,NA,NA,NA,NA,NA,NA,NA,NA,NA,NA,NA,NA,NA,NA
Ecuador,2015,ECU,16195904,172538413056,188.046,151.02,0.15,142.66,8.21,37.026,0,37.026,35.268,0.097,0.266,0.093,1.302,80.31013688140138,0.07976771640981462,75.86441615349436,4.365953011497187,19.689863118598645,0,19.689863118598645,18.754985482275615,0.051583123278346785,0.1414547504334046,0.04945598417408506,0.692383778437191
Ecuador,2016,ECU,16439588,170423091200,187.404,142.992,0.088,134.041,8.863,44.412,0,44.412,42.388,0.104,0.225,0.132,1.564,76.30146635077159,0.046957375509594244,71.52515421229002,4.729354762971974,23.698533649228402,0,23.698533649228402,22.618514012507738,0.05549508014770229,0.1200614714733944,0.07043606326439138,0.8345606283750614
Ecuador,2017,ECU,16696947,174458716160,195.11,139.654,0.095,130.874,8.686,55.456,0,55.456,53.462,0.1,0.195,0.234,1.465,71.57705909486955,0.048690482292040385,67.07703346829993,4.451847675670134,28.42294090513044,0,28.42294090513044,27.400953308390143,0.051253139254779354,0.09994362154681974,0.11993234585618369,0.7508584900825175
Ecuador,2018,ECU,17015672,176707502080,206.38,149.787,0.324,141.7,7.763,56.593,0,56.593,54.708,0.101,0.212,0.206,1.366,72.57825370675454,0.15699195658494042,68.65975385211745,3.761507898052137,27.42174629324547,0,27.42174629324547,26.508382595212716,0.048938850663824016,0.10272313208644249,0.0998158736311658,0.6618858416513228
Ecuador,2019,ECU,17343742,176728686592,211.333,144.334,0.1,137.313,6.922,66.999,0,66.999,64.953,0.1,0.225,0.269,1.452,68.29695314976838,0.047318686622534106,64.97470816200025,3.2753994880118107,31.703046850231626,0,31.703046850231626,30.73490652193458,0.047318686622534106,0.10646704490070173,0.12728726701461676,0.6870673297591952
Ecuador,2020,ECU,17588596,162965061632,182.862,117.016,0.281,110.832,5.904,65.846,0,65.846,63.906,0.099,0.202,0.136,1.502,63.991425227767394,0.15366779319924315,60.609640056436,3.2286642386061617,36.00857477223261,0,36.00857477223261,34.947665452636414,0.054139186927847235,0.1104658157517691,0.07437302446653761,0.8213844319760256
Ecuador,2021,ECU,17797736,169866625024,212.597,143.872,0.55,137.084,6.238,68.725,0,68.725,66.92,0.096,0.162,0.221,1.325,67.67357958955206,0.25870543798830653,64.48068411125274,2.934190040311011,32.32642041044793,0,32.32642041044793,31.477396200322676,0.04515585826704986,0.07620051082564665,0.1039525487189377,0.6232449187900111
Ecuador,2022,ECU,18001002,175028879360,222.729,156.759,0.8,150.591,5.368,65.97,0,65.97,64.227,0.1,0.158,0.24,1.244,70.38104602454102,0.35918088798495035,67.61176137817706,2.410103758379017,29.61895397545896,0,29.61895397545896,28.836388615761756,0.044897610998118793,0.07093822537702768,0.10775426639548509,0.5585262808165977
Egypt,2015,EGY,97723792,1079611555840,976.108,934.044,9.319,464.537,460.188,42.064,0,42.064,36.849,0.113,5.102,NA,0,95.69064078974868,0.9547099296389335,47.590737910149286,47.14519294996046,4.3093592102513245,0,4.3093592102513245,3.7750945592086116,0.011576587836591854,0.5226880632061207,NA,0
Egypt,2016,EGY,99784032,1121578516480,1030.261,987.889,14.17,480.178,493.541,42.372,0,42.372,35.33,0.625,6.416,NA,0,95.88725575363914,1.3753796368104783,46.607413072998014,47.90446304383064,4.112744246360873,0,4.112744246360873,3.429228127629795,0.060664239450003446,0.6227548164979555,NA,0
Egypt,2017,EGY,101789384,1158060441600,1070.745,1029.495,13.952,456.216,559.328,41.25,0,41.25,34.033,1.604,5.614,NA,0,96.14754213188014,1.3030179921456557,42.60734348514353,52.23727404750898,3.8524578681198607,0,3.8524578681198607,3.178441178805411,0.14980224049610322,0.5243078417363611,NA,0
Egypt,2018,EGY,103740768,1220661739520,1071.346,1027.787,25.389,406.445,595.953,43.559,0,43.559,34.192,1.463,7.904,NA,0,95.93417999413822,2.3698226343310194,37.93779040571393,55.626566954093256,4.065820005861784,0,4.065820005861784,3.1914992915454015,0.13655719067416128,0.737763523642222,NA,0
Egypt,2019,EGY,105618672,1289253421056,1051.106,996.942,22.941,383.614,590.387,54.164,0,54.164,37.113,3.925,13.126,NA,0,94.84695168708008,2.1825581815725528,36.49622397741046,56.16816952809707,5.153048312919915,0,5.153048312919915,3.5308522641864855,0.37341619208719196,1.2487798566462374,NA,0
Egypt,2020,EGY,107465128,1307778088960,989.069,924.493,8.733,332.68,583.079,64.576,0,64.576,39.141,11.694,13.742,NA,0,93.47103184914299,0.8829515433200313,33.635671525444636,58.95230767519758,6.528968150857017,0,6.528968150857017,3.9573578789750763,1.1823239834632369,1.3893873935994356,NA,0
Egypt,2021,EGY,109262184,1400985616384,1058.743,994.929,14.114,359.567,621.248,63.814,0,63.814,36.45,13.011,14.353,NA,0,93.97266380981975,1.3330902778105735,33.961688530644366,58.677885001364835,6.027336190180242,0,6.027336190180242,3.442761841164476,1.2289101321094922,1.3556642169062747,NA,0
Egypt,2022,EGY,110990096,1460427423744,1106.44,1043.381,12.244,425.229,605.909,63.059,0,63.059,34.641,14.044,14.374,NA,0,94.30073027005531,1.1066121976790426,38.43217888001156,54.762029572322035,5.699269729944687,0,5.699269729944687,3.1308521022378075,1.2692961208922309,1.2991215068146487,NA,0
El Salvador,2015,SLV,6231072,50319724544,38.634,NA,NA,NA,NA,NA,NA,NA,NA,NA,NA,NA,NA,NA,NA,NA,NA,NA,NA,NA,NA,NA,NA,NA,NA
El Salvador,2016,SLV,6250513,51794878464,38.951,NA,NA,NA,NA,NA,NA,NA,NA,NA,NA,NA,NA,NA,NA,NA,NA,NA,NA,NA,NA,NA,NA,NA,NA
El Salvador,2017,SLV,6266661,53295513600,38.685,NA,NA,NA,NA,NA,NA,NA,NA,NA,NA,NA,NA,NA,NA,NA,NA,NA,NA,NA,NA,NA,NA,NA,NA
El Salvador,2018,SLV,6276340,55053058048,41.711,NA,NA,NA,NA,NA,NA,NA,NA,NA,NA,NA,NA,NA,NA,NA,NA,NA,NA,NA,NA,NA,NA,NA,NA
El Salvador,2019,SLV,6280222,56393641984,45.667,NA,NA,NA,NA,NA,NA,NA,NA,NA,NA,NA,NA,NA,NA,NA,NA,NA,NA,NA,NA,NA,NA,NA,NA
El Salvador,2020,SLV,6292734,51960807424,42.26,NA,NA,NA,NA,NA,NA,NA,NA,NA,NA,NA,NA,NA,NA,NA,NA,NA,NA,NA,NA,NA,NA,NA,NA
El Salvador,2021,SLV,6314165,57771999232,44.682,NA,NA,NA,NA,NA,NA,NA,NA,NA,NA,NA,NA,NA,NA,NA,NA,NA,NA,NA,NA,NA,NA,NA,NA
El Salvador,2022,SLV,6336393,59270934528,NA,NA,NA,NA,NA,NA,NA,NA,NA,NA,NA,NA,NA,NA,NA,NA,NA,NA,NA,NA,NA,NA,NA,NA,NA
Equatorial Guinea,2015,GNQ,1346974,28026101760,27.944,NA,NA,NA,NA,NA,0,NA,NA,NA,NA,NA,NA,NA,NA,NA,NA,NA,0,NA,NA,NA,NA,NA,NA
Equatorial Guinea,2016,GNQ,1398940,25203836928,27.599,NA,NA,NA,NA,NA,0,NA,NA,NA,NA,NA,NA,NA,NA,NA,NA,NA,0,NA,NA,NA,NA,NA,NA
Equatorial Guinea,2017,GNQ,1450703,23511758848,30.995,NA,NA,NA,NA,NA,0,NA,NA,NA,NA,NA,NA,NA,NA,NA,NA,NA,0,NA,NA,NA,NA,NA,NA
Equatorial Guinea,2018,GNQ,1502102,21813516288,28.107,NA,NA,NA,NA,NA,0,NA,NA,NA,NA,NA,NA,NA,NA,NA,NA,NA,0,NA,NA,NA,NA,NA,NA
Equatorial Guinea,2019,GNQ,1553037,20617750528,27.403,NA,NA,NA,NA,NA,0,NA,NA,NA,NA,NA,NA,NA,NA,NA,NA,NA,0,NA,NA,NA,NA,NA,NA
Equatorial Guinea,2020,GNQ,1596057,19743252480,18.08,NA,NA,NA,NA,NA,0,NA,NA,NA,NA,NA,NA,NA,NA,NA,NA,NA,0,NA,NA,NA,NA,NA,NA
Equatorial Guinea,2021,GNQ,1634473,19556603904,20.266,NA,NA,NA,NA,NA,0,NA,NA,NA,NA,NA,NA,NA,NA,NA,NA,NA,0,NA,NA,NA,NA,NA,NA
Equatorial Guinea,2022,GNQ,1674916,20191379456,NA,NA,NA,NA,NA,NA,0,NA,NA,NA,NA,NA,NA,NA,NA,NA,NA,NA,NA,NA,NA,NA,NA,NA,NA
Eritrea,2015,ERI,3340005,NA,2.364,NA,NA,NA,NA,NA,NA,NA,NA,NA,NA,NA,NA,NA,NA,NA,NA,NA,NA,NA,NA,NA,NA,NA,NA
Eritrea,2016,ERI,3365288,NA,2.406,NA,NA,NA,NA,NA,NA,NA,NA,NA,NA,NA,NA,NA,NA,NA,NA,NA,NA,NA,NA,NA,NA,NA,NA
Eritrea,2017,ERI,3396933,NA,2.644,NA,NA,NA,NA,NA,NA,NA,NA,NA,NA,NA,NA,NA,NA,NA,NA,NA,NA,NA,NA,NA,NA,NA,NA
Eritrea,2018,ERI,3445380,NA,3.019,NA,NA,NA,NA,NA,NA,NA,NA,NA,NA,NA,NA,NA,NA,NA,NA,NA,NA,NA,NA,NA,NA,NA,NA
Eritrea,2019,ERI,3498819,NA,3.277,NA,NA,NA,NA,NA,NA,NA,NA,NA,NA,NA,NA,NA,NA,NA,NA,NA,NA,NA,NA,NA,NA,NA,NA
Eritrea,2020,ERI,3555869,NA,3.135,NA,NA,NA,NA,NA,NA,NA,NA,NA,NA,NA,NA,NA,NA,NA,NA,NA,NA,NA,NA,NA,NA,NA,NA
Eritrea,2021,ERI,3620324,NA,3.311,NA,NA,NA,NA,NA,NA,NA,NA,NA,NA,NA,NA,NA,NA,NA,NA,NA,NA,NA,NA,NA,NA,NA,NA
Eritrea,2022,ERI,3684041,NA,NA,NA,NA,NA,NA,NA,NA,NA,NA,NA,NA,NA,NA,NA,NA,NA,NA,NA,NA,NA,NA,NA,NA,NA,NA
Estonia,2015,EST,1314658,32106016768,68.626,63.892,41.969,17.381,4.541,4.735,0,4.735,0.073,0.016,1.925,0.03,2.691,93.10173986535715,61.15612158657069,25.327135488007457,6.617025617113049,6.899717308308804,0,6.899717308308804,0.10637367761489813,0.02331477865532014,2.805059306968204,0.04371520997872526,3.9212543350916556
Estonia,2016,EST,1315928,33119084544,70.763,66,44.064,16.955,4.981,4.763,0,4.763,0.094,0.026,1.59,0.022,3.031,93.2690812995492,62.26983027853539,23.960261718694795,7.038989302319008,6.7309187004507995,0,6.7309187004507995,0.1328377824569337,0.03674236536042847,2.246936958580049,0.031089693766516394,4.283311900286873
Estonia,2017,EST,1317550,35037376512,78.484,72.885,50.301,17.695,4.889,5.599,0,5.599,0.069,0.039,1.924,0.029,3.539,92.86606187248357,64.09077009326742,22.545996636257073,6.229295142959075,7.133938127516437,0,7.133938127516437,0.08791600835839153,0.04969165689822129,2.451455073645584,0.03695020641149789,4.509199327251415
Estonia,2018,EST,1322146,36363239424,77.879,71.624,49.145,17.475,5.004,6.255,0,6.255,0.04,0.081,1.683,0.199,4.252,91.96830981394213,63.10430282874716,22.438654836348697,6.425352148846287,8.031690186057858,0,8.031690186057858,0.05136172780852348,0.10400749881226004,2.1610446975436255,0.2555245958474043,5.459751666046045
Estonia,2019,EST,1327039,37723176960,62.761,56.054,35.805,15.589,4.661,6.707,0,6.707,0.05,0.194,1.811,0.301,4.351,89.31342712831217,57.04976020139896,24.8386736986345,7.426586574465032,10.686572871687831,0,10.686572871687831,0.07966730931629515,0.3091091601472252,2.88554994343621,0.4795972020840968,6.932649256704004
Estonia,2020,EST,1329449,37515272192,58.733,49.463,29.108,16.054,4.3,9.271,0,9.271,0.079,0.643,2.217,0.422,5.91,84.21670951594504,49.55987264399912,27.333866821037578,7.321267430575657,15.784993104387654,0,15.784993104387654,0.13450700628266904,1.0947848739209645,3.7747092775781934,0.7185057803960295,10.062486166209798
Estonia,2021,EST,1328704,40521482240,61.401,52.411,31.76,15.788,4.863,8.99,0,8.99,0.055,0.926,1.913,0.482,5.613,85.35854464910994,51.72554192928453,25.71293627139623,7.920066448429179,14.64145535089005,0,14.64145535089005,0.08957508835360987,1.508118760280777,3.115584436735558,0.7850035015716356,9.141544925978405
Estonia,2022,EST,1326064,39999856640,63.392,54.665,34.259,16.369,4.037,8.727,0,8.727,0.06,1.554,1.742,0.277,5.095,86.2332786471479,54.04309692074709,25.821870267541648,6.368311458859162,13.766721352852096,0,13.766721352852096,0.09464916708732962,2.4514134275618376,2.7479808177688034,0.4369636547198385,8.037291771832408
Eswatini,2015,SWZ,1133941,8445665792,5.688,NA,NA,NA,NA,NA,NA,NA,NA,NA,NA,NA,NA,NA,NA,NA,NA,NA,NA,NA,NA,NA,NA,NA,NA
Eswatini,2016,SWZ,1142529,8545156096,6.019,NA,NA,NA,NA,NA,NA,NA,NA,NA,NA,NA,NA,NA,NA,NA,NA,NA,NA,NA,NA,NA,NA,NA,NA
Eswatini,2017,SWZ,1151397,8725282816,6.395,NA,NA,NA,NA,NA,NA,NA,NA,NA,NA,NA,NA,NA,NA,NA,NA,NA,NA,NA,NA,NA,NA,NA,NA
Eswatini,2018,SWZ,1160430,8936239104,6.758,NA,NA,NA,NA,NA,NA,NA,NA,NA,NA,NA,NA,NA,NA,NA,NA,NA,NA,NA,NA,NA,NA,NA,NA
Eswatini,2019,SWZ,1169620,9177836544,6.761,NA,NA,NA,NA,NA,NA,NA,NA,NA,NA,NA,NA,NA,NA,NA,NA,NA,NA,NA,NA,NA,NA,NA,NA
Eswatini,2020,SWZ,1180663,9034694656,6.629,NA,NA,NA,NA,NA,NA,NA,NA,NA,NA,NA,NA,NA,NA,NA,NA,NA,NA,NA,NA,NA,NA,NA,NA
Eswatini,2021,SWZ,1192273,9746927616,7.131,NA,NA,NA,NA,NA,NA,NA,NA,NA,NA,NA,NA,NA,NA,NA,NA,NA,NA,NA,NA,NA,NA,NA,NA
Eswatini,2022,SWZ,1201680,9594910720,NA,NA,NA,NA,NA,NA,NA,NA,NA,NA,NA,NA,NA,NA,NA,NA,NA,NA,NA,NA,NA,NA,NA,NA,NA
Ethiopia,2015,ETH,102471896,157107159040,73.311,NA,NA,NA,NA,NA,NA,NA,NA,NA,NA,NA,NA,NA,NA,NA,NA,NA,NA,NA,NA,NA,NA,NA,NA
Ethiopia,2016,ETH,105293232,173708918784,84.997,NA,NA,NA,NA,NA,NA,NA,NA,NA,NA,NA,NA,NA,NA,NA,NA,NA,NA,NA,NA,NA,NA,NA,NA
Ethiopia,2017,ETH,108197944,190761664512,86.015,NA,NA,NA,NA,NA,NA,NA,NA,NA,NA,NA,NA,NA,NA,NA,NA,NA,NA,NA,NA,NA,NA,NA,NA
Ethiopia,2018,ETH,111129440,206205566976,91.524,NA,NA,NA,NA,NA,NA,NA,NA,NA,NA,NA,NA,NA,NA,NA,NA,NA,NA,NA,NA,NA,NA,NA,NA
Ethiopia,2019,ETH,114120592,221885284352,105.218,NA,NA,NA,NA,NA,NA,NA,NA,NA,NA,NA,NA,NA,NA,NA,NA,NA,NA,NA,NA,NA,NA,NA,NA
Ethiopia,2020,ETH,117190920,237860192256,100.796,NA,NA,NA,NA,NA,NA,NA,NA,NA,NA,NA,NA,NA,NA,NA,NA,NA,NA,NA,NA,NA,NA,NA,NA
Ethiopia,2021,ETH,120283024,251849818112,104.837,NA,NA,NA,NA,NA,NA,NA,NA,NA,NA,NA,NA,NA,NA,NA,NA,NA,NA,NA,NA,NA,NA,NA,NA
Ethiopia,2022,ETH,123379928,269977223168,NA,NA,NA,NA,NA,NA,NA,NA,NA,NA,NA,NA,NA,NA,NA,NA,NA,NA,NA,NA,NA,NA,NA,NA,NA
Falkland Islands,2015,FLK,3431,NA,0.199,NA,NA,NA,NA,NA,NA,NA,NA,NA,NA,NA,NA,NA,NA,NA,NA,NA,NA,NA,NA,NA,NA,NA,NA
Falkland Islands,2016,FLK,3527,NA,0.208,NA,NA,NA,NA,NA,NA,NA,NA,NA,NA,NA,NA,NA,NA,NA,NA,NA,NA,NA,NA,NA,NA,NA,NA
Falkland Islands,2017,FLK,3619,NA,0.2,NA,NA,NA,NA,NA,NA,NA,NA,NA,NA,NA,NA,NA,NA,NA,NA,NA,NA,NA,NA,NA,NA,NA,NA
Falkland Islands,2018,FLK,3674,NA,0.207,NA,NA,NA,NA,NA,NA,NA,NA,NA,NA,NA,NA,NA,NA,NA,NA,NA,NA,NA,NA,NA,NA,NA,NA
Falkland Islands,2019,FLK,3729,NA,0.207,NA,NA,NA,NA,NA,NA,NA,NA,NA,NA,NA,NA,NA,NA,NA,NA,NA,NA,NA,NA,NA,NA,NA,NA
Falkland Islands,2020,FLK,3764,NA,0.177,NA,NA,NA,NA,NA,NA,NA,NA,NA,NA,NA,NA,NA,NA,NA,NA,NA,NA,NA,NA,NA,NA,NA,NA
Falkland Islands,2021,FLK,3786,NA,0.187,NA,NA,NA,NA,NA,NA,NA,NA,NA,NA,NA,NA,NA,NA,NA,NA,NA,NA,NA,NA,NA,NA,NA,NA
Falkland Islands,2022,FLK,3801,NA,NA,NA,NA,NA,NA,NA,NA,NA,NA,NA,NA,NA,NA,NA,NA,NA,NA,NA,NA,NA,NA,NA,NA,NA,NA
Faroe Islands,2015,FRO,48848,NA,3.41,NA,NA,NA,NA,NA,NA,NA,NA,NA,NA,NA,NA,NA,NA,NA,NA,NA,NA,NA,NA,NA,NA,NA,NA
Faroe Islands,2016,FRO,49523,NA,3.397,NA,NA,NA,NA,NA,NA,NA,NA,NA,NA,NA,NA,NA,NA,NA,NA,NA,NA,NA,NA,NA,NA,NA,NA
Faroe Islands,2017,FRO,50259,NA,3.822,NA,NA,NA,NA,NA,NA,NA,NA,NA,NA,NA,NA,NA,NA,NA,NA,NA,NA,NA,NA,NA,NA,NA,NA
Faroe Islands,2018,FRO,50978,NA,3.926,NA,NA,NA,NA,NA,NA,NA,NA,NA,NA,NA,NA,NA,NA,NA,NA,NA,NA,NA,NA,NA,NA,NA,NA
Faroe Islands,2019,FRO,51708,NA,3.875,NA,NA,NA,NA,NA,NA,NA,NA,NA,NA,NA,NA,NA,NA,NA,NA,NA,NA,NA,NA,NA,NA,NA,NA
Faroe Islands,2020,FRO,52440,NA,3.59,NA,NA,NA,NA,NA,NA,NA,NA,NA,NA,NA,NA,NA,NA,NA,NA,NA,NA,NA,NA,NA,NA,NA,NA
Faroe Islands,2021,FRO,52915,NA,3.755,NA,NA,NA,NA,NA,NA,NA,NA,NA,NA,NA,NA,NA,NA,NA,NA,NA,NA,NA,NA,NA,NA,NA,NA
Faroe Islands,2022,FRO,53117,NA,NA,NA,NA,NA,NA,NA,NA,NA,NA,NA,NA,NA,NA,NA,NA,NA,NA,NA,NA,NA,NA,NA,NA,NA,NA
Fiji,2015,FJI,917209,NA,7.55,NA,NA,NA,NA,NA,NA,NA,NA,NA,NA,NA,NA,NA,NA,NA,NA,NA,NA,NA,NA,NA,NA,NA,NA
Fiji,2016,FJI,918371,NA,7.434,NA,NA,NA,NA,NA,NA,NA,NA,NA,NA,NA,NA,NA,NA,NA,NA,NA,NA,NA,NA,NA,NA,NA,NA
Fiji,2017,FJI,919022,NA,8.076,NA,NA,NA,NA,NA,NA,NA,NA,NA,NA,NA,NA,NA,NA,NA,NA,NA,NA,NA,NA,NA,NA,NA,NA
Fiji,2018,FJI,919002,NA,8.562,NA,NA,NA,NA,NA,NA,NA,NA,NA,NA,NA,NA,NA,NA,NA,NA,NA,NA,NA,NA,NA,NA,NA,NA
Fiji,2019,FJI,918472,NA,8.65,NA,NA,NA,NA,NA,NA,NA,NA,NA,NA,NA,NA,NA,NA,NA,NA,NA,NA,NA,NA,NA,NA,NA,NA
Fiji,2020,FJI,920430,NA,8.312,NA,NA,NA,NA,NA,NA,NA,NA,NA,NA,NA,NA,NA,NA,NA,NA,NA,NA,NA,NA,NA,NA,NA,NA
Fiji,2021,FJI,924615,NA,8.528,NA,NA,NA,NA,NA,NA,NA,NA,NA,NA,NA,NA,NA,NA,NA,NA,NA,NA,NA,NA,NA,NA,NA,NA
Fiji,2022,FJI,929769,NA,NA,NA,NA,NA,NA,NA,NA,NA,NA,NA,NA,NA,NA,NA,NA,NA,NA,NA,NA,NA,NA,NA,NA,NA,NA
Finland,2015,FIN,5479457,202706714624,328.893,175.874,44.405,108.59,22.879,153.02,60.069,92.951,45.158,0.03,6.268,5.042,36.453,53.47453427102432,13.50135150337648,33.01681701951699,6.956365748130852,46.52576977922912,18.263994673039562,28.261775106189553,13.730301344206172,0.009121507602776587,1.905786988473455,1.5330213777733184,11.083543888133834
Finland,2016,FIN,5495217,208405725184,334.083,185.297,50.921,114.299,20.077,148.787,59.606,89.181,42.295,0.059,8.213,1.831,36.783,55.46436065289164,15.242020695455919,34.212755512851594,6.009584444584131,44.535938673922345,17.84167407500531,26.694264598917034,12.660027597932249,0.017660282025724144,2.4583711233436,0.5480673964254391,11.01013819919002
Finland,2017,FIN,5508146,215058874368,327.216,175.713,46.646,110.743,18.324,151.503,57.401,94.102,39.311,0.129,12.761,4.036,37.864,53.69939122781282,14.25541538311085,33.84400518312063,5.599970661581341,46.300608772187175,17.542235098528188,28.758373673658987,12.01377683242873,0.03942350007334605,3.899870421984255,1.2334360177986403,11.571561292846315
Finland,2018,FIN,5515465,217509953536,333.841,180.042,48.881,110.148,21.013,153.799,57.868,95.931,35.191,0.239,15.448,3.842,41.212,53.930463903475015,14.64200023364416,32.99414990968754,6.294313760143303,46.06953609652499,17.334000317516423,28.73553577900857,10.541245682825059,0.07159096695732399,4.627352542078414,1.1508472596235932,12.344798871318982
Finland,2019,FIN,5521539,220173893632,326.982,170.712,41.047,109.326,20.338,156.27,60.378,95.892,32.74,0.388,15.881,4.452,42.431,52.208378442850055,12.553290395189947,33.434867974383906,6.219914246044125,47.79162155714993,18.46523661852946,29.32638493862047,10.012783578300946,0.1186609660470607,4.856842272663327,1.3615428372203973,12.976555284388741
Finland,2020,FIN,5529468,214988898304,313.95,150.225,31.429,98.078,20.718,163.725,58.697,105.028,41.714,0.574,21.682,4.124,36.933,47.849976110845674,10.010829749960184,31.240006370441154,6.599139990444339,52.150023889154326,18.69628921802835,33.45373467112598,13.286829112916068,0.18283166109253063,6.906195254021341,1.3135849657588787,11.763975155279503
Finland,2021,FIN,5535982,221538484224,320.64,146.418,33.982,91.721,20.715,174.222,59.253,114.969,41.32,0.779,22.259,7.263,43.347,45.66429640718563,10.598178642714572,28.605601297405194,6.460516467065869,54.335703592814376,18.479603293413174,35.85610029940119,12.886726546906187,0.24295159680638723,6.942053393213573,2.2651571856287425,13.518899700598801
Finland,2022,FIN,5540745,226154840064,320.73,142.9,33.263,98.393,11.243,177.83,63.386,114.445,35.175,1.023,31.343,6.17,40.734,44.554609796401955,10.37102859102672,30.67782870327066,3.5054407133726184,55.445390203598045,19.763040563714025,35.682661428615965,10.967168646525113,0.31895987279019733,9.772394225672684,1.9237364761637514,12.700402207464222
France,2015,FRA,63809768,2464953663488,2822.273,1412.453,102.28,902.656,407.518,1409.82,1130.386,279.434,146.92,19.559,57.495,32.748,22.711,50.0466467985202,3.624029284197525,31.9832985682108,14.439354378545236,49.95335320147979,40.05232661758802,9.901026583891777,5.205733109447596,0.6930229641143858,2.037187756110057,1.1603413277170562,0.8047059940693192
France,2016,FRA,63989320,2491956330496,2765.453,1432.812,99.514,887.998,445.299,1332.641,1035.759,296.882,160.417,21.858,57.042,32.946,24.619,51.811113766894614,3.5984701240628567,32.11039927274121,16.102208209649557,48.18888623310539,37.45350219294995,10.735384040155447,5.80074946129983,0.7903949190241165,2.0626638745984835,1.1913418886526004,0.8902338965804156
France,2017,FRA,64144092,2549057585152,2754.919,1458.23,109.046,901.527,447.657,1296.689,1017.315,279.374,130.309,24.225,65.318,33.204,26.319,52.93186478440928,3.9582288989258854,32.72426521433117,16.24937067115222,47.068135215590736,36.9272200017496,10.140915213841135,4.730048324469794,0.8793361982693503,2.3709590009724426,1.2052622962780395,0.9553456925593821
France,2018,FRA,64277812,2596599234560,2788.956,1408.24,100.205,879.651,428.384,1380.716,1048.389,332.328,169.104,27.325,75.485,32.826,27.588,50.4934462931649,3.5929215089804214,31.540511933497694,15.36001285068678,49.50655370683509,37.59073287638815,11.91585668615783,6.063344133073452,0.9797572998641785,2.7065683359651422,1.1769995654287841,0.9891873518262748
France,2019,FRA,64399760,2644453883904,2729.562,1388.441,79.423,872.398,436.62,1341.122,1009.287,331.834,147.688,30.704,91.245,34.182,28.017,50.86680573659803,2.909734235749179,31.961098520568505,15.995972980280355,49.13323089931645,36.97615221782836,12.157042045573613,5.410684937729935,1.1248691181955202,3.3428440167323554,1.2522888287571414,1.02642841598762
France,2020,FRA,64480052,2438594035712,2441.166,1190.199,55.982,728.389,405.828,1250.967,891.721,359.246,162.052,33.396,104.869,30.8,28.128,48.75534887836386,2.293248390318397,29.837749665528683,16.624350822516778,51.24465112163614,36.52848679688312,14.716164324753006,6.638303171517217,1.368034783378107,4.295856979820298,1.2616921585832344,1.1522362674230264
France,2021,FRA,64531448,2604822691840,2593.625,1287.57,75.042,782.114,430.414,1306.055,952.558,353.496,153.476,38.938,96.762,34.84,29.48,49.643645476890455,2.8933249795170854,30.155246035953542,16.595074461419827,50.356354523109545,36.72689768181599,13.629418285218565,5.917432165405562,1.5012964480215913,3.730762928333896,1.3432936527061548,1.1366330907513615
France,2022,FRA,64626624,2671568748544,2298.56,1225.805,64.419,777.668,383.718,1072.755,737.357,335.398,115.418,49.911,98.816,40.186,31.067,53.329258318251426,2.80258074620632,33.83283447027704,16.693843101768064,46.67074168174858,32.07908429625505,14.591657385493528,5.0213176945565925,2.1714029653348184,4.29903939857998,1.7483119866351107,1.3515853403870248
French Guiana,2015,GUF,257033,NA,NA,NA,NA,NA,NA,NA,NA,NA,NA,NA,NA,NA,NA,NA,NA,NA,NA,NA,NA,NA,NA,NA,NA,NA,NA
French Guiana,2016,GUF,262825,NA,NA,NA,NA,NA,NA,NA,NA,NA,NA,NA,NA,NA,NA,NA,NA,NA,NA,NA,NA,NA,NA,NA,NA,NA,NA
French Guiana,2017,GUF,269363,NA,NA,NA,NA,NA,NA,NA,NA,NA,NA,NA,NA,NA,NA,NA,NA,NA,NA,NA,NA,NA,NA,NA,NA,NA,NA
French Guiana,2018,GUF,276659,NA,NA,NA,NA,NA,NA,NA,NA,NA,NA,NA,NA,NA,NA,NA,NA,NA,NA,NA,NA,NA,NA,NA,NA,NA,NA
French Guiana,2019,GUF,284088,NA,NA,NA,NA,NA,NA,NA,NA,NA,NA,NA,NA,NA,NA,NA,NA,NA,NA,NA,NA,NA,NA,NA,NA,NA,NA
French Guiana,2020,GUF,290978,NA,NA,NA,NA,NA,NA,NA,NA,NA,NA,NA,NA,NA,NA,NA,NA,NA,NA,NA,NA,NA,NA,NA,NA,NA,NA
French Guiana,2021,GUF,297462,NA,NA,NA,NA,NA,NA,NA,NA,NA,NA,NA,NA,NA,NA,NA,NA,NA,NA,NA,NA,NA,NA,NA,NA,NA,NA
French Polynesia,2015,PYF,291796,NA,4.75,NA,NA,NA,NA,NA,NA,NA,NA,NA,NA,NA,NA,NA,NA,NA,NA,NA,NA,NA,NA,NA,NA,NA,NA
French Polynesia,2016,PYF,293552,NA,4.72,NA,NA,NA,NA,NA,NA,NA,NA,NA,NA,NA,NA,NA,NA,NA,NA,NA,NA,NA,NA,NA,NA,NA,NA
French Polynesia,2017,PYF,295456,NA,4.598,NA,NA,NA,NA,NA,NA,NA,NA,NA,NA,NA,NA,NA,NA,NA,NA,NA,NA,NA,NA,NA,NA,NA,NA
French Polynesia,2018,PYF,297615,NA,4.683,NA,NA,NA,NA,NA,NA,NA,NA,NA,NA,NA,NA,NA,NA,NA,NA,NA,NA,NA,NA,NA,NA,NA,NA
French Polynesia,2019,PYF,299730,NA,4.718,NA,NA,NA,NA,NA,NA,NA,NA,NA,NA,NA,NA,NA,NA,NA,NA,NA,NA,NA,NA,NA,NA,NA,NA
French Polynesia,2020,PYF,301935,NA,4.498,NA,NA,NA,NA,NA,NA,NA,NA,NA,NA,NA,NA,NA,NA,NA,NA,NA,NA,NA,NA,NA,NA,NA,NA
French Polynesia,2021,PYF,304038,NA,4.634,NA,NA,NA,NA,NA,NA,NA,NA,NA,NA,NA,NA,NA,NA,NA,NA,NA,NA,NA,NA,NA,NA,NA,NA
French Polynesia,2022,PYF,306292,NA,NA,NA,NA,NA,NA,NA,NA,NA,NA,NA,NA,NA,NA,NA,NA,NA,NA,NA,NA,NA,NA,NA,NA,NA,NA
Gabon,2015,GAB,2028524,32729962496,20.505,NA,NA,NA,NA,NA,0,NA,NA,NA,NA,NA,NA,NA,NA,NA,NA,NA,0,NA,NA,NA,NA,NA,NA
Gabon,2016,GAB,2086210,33414338560,20.321,NA,NA,NA,NA,NA,0,NA,NA,NA,NA,NA,NA,NA,NA,NA,NA,NA,0,NA,NA,NA,NA,NA,NA
Gabon,2017,GAB,2140225,33572390912,21.514,NA,NA,NA,NA,NA,0,NA,NA,NA,NA,NA,NA,NA,NA,NA,NA,NA,0,NA,NA,NA,NA,NA,NA
Gabon,2018,GAB,2192013,33855404032,19.279,NA,NA,NA,NA,NA,0,NA,NA,NA,NA,NA,NA,NA,NA,NA,NA,NA,0,NA,NA,NA,NA,NA,NA
Gabon,2019,GAB,2242788,35180838912,16.659,NA,NA,NA,NA,NA,0,NA,NA,NA,NA,NA,NA,NA,NA,NA,NA,NA,0,NA,NA,NA,NA,NA,NA
Gabon,2020,GAB,2292583,34525073408,19.182,NA,NA,NA,NA,NA,0,NA,NA,NA,NA,NA,NA,NA,NA,NA,NA,NA,0,NA,NA,NA,NA,NA,NA
Gabon,2021,GAB,2341185,35037429760,18.752,NA,NA,NA,NA,NA,0,NA,NA,NA,NA,NA,NA,NA,NA,NA,NA,NA,0,NA,NA,NA,NA,NA,NA
Gabon,2022,GAB,2388997,36035293184,NA,NA,NA,NA,NA,NA,0,NA,NA,NA,NA,NA,NA,NA,NA,NA,NA,NA,NA,NA,NA,NA,NA,NA,NA
Gambia,2015,GMB,2253137,3514848000,2.318,NA,NA,NA,NA,NA,NA,NA,NA,NA,NA,NA,NA,NA,NA,NA,NA,NA,NA,NA,NA,NA,NA,NA,NA
Gambia,2016,GMB,2317212,3558432768,2.337,NA,NA,NA,NA,NA,NA,NA,NA,NA,NA,NA,NA,NA,NA,NA,NA,NA,NA,NA,NA,NA,NA,NA,NA
Gambia,2017,GMB,2381189,3704517888,2.377,NA,NA,NA,NA,NA,NA,NA,NA,NA,NA,NA,NA,NA,NA,NA,NA,NA,NA,NA,NA,NA,NA,NA,NA
Gambia,2018,GMB,2444916,3947002112,2.393,NA,NA,NA,NA,NA,NA,NA,NA,NA,NA,NA,NA,NA,NA,NA,NA,NA,NA,NA,NA,NA,NA,NA,NA
Gambia,2019,GMB,2508882,4192588544,2.44,NA,NA,NA,NA,NA,NA,NA,NA,NA,NA,NA,NA,NA,NA,NA,NA,NA,NA,NA,NA,NA,NA,NA,NA
Gambia,2020,GMB,2574005,4217390080,2.33,NA,NA,NA,NA,NA,NA,NA,NA,NA,NA,NA,NA,NA,NA,NA,NA,NA,NA,NA,NA,NA,NA,NA,NA
Gambia,2021,GMB,2639922,4439051264,2.458,NA,NA,NA,NA,NA,NA,NA,NA,NA,NA,NA,NA,NA,NA,NA,NA,NA,NA,NA,NA,NA,NA,NA,NA
Gambia,2022,GMB,2705995,4656793600,NA,NA,NA,NA,NA,NA,NA,NA,NA,NA,NA,NA,NA,NA,NA,NA,NA,NA,NA,NA,NA,NA,NA,NA,NA
Georgia,2015,GEO,3771135,52369350656,68.213,NA,NA,NA,NA,NA,NA,NA,NA,NA,NA,NA,NA,NA,NA,NA,NA,NA,NA,NA,NA,NA,NA,NA,NA
Georgia,2016,GEO,3771112,53891203072,72.101,NA,NA,NA,NA,NA,NA,NA,NA,NA,NA,NA,NA,NA,NA,NA,NA,NA,NA,NA,NA,NA,NA,NA,NA
Georgia,2017,GEO,3771904,56501157888,71.688,NA,NA,NA,NA,NA,NA,NA,NA,NA,NA,NA,NA,NA,NA,NA,NA,NA,NA,NA,NA,NA,NA,NA,NA
Georgia,2018,GEO,3772323,59237502976,73.12,NA,NA,NA,NA,NA,NA,NA,NA,NA,NA,NA,NA,NA,NA,NA,NA,NA,NA,NA,NA,NA,NA,NA,NA
Georgia,2019,GEO,3770814,62188711936,74.132,NA,NA,NA,NA,NA,NA,NA,NA,NA,NA,NA,NA,NA,NA,NA,NA,NA,NA,NA,NA,NA,NA,NA,NA
Georgia,2020,GEO,3765912,57984757760,70.411,NA,NA,NA,NA,NA,NA,NA,NA,NA,NA,NA,NA,NA,NA,NA,NA,NA,NA,NA,NA,NA,NA,NA,NA
Georgia,2021,GEO,3757984,64053444608,78.297,NA,NA,NA,NA,NA,NA,NA,NA,NA,NA,NA,NA,NA,NA,NA,NA,NA,NA,NA,NA,NA,NA,NA,NA
Georgia,2022,GEO,3744385,70528606208,NA,NA,NA,NA,NA,NA,NA,NA,NA,NA,NA,NA,NA,NA,NA,NA,NA,NA,NA,NA,NA,NA,NA,NA,NA
Germany,2015,DEU,82073232,3628073746432,3780.86,2981.134,915.056,1296.542,769.536,799.726,237.191,562.535,51.105,102.538,217.118,30.778,160.996,78.8480398639463,24.202324338907022,34.292250969356175,20.353464555683097,21.151960136053702,6.273466883195887,14.878493252857814,1.3516766026776976,2.7120284802928434,5.742555926429437,0.8140475976365166,4.258184645821321
Germany,2016,DEU,82331432,3708980035584,3841.451,3060.661,889.935,1321.879,848.847,780.79,217.415,563.375,55.002,100.539,213.96,30.851,163.024,79.67460732936591,23.166636773448364,34.41092962008366,22.09704093583388,20.32539267063409,5.659710354238542,14.66568231639555,1.4318027224608618,2.6172141724572304,5.569770381035708,0.8031079922664639,4.243813080005446
Germany,2017,DEU,82624368,3808389496832,3888.133,3060.821,835.93,1347.506,877.385,827.313,194.914,632.398,53.625,103.154,281.28,31.384,162.955,78.72212704657994,21.499521749898985,34.65689059504909,22.565714701631865,21.277898672704872,5.01304867914755,16.264824274272513,1.3791966478512951,2.6530471051273192,7.234320430911185,0.8071740344273203,4.191086055955391
Germany,2018,DEU,82896696,3845758648320,3787.682,2944.437,806.69,1279.239,858.507,843.246,192.963,650.283,46.811,117.259,290.9,32.718,162.595,77.73717540173647,21.297722459277207,33.77366420940301,22.665762331684654,22.262850999635134,5.094487868833761,17.168363130801374,1.2358746061575392,3.095798432920187,7.680158999620349,0.8638000761415559,4.292731015961741
Germany,2019,DEU,83148144,3886392803328,3694.84,2809.212,624.218,1292.164,892.83,885.628,189.89,695.738,52.01,119.201,331.853,32.16,160.513,76.03068062487144,16.894317480594555,34.97212328544673,24.164239858830154,23.96931937512856,5.139329443223522,18.829989931905036,1.4076387610830239,3.226147816955538,8.981525587034891,0.8704030485758516,4.344247653484318
Germany,2020,DEU,83328992,3742720851968,3443.882,2554.146,514.867,1168.205,871.075,889.736,162.255,727.481,48.119,129.991,346.938,39.271,163.162,74.16473619014822,14.95019283471385,33.92116803072811,25.293404361705775,25.83526380985179,4.71139835801575,21.12386545183604,1.397231380169239,3.774548605323876,10.074038541390209,1.1403120083673017,4.737734916585412
Germany,2021,DEU,83408560,3841041629184,3544.581,2695.155,621.935,1155.841,917.38,849.426,173.583,675.842,51.437,129.107,299.994,34.888,160.416,76.03592639017137,17.54607949430412,32.608677866297874,25.88119724164859,23.964073609828638,4.897137348532873,19.066908049216536,1.4511447192206919,3.6423769128142367,8.463454495749993,0.9842630200861539,4.525668901345462
Germany,2022,DEU,83369840,3909612732416,3413,2597.101,641.76,1179.893,775.447,815.899,86.835,729.064,45.949,157.221,325.412,34.941,165.541,76.09437445062994,18.803398769411075,34.570553765016115,22.72039261646645,23.905625549370054,2.5442426018165833,21.36138294755347,1.3462935833577498,4.6065338411954295,9.534485789627894,1.0237620861412249,4.850307647231175
Ghana,2015,GHA,28870946,105234481152,82.196,NA,NA,NA,NA,NA,NA,NA,NA,NA,NA,NA,NA,NA,NA,NA,NA,NA,NA,NA,NA,NA,NA,NA,NA
Ghana,2016,GHA,29554298,108784041984,83.195,NA,NA,NA,NA,NA,NA,NA,NA,NA,NA,NA,NA,NA,NA,NA,NA,NA,NA,NA,NA,NA,NA,NA,NA
Ghana,2017,GHA,30222266,117627101184,83.352,NA,NA,NA,NA,NA,NA,NA,NA,NA,NA,NA,NA,NA,NA,NA,NA,NA,NA,NA,NA,NA,NA,NA,NA
Ghana,2018,GHA,30870648,124919971840,96.078,NA,NA,NA,NA,NA,NA,NA,NA,NA,NA,NA,NA,NA,NA,NA,NA,NA,NA,NA,NA,NA,NA,NA,NA
Ghana,2019,GHA,31522294,133049778176,98.841,NA,NA,NA,NA,NA,NA,NA,NA,NA,NA,NA,NA,NA,NA,NA,NA,NA,NA,NA,NA,NA,NA,NA,NA
Ghana,2020,GHA,32180402,133733646336,112.122,NA,NA,NA,NA,NA,NA,NA,NA,NA,NA,NA,NA,NA,NA,NA,NA,NA,NA,NA,NA,NA,NA,NA,NA
Ghana,2021,GHA,32833036,140896419840,114.369,NA,NA,NA,NA,NA,NA,NA,NA,NA,NA,NA,NA,NA,NA,NA,NA,NA,NA,NA,NA,NA,NA,NA,NA
Ghana,2022,GHA,33475870,145431871488,NA,NA,NA,NA,NA,NA,NA,NA,NA,NA,NA,NA,NA,NA,NA,NA,NA,NA,NA,NA,NA,NA,NA,NA,NA
Gibraltar,2015,GIB,32546,NA,NA,NA,NA,NA,NA,NA,NA,NA,NA,NA,NA,NA,NA,NA,NA,NA,NA,NA,NA,NA,NA,NA,NA,NA,NA
Gibraltar,2016,GIB,32590,NA,NA,NA,NA,NA,NA,NA,NA,NA,NA,NA,NA,NA,NA,NA,NA,NA,NA,NA,NA,NA,NA,NA,NA,NA,NA
Gibraltar,2017,GIB,32628,NA,NA,NA,NA,NA,NA,NA,NA,NA,NA,NA,NA,NA,NA,NA,NA,NA,NA,NA,NA,NA,NA,NA,NA,NA,NA
Gibraltar,2018,GIB,32677,NA,NA,NA,NA,NA,NA,NA,NA,NA,NA,NA,NA,NA,NA,NA,NA,NA,NA,NA,NA,NA,NA,NA,NA,NA,NA
Gibraltar,2019,GIB,32715,NA,NA,NA,NA,NA,NA,NA,NA,NA,NA,NA,NA,NA,NA,NA,NA,NA,NA,NA,NA,NA,NA,NA,NA,NA,NA
Gibraltar,2020,GIB,32739,NA,NA,NA,NA,NA,NA,NA,NA,NA,NA,NA,NA,NA,NA,NA,NA,NA,NA,NA,NA,NA,NA,NA,NA,NA,NA
Gibraltar,2021,GIB,32698,NA,NA,NA,NA,NA,NA,NA,NA,NA,NA,NA,NA,NA,NA,NA,NA,NA,NA,NA,NA,NA,NA,NA,NA,NA,NA
Gibraltar,2022,GIB,32677,NA,NA,NA,NA,NA,NA,NA,NA,NA,NA,NA,NA,NA,NA,NA,NA,NA,NA,NA,NA,NA,NA,NA,NA,NA,NA
Greece,2015,GRC,10806644,242323734528,311.723,269.766,65.441,170.199,34.127,41.957,0,41.957,16.422,10.502,12.444,1.85,0.739,86.54029378647068,20.99331778534147,54.599436037764306,10.947860760996141,13.459706213529318,0,13.459706213529318,5.2681387000638384,3.3690167231805157,3.9920057230297417,0.5934756177760383,0.23706944947918504
Greece,2016,GRC,10749742,241143087104,306.993,265.051,50.692,169.939,44.42,41.941,0,41.941,14.838,10.52,13.776,1.932,0.875,86.33779923320726,16.512428622150992,55.355985315626086,14.46938529543019,13.661875026466403,0,13.661875026466403,4.833334962034965,3.4267882329564516,4.487398735476053,0.6293303104631051,0.28502278553582655
Greece,2017,GRC,10692230,243776815104,322.197,283.363,55.78,174.013,53.57,38.834,0,38.834,10.545,10.622,14.736,1.941,0.99,87.94712551637662,17.31238962498099,54.00826202602755,16.626473865368084,12.052874483623373,0,12.052874483623373,3.2728423914561584,3.2967408138499117,4.573599381744709,0.6024264657957709,0.3072654307768229
Greece,2018,GRC,10633275,247844012032,324.066,279.214,54.775,171.988,52.451,44.852,0,44.852,15.196,10.029,16.669,1.956,1.003,86.15960946227004,16.90242111174884,53.07190510575007,16.185283244771128,13.840390537729968,0,13.840390537729968,4.6891682558491175,3.0947399603784413,5.143705294600483,0.6035807520690231,0.3095048539495041
Greece,2019,GRC,10574026,252514238464,316.887,271.977,37.175,177.219,57.583,44.91,0,44.91,10.543,11.673,19.154,2.257,1.283,85.82775563528955,11.731311161391915,55.92498272254778,18.17146175134985,14.172244364710448,0,14.172244364710448,3.3270534922543367,3.6836474831722352,6.044425931010108,0.7122412721253949,0.4048761861483746
Greece,2020,GRC,10512232,229777833984,276.956,228.208,21.295,143.486,63.427,48.749,0,48.749,8.781,11.679,24.451,2.389,1.448,82.39864816071866,7.688946980747844,51.80822946605236,22.901471713918458,17.601712907465444,0,17.601712907465444,3.1705397247216167,4.216915322289461,8.828478169817588,0.8625918918528575,0.5228267305998064
Greece,2021,GRC,10445368,249158205440,302.536,241.738,19.908,152.027,69.803,60.799,0,60.799,15.447,13.74,27.431,2.587,1.594,79.90387920776371,6.580373905915329,50.250879234206835,23.072626067641536,20.0964513314118,0,20.0964513314118,5.105838643996086,4.541608271412327,9.067020123225005,0.8551048470264696,0.5268794457519105
Greece,2022,GRC,10384972,263892680704,314.337,252.595,18.438,172.19,61.967,61.742,0,61.742,10.051,18.614,28.374,2.885,1.818,80.35802339527322,5.865679191441033,54.77878837044319,19.71355583338901,19.641976604726775,0,19.641976604726775,3.1975236768181916,5.921670054750157,9.026617929165196,0.917804776402396,0.5783601675908341
Greenland,2015,GRL,55916,NA,3.607,NA,NA,NA,NA,NA,NA,NA,NA,NA,NA,NA,NA,NA,NA,NA,NA,NA,NA,NA,NA,NA,NA,NA,NA
Greenland,2016,GRL,55941,NA,3.56,NA,NA,NA,NA,NA,NA,NA,NA,NA,NA,NA,NA,NA,NA,NA,NA,NA,NA,NA,NA,NA,NA,NA,NA
Greenland,2017,GRL,55951,NA,3.542,NA,NA,NA,NA,NA,NA,NA,NA,NA,NA,NA,NA,NA,NA,NA,NA,NA,NA,NA,NA,NA,NA,NA,NA
Greenland,2018,GRL,55954,NA,3.611,NA,NA,NA,NA,NA,NA,NA,NA,NA,NA,NA,NA,NA,NA,NA,NA,NA,NA,NA,NA,NA,NA,NA,NA
Greenland,2019,GRL,55955,NA,3.522,NA,NA,NA,NA,NA,NA,NA,NA,NA,NA,NA,NA,NA,NA,NA,NA,NA,NA,NA,NA,NA,NA,NA,NA
Greenland,2020,GRL,56049,NA,3.552,NA,NA,NA,NA,NA,NA,NA,NA,NA,NA,NA,NA,NA,NA,NA,NA,NA,NA,NA,NA,NA,NA,NA,NA
Greenland,2021,GRL,56266,NA,3.574,NA,NA,NA,NA,NA,NA,NA,NA,NA,NA,NA,NA,NA,NA,NA,NA,NA,NA,NA,NA,NA,NA,NA,NA
Greenland,2022,GRL,56494,NA,NA,NA,NA,NA,NA,NA,NA,NA,NA,NA,NA,NA,NA,NA,NA,NA,NA,NA,NA,NA,NA,NA,NA,NA,NA
Grenada,2015,GRD,118994,NA,1.185,NA,NA,NA,NA,NA,NA,NA,NA,NA,NA,NA,NA,NA,NA,NA,NA,NA,NA,NA,NA,NA,NA,NA,NA
Grenada,2016,GRD,119973,NA,1.221,NA,NA,NA,NA,NA,NA,NA,NA,NA,NA,NA,NA,NA,NA,NA,NA,NA,NA,NA,NA,NA,NA,NA,NA
Grenada,2017,GRD,120934,NA,1.327,NA,NA,NA,NA,NA,NA,NA,NA,NA,NA,NA,NA,NA,NA,NA,NA,NA,NA,NA,NA,NA,NA,NA,NA
Grenada,2018,GRD,121853,NA,1.307,NA,NA,NA,NA,NA,NA,NA,NA,NA,NA,NA,NA,NA,NA,NA,NA,NA,NA,NA,NA,NA,NA,NA,NA
Grenada,2019,GRD,122737,NA,1.308,NA,NA,NA,NA,NA,NA,NA,NA,NA,NA,NA,NA,NA,NA,NA,NA,NA,NA,NA,NA,NA,NA,NA,NA
Grenada,2020,GRD,123672,NA,1.103,NA,NA,NA,NA,NA,NA,NA,NA,NA,NA,NA,NA,NA,NA,NA,NA,NA,NA,NA,NA,NA,NA,NA,NA
Grenada,2021,GRD,124624,NA,1.175,NA,NA,NA,NA,NA,NA,NA,NA,NA,NA,NA,NA,NA,NA,NA,NA,NA,NA,NA,NA,NA,NA,NA,NA
Grenada,2022,GRD,125459,NA,NA,NA,NA,NA,NA,NA,NA,NA,NA,NA,NA,NA,NA,NA,NA,NA,NA,NA,NA,NA,NA,NA,NA,NA,NA
Guadeloupe,2015,GLP,399094,NA,NA,NA,NA,NA,NA,NA,NA,NA,NA,NA,NA,NA,NA,NA,NA,NA,NA,NA,NA,NA,NA,NA,NA,NA,NA
Guadeloupe,2016,GLP,397861,NA,NA,NA,NA,NA,NA,NA,NA,NA,NA,NA,NA,NA,NA,NA,NA,NA,NA,NA,NA,NA,NA,NA,NA,NA,NA
Guadeloupe,2017,GLP,397027,NA,NA,NA,NA,NA,NA,NA,NA,NA,NA,NA,NA,NA,NA,NA,NA,NA,NA,NA,NA,NA,NA,NA,NA,NA,NA
Guadeloupe,2018,GLP,396273,NA,NA,NA,NA,NA,NA,NA,NA,NA,NA,NA,NA,NA,NA,NA,NA,NA,NA,NA,NA,NA,NA,NA,NA,NA,NA
Guadeloupe,2019,GLP,395487,NA,NA,NA,NA,NA,NA,NA,NA,NA,NA,NA,NA,NA,NA,NA,NA,NA,NA,NA,NA,NA,NA,NA,NA,NA,NA
Guadeloupe,2020,GLP,395649,NA,NA,NA,NA,NA,NA,NA,NA,NA,NA,NA,NA,NA,NA,NA,NA,NA,NA,NA,NA,NA,NA,NA,NA,NA,NA
Guadeloupe,2021,GLP,396057,NA,NA,NA,NA,NA,NA,NA,NA,NA,NA,NA,NA,NA,NA,NA,NA,NA,NA,NA,NA,NA,NA,NA,NA,NA,NA
Guam,2015,GUM,167996,NA,8.644,NA,NA,NA,NA,NA,NA,NA,NA,NA,NA,NA,NA,NA,NA,NA,NA,NA,NA,NA,NA,NA,NA,NA,NA
Guam,2016,GUM,168362,NA,8.145,NA,NA,NA,NA,NA,NA,NA,NA,NA,NA,NA,NA,NA,NA,NA,NA,NA,NA,NA,NA,NA,NA,NA,NA
Guam,2017,GUM,168619,NA,7.476,NA,NA,NA,NA,NA,NA,NA,NA,NA,NA,NA,NA,NA,NA,NA,NA,NA,NA,NA,NA,NA,NA,NA,NA
Guam,2018,GUM,168696,NA,7.497,NA,NA,NA,NA,NA,NA,NA,NA,NA,NA,NA,NA,NA,NA,NA,NA,NA,NA,NA,NA,NA,NA,NA,NA
Guam,2019,GUM,168632,NA,7.493,NA,NA,NA,NA,NA,NA,NA,NA,NA,NA,NA,NA,NA,NA,NA,NA,NA,NA,NA,NA,NA,NA,NA,NA
Guam,2020,GUM,169245,NA,7.124,NA,NA,NA,NA,NA,NA,NA,NA,NA,NA,NA,NA,NA,NA,NA,NA,NA,NA,NA,NA,NA,NA,NA,NA
Guam,2021,GUM,170546,NA,7.536,NA,NA,NA,NA,NA,NA,NA,NA,NA,NA,NA,NA,NA,NA,NA,NA,NA,NA,NA,NA,NA,NA,NA,NA
Guam,2022,GUM,171783,NA,NA,NA,NA,NA,NA,NA,NA,NA,NA,NA,NA,NA,NA,NA,NA,NA,NA,NA,NA,NA,NA,NA,NA,NA,NA
Guatemala,2015,GTM,16001105,116436246528,80.047,NA,NA,NA,NA,NA,NA,NA,NA,NA,NA,NA,NA,NA,NA,NA,NA,NA,NA,NA,NA,NA,NA,NA,NA
Guatemala,2016,GTM,16291004,119554400256,87.282,NA,NA,NA,NA,NA,NA,NA,NA,NA,NA,NA,NA,NA,NA,NA,NA,NA,NA,NA,NA,NA,NA,NA,NA
Guatemala,2017,GTM,16578718,123236679680,94.633,NA,NA,NA,NA,NA,NA,NA,NA,NA,NA,NA,NA,NA,NA,NA,NA,NA,NA,NA,NA,NA,NA,NA,NA
Guatemala,2018,GTM,16850176,127435358208,97.3,NA,NA,NA,NA,NA,NA,NA,NA,NA,NA,NA,NA,NA,NA,NA,NA,NA,NA,NA,NA,NA,NA,NA,NA
Guatemala,2019,GTM,17106338,132535312384,100.102,NA,NA,NA,NA,NA,NA,NA,NA,NA,NA,NA,NA,NA,NA,NA,NA,NA,NA,NA,NA,NA,NA,NA,NA
Guatemala,2020,GTM,17362716,130197389312,99.566,NA,NA,NA,NA,NA,NA,NA,NA,NA,NA,NA,NA,NA,NA,NA,NA,NA,NA,NA,NA,NA,NA,NA,NA
Guatemala,2021,GTM,17608484,140588449792,100.582,NA,NA,NA,NA,NA,NA,NA,NA,NA,NA,NA,NA,NA,NA,NA,NA,NA,NA,NA,NA,NA,NA,NA,NA
Guatemala,2022,GTM,17843914,146224644096,NA,NA,NA,NA,NA,NA,NA,NA,NA,NA,NA,NA,NA,NA,NA,NA,NA,NA,NA,NA,NA,NA,NA,NA,NA
Guinea,2015,GIN,11626003,14900875264,13.617,NA,NA,NA,NA,NA,NA,NA,NA,NA,NA,NA,NA,NA,NA,NA,NA,NA,NA,NA,NA,NA,NA,NA,NA
Guinea,2016,GIN,11930991,16533567488,15.34,NA,NA,NA,NA,NA,NA,NA,NA,NA,NA,NA,NA,NA,NA,NA,NA,NA,NA,NA,NA,NA,NA,NA,NA
Guinea,2017,GIN,12240791,18265128960,15.438,NA,NA,NA,NA,NA,NA,NA,NA,NA,NA,NA,NA,NA,NA,NA,NA,NA,NA,NA,NA,NA,NA,NA,NA
Guinea,2018,GIN,12554871,19467827200,14.088,NA,NA,NA,NA,NA,NA,NA,NA,NA,NA,NA,NA,NA,NA,NA,NA,NA,NA,NA,NA,NA,NA,NA,NA
Guinea,2019,GIN,12877537,20561330176,15.476,NA,NA,NA,NA,NA,NA,NA,NA,NA,NA,NA,NA,NA,NA,NA,NA,NA,NA,NA,NA,NA,NA,NA,NA
Guinea,2020,GIN,13205157,21528647680,17.915,NA,NA,NA,NA,NA,NA,NA,NA,NA,NA,NA,NA,NA,NA,NA,NA,NA,NA,NA,NA,NA,NA,NA,NA
Guinea,2021,GIN,13531909,22615336960,17.341,NA,NA,NA,NA,NA,NA,NA,NA,NA,NA,NA,NA,NA,NA,NA,NA,NA,NA,NA,NA,NA,NA,NA,NA
Guinea,2022,GIN,13859349,23678257152,NA,NA,NA,NA,NA,NA,NA,NA,NA,NA,NA,NA,NA,NA,NA,NA,NA,NA,NA,NA,NA,NA,NA,NA,NA
Guinea-Bissau,2015,GNB,1788931,2372699648,1.637,NA,NA,NA,NA,NA,NA,NA,NA,NA,NA,NA,NA,NA,NA,NA,NA,NA,NA,NA,NA,NA,NA,NA,NA
Guinea-Bissau,2016,GNB,1834554,2519067904,1.704,NA,NA,NA,NA,NA,NA,NA,NA,NA,NA,NA,NA,NA,NA,NA,NA,NA,NA,NA,NA,NA,NA,NA,NA
Guinea-Bissau,2017,GNB,1879835,2668676096,1.379,NA,NA,NA,NA,NA,NA,NA,NA,NA,NA,NA,NA,NA,NA,NA,NA,NA,NA,NA,NA,NA,NA,NA,NA
Guinea-Bissau,2018,GNB,1924954,2771625216,1.386,NA,NA,NA,NA,NA,NA,NA,NA,NA,NA,NA,NA,NA,NA,NA,NA,NA,NA,NA,NA,NA,NA,NA,NA
Guinea-Bissau,2019,GNB,1970460,2896348416,1.385,NA,NA,NA,NA,NA,NA,NA,NA,NA,NA,NA,NA,NA,NA,NA,NA,NA,NA,NA,NA,NA,NA,NA,NA
Guinea-Bissau,2020,GNB,2015839,2939793664,1.323,NA,NA,NA,NA,NA,NA,NA,NA,NA,NA,NA,NA,NA,NA,NA,NA,NA,NA,NA,NA,NA,NA,NA,NA
Guinea-Bissau,2021,GNB,2060730,3127940608,1.396,NA,NA,NA,NA,NA,NA,NA,NA,NA,NA,NA,NA,NA,NA,NA,NA,NA,NA,NA,NA,NA,NA,NA,NA
Guinea-Bissau,2022,GNB,2105580,3259313920,NA,NA,NA,NA,NA,NA,NA,NA,NA,NA,NA,NA,NA,NA,NA,NA,NA,NA,NA,NA,NA,NA,NA,NA,NA
Guyana,2015,GUY,755043,NA,8.493,NA,NA,NA,NA,NA,NA,NA,NA,NA,NA,NA,NA,NA,NA,NA,NA,NA,NA,NA,NA,NA,NA,NA,NA
Guyana,2016,GUY,759097,NA,9.591,NA,NA,NA,NA,NA,NA,NA,NA,NA,NA,NA,NA,NA,NA,NA,NA,NA,NA,NA,NA,NA,NA,NA,NA
Guyana,2017,GUY,763265,NA,9.51,NA,NA,NA,NA,NA,NA,NA,NA,NA,NA,NA,NA,NA,NA,NA,NA,NA,NA,NA,NA,NA,NA,NA,NA
Guyana,2018,GUY,785518,NA,9.718,NA,NA,NA,NA,NA,NA,NA,NA,NA,NA,NA,NA,NA,NA,NA,NA,NA,NA,NA,NA,NA,NA,NA,NA
Guyana,2019,GUY,798761,NA,11.33,NA,NA,NA,NA,NA,0,NA,NA,NA,NA,NA,NA,NA,NA,NA,NA,NA,0,NA,NA,NA,NA,NA,NA
Guyana,2020,GUY,797207,NA,11.015,NA,NA,NA,NA,NA,0,NA,NA,NA,NA,NA,NA,NA,NA,NA,NA,NA,0,NA,NA,NA,NA,NA,NA
Guyana,2021,GUY,804571,NA,11.015,NA,NA,NA,NA,NA,0,NA,NA,NA,NA,NA,NA,NA,NA,NA,NA,NA,0,NA,NA,NA,NA,NA,NA
Guyana,2022,GUY,808727,NA,NA,NA,NA,NA,NA,NA,0,NA,NA,NA,NA,NA,NA,NA,NA,NA,NA,NA,NA,NA,NA,NA,NA,NA,NA
Haiti,2015,HTI,10563762,17862467584,13.57,NA,NA,NA,NA,NA,NA,NA,NA,NA,NA,NA,NA,NA,NA,NA,NA,NA,NA,NA,NA,NA,NA,NA,NA
Haiti,2016,HTI,10713845,18337150976,14.088,NA,NA,NA,NA,NA,NA,NA,NA,NA,NA,NA,NA,NA,NA,NA,NA,NA,NA,NA,NA,NA,NA,NA,NA
Haiti,2017,HTI,10863546,18822569984,13.984,NA,NA,NA,NA,NA,NA,NA,NA,NA,NA,NA,NA,NA,NA,NA,NA,NA,NA,NA,NA,NA,NA,NA,NA
Haiti,2018,HTI,11012427,19129085952,14.597,NA,NA,NA,NA,NA,NA,NA,NA,NA,NA,NA,NA,NA,NA,NA,NA,NA,NA,NA,NA,NA,NA,NA,NA
Haiti,2019,HTI,11160441,18799472640,13.218,NA,NA,NA,NA,NA,NA,NA,NA,NA,NA,NA,NA,NA,NA,NA,NA,NA,NA,NA,NA,NA,NA,NA,NA
Haiti,2020,HTI,11306804,18185521152,11.048,NA,NA,NA,NA,NA,NA,NA,NA,NA,NA,NA,NA,NA,NA,NA,NA,NA,NA,NA,NA,NA,NA,NA,NA
Haiti,2021,HTI,11447575,17851170816,11.801,NA,NA,NA,NA,NA,NA,NA,NA,NA,NA,NA,NA,NA,NA,NA,NA,NA,NA,NA,NA,NA,NA,NA,NA
Haiti,2022,HTI,11585003,17550917632,NA,NA,NA,NA,NA,NA,NA,NA,NA,NA,NA,NA,NA,NA,NA,NA,NA,NA,NA,NA,NA,NA,NA,NA,NA
Honduras,2015,HND,9294510,40757800960,50.56,NA,NA,NA,NA,NA,NA,NA,NA,NA,NA,NA,NA,NA,NA,NA,NA,NA,NA,NA,NA,NA,NA,NA,NA
Honduras,2016,HND,9460798,42125312000,49.596,NA,NA,NA,NA,NA,NA,NA,NA,NA,NA,NA,NA,NA,NA,NA,NA,NA,NA,NA,NA,NA,NA,NA,NA
Honduras,2017,HND,9626845,43936104448,52.526,NA,NA,NA,NA,NA,NA,NA,NA,NA,NA,NA,NA,NA,NA,NA,NA,NA,NA,NA,NA,NA,NA,NA,NA
Honduras,2018,HND,9792854,45477892096,57.746,NA,NA,NA,NA,NA,NA,NA,NA,NA,NA,NA,NA,NA,NA,NA,NA,NA,NA,NA,NA,NA,NA,NA,NA
Honduras,2019,HND,9958832,46684516352,56.173,NA,NA,NA,NA,NA,NA,NA,NA,NA,NA,NA,NA,NA,NA,NA,NA,NA,NA,NA,NA,NA,NA,NA,NA
Honduras,2020,HND,10121762,42499284992,51.099,NA,NA,NA,NA,NA,NA,NA,NA,NA,NA,NA,NA,NA,NA,NA,NA,NA,NA,NA,NA,NA,NA,NA,NA
Honduras,2021,HND,10278346,47826182144,52.285,NA,NA,NA,NA,NA,NA,NA,NA,NA,NA,NA,NA,NA,NA,NA,NA,NA,NA,NA,NA,NA,NA,NA,NA
Honduras,2022,HND,10432858,49738256384,NA,NA,NA,NA,NA,NA,NA,NA,NA,NA,NA,NA,NA,NA,NA,NA,NA,NA,NA,NA,NA,NA,NA,NA,NA
Hong Kong,2015,HKG,7399845,346466189312,326.451,325.779,77.901,217.421,30.456,0.672,0,0.672,0,0.011,0.002,0.478,0.182,99.79414981115082,23.862999347528415,66.60141950859393,9.329424630342684,0.20585018884916878,0,0.20585018884916878,0,0.0033695715436619887,6.126493715749071e-4,0.14642319980640278,0.055751092813316534
Hong Kong,2016,HKG,7435925,354003386368,335.053,334.359,77.895,225.198,31.266,0.694,0,0.694,0,0.011,0.001,0.474,0.207,99.79286859093935,23.248560675475222,67.21264993896489,9.33165797649924,0.20713140906065608,0,0.20713140906065608,0,0.003283062679635759,2.9846024360325086e-4,0.1414701554679409,0.06178127042587292
Hong Kong,2017,HKG,7461508,367441674240,359.341,358.584,72.968,254.455,31.161,0.757,0,0.757,0,0.015,0.003,0.531,0.208,99.7893365911488,20.306060260309845,70.81156895539334,8.671707375445607,0.21066340885120263,0,0.21066340885120263,0,0.004174307969310487,8.348615938620976e-4,0.14777050211359127,0.05788373717443876
Hong Kong,2018,HKG,7481563,377902301184,363.573,362.695,74.941,257.581,30.174,0.879,0,0.879,0,0.017,0.002,0.645,0.214,99.75850792000507,20.61236670489833,70.8471201106793,8.299296152354547,0.24176712792204044,0,0.24176712792204044,0,0.004675814760722056,5.500958542025948e-4,0.17740591298033684,0.05886025639967765
Hong Kong,2019,HKG,7496121,371582304256,344.545,343.664,71.769,240.734,31.162,0.88,0,0.88,0,0.044,0.002,0.597,0.237,99.74430045422223,20.830080250765505,69.8701185621617,9.044391879144959,0.2554093079278469,0,0.2554093079278469,0,0.012770465396392343,5.804756998360155e-4,0.17327199640105065,0.06878637043056784
Hong Kong,2020,HKG,7500955,347263074304,257.87,256.739,38.231,169.066,49.443,1.131,0,1.131,0,0.137,0.002,0.704,0.288,99.56140691045874,14.825687361848994,65.56249272889441,19.173614612013804,0.43859308954124165,0,0.43859308954124165,0,0.05312754488695855,7.755845968899058e-4,0.2730057781052468,0.11168418195214642
Hong Kong,2021,HKG,7494580,369654431744,243.604,242.064,42.465,151.345,48.255,1.54,0,1.54,0,0.315,0.002,0.855,0.368,99.3678264724717,17.43197977044712,62.12746917127797,19.808788033037224,0.6321735275282836,0,0.6321735275282836,0,0.12930822153987617,8.21004581205563e-4,0.3509794584653782,0.1510648429418236
Hong Kong,2022,HKG,7488863,356690493440,217.463,215.391,41.766,128.301,45.324,2.072,0,2.072,0,0.608,0.002,1.104,0.357,99.04719423534118,19.20602585267379,58.999002129097825,20.842166253569573,0.9528057646588156,0,0.9528057646588156,0,0.27958779194621614,9.196966840336058e-4,0.5076725695865504,0.16416585809999862
Hungary,2015,HUN,9844250,226474622976,251.04,198.327,27.226,83.994,87.107,52.713,40.919,11.794,0.63,0.38,1.866,2.02,6.898,79.00215105162523,10.845283620140217,33.45841300191205,34.698454429572976,20.997848948374763,16.299792861695348,4.698056086679414,0.2509560229445507,0.15137029955385595,0.7433078393881454,0.8046526449968132,2.7477692797960485
Hungary,2016,HUN,9815106,231459340288,255.495,202.307,25.507,83.439,93.362,53.187,41.24,11.947,0.693,0.653,1.831,2.158,6.611,79.182371474979945,9.983365623593416,32.65778195268009,36.54161529579835,20.817237127928138,16.141216070764592,4.676021057163545,0.27123818470028765,0.25558230102350343,0.7166480753048005,0.8446349243625119,2.587526174680522
Hungary,2017,HUN,9788940,241347215360,269.293,215.885,26.144,90.399,99.341,53.409,41.109,12.299,0.585,0.929,2.017,1.895,6.872,80.16732703783612,9.708384547685975,33.5690121911821,36.88955895622983,19.833044304902096,15.265528624954975,4.567144337208914,0.21723550185114354,0.3449774037943801,0.7489983029636864,0.7036944889024223,2.5518672969590743
Hungary,2018,HUN,9776361,254289117184,271.203,217.812,24.698,96.89,96.224,53.39,39.943,13.447,0.587,1.664,1.606,2.23,7.36,80.31327087089745,9.106831414106777,35.7260059807598,35.480433476030875,19.68636040161798,14.728081916497974,4.958278485120003,0.21644303344727014,0.613562534337747,0.5921763402322247,0.8222622906088798,2.7138342864938814
Hungary,2019,HUN,9771799,266658316288,274.892,217.758,21.387,97.931,98.44,57.134,41.2,15.934,0.577,3.946,1.922,2.335,7.155,79.21583749254253,7.780146384762015,35.6252637399415,35.810427367839004,20.784162507457474,14.987704262037457,5.796458245420019,0.20990061551445657,1.4354728402427135,0.6991836794086405,0.8494245012586761,2.602840388225194
Hungary,2020,HUN,9750571,254563876864,270.327,210.904,19.595,89.379,101.93,59.423,40.461,18.962,0.641,6.458,1.72,3.223,6.92,78.0181039999704,7.248628512875147,33.063290015425764,37.7061854716695,21.981896000029593,14.967428336792107,7.014467663237486,0.23712022846404543,2.38895855759876,0.6362664476726335,1.1922597446795917,2.5598626848224555
Hungary,2021,HUN,9709784,272892477440,283.958,221.14,15.938,97.098,108.104,62.818,40.15,22.668,0.555,9.933,1.737,3.291,7.152,77.87771430986271,5.612801893237732,34.194493551863296,38.070418864761685,22.12228569013727,14.139414983906068,7.982870706231202,0.19545144000169037,3.4980525288951183,0.6117101824917769,1.1589742144965098,2.5186823403461074
Hungary,2022,HUN,9967304,285385228288,267.017,202.719,14.471,96.338,91.91,64.298,39.558,24.74,0.464,12.337,1.59,3.513,6.835,75.91988525075183,5.419505125141845,36.079350752948315,34.421029372661664,24.080114749248178,14.814787073482213,9.265327675765962,0.1737717074193778,4.620305074208758,0.5954677043034713,1.3156465693195565,2.5597621125246706
Iceland,2015,ISL,331068,13147881472,61.207,NA,1.156,9.844,NA,50.207,0,50.207,37.111,0,0.029,0.138,12.929,NA,1.8886728642148773,16.083127746826342,NA,82.02819938895878,0,82.02819938895878,60.63195386148642,0,0.047380201610926855,0.2254644076657899,21.12340091819563
Iceland,2016,ISL,335677,13976682496,61.442,NA,1.344,10.843,NA,49.255,0,49.255,36.059,0,0.025,0.154,13.017,NA,2.1874287946355913,17.647537515054847,NA,80.16503369030956,0,80.16503369030956,58.687868233455944,0,0.04068877966212038,0.2506428827186615,21.185833794472835
Iceland,2017,ISL,343641,14562998272,64.246,NA,1.333,12.105,NA,50.807,0,50.807,37.414,0,0.022,0.169,13.202,NA,2.074837343959157,18.841639946455814,NA,79.08196619244778,0,79.08196619244778,58.235532173209236,0,0.03424337701958099,0.26305139619587214,20.549139246023103
Iceland,2018,ISL,352951,15275006976,66.459,NA,1.333,13.107,NA,52.018,0,52.018,36.545,0,0.012,0.203,15.258,NA,2.0057479047232127,19.721933823861328,NA,78.27081358431514,0,78.27081358431514,54.988790081102636,0,0.018056245203809867,0.3054514813644503,22.958515776644244
Iceland,2019,ISL,360787,15550746624,63.328,NA,1.306,11.098,NA,50.924,0,50.924,35.484,0,0.017,0.2,15.223,NA,2.062278928751895,17.524633653360283,NA,80.41308741788782,0,80.41308741788782,56.032086912582116,0,0.026844365841334004,0.3158160687215766,24.0383400707428
Iceland,2020,ISL,366682,14424581120,58.082,NA,0.961,7.31,NA,49.81,0,49.81,34.554,0,0.017,0.217,15.022,NA,1.654557349953514,12.585654763954409,NA,85.758066182294,0,85.758066182294,59.491753038807204,0,0.029268964567335836,0.37360972418305155,25.863434454736407
Iceland,2021,ISL,370338,15049658368,60.645,NA,1.361,8.265,NA,51.018,0,51.018,36.121,0,0.016,0.314,14.568,NA,2.2442080962981286,13.628493692802374,NA,84.1256492703438,0,84.1256492703438,59.56138181218568,0,0.026383048891087474,0.5177673344875917,24.021766015335146
Iceland,2022,ISL,372903,16019539968,63.735,NA,1.347,10.365,NA,52.022,0,52.022,37.01,0,0.015,0.197,14.801,NA,2.1134384561073194,16.262650035302425,NA,81.6223425119636,0,81.6223425119636,58.06856515258492,0,0.02353494939985879,0.3090923354514788,23.222719071153996
India,2015,IND,1322866560,7391521275904,7929.679,7264.577,4490.47,2296.038,478.068,665.102,98.993,566.109,358.926,17.683,88.172,3.592,97.737,91.61249780728829,56.62864789356543,28.954993007913686,6.02884429495822,8.38750219271171,1.2483859687132353,7.1391162239984745,4.5263622903272624,0.22299767745957935,1.1119239505155252,0.04529817663489279,1.2325467399121703
India,2016,IND,1338636288,8057466126336,8284.972,7609.863,4587.692,2514.262,507.91,675.108,97.354,577.754,343.682,30.936,116.325,7.59,79.221,91.85140275670214,55.37365726764074,30.347260075230192,6.130497483878039,8.148585173251039,1.1750673387912476,6.973517834459791,4.148257833581091,0.37339896863863875,1.4040481971453858,0.09161165541657836,0.9562011796780968
India,2017,IND,1354195712,8550029459456,8600.742,7861.351,4737.157,2588.196,535.999,739.391,95.548,643.843,361.465,57.336,140.062,5.467,79.512,91.40317195888447,55.07846881117931,30.09270595490482,6.232008819704161,8.596828041115522,1.110927406030782,7.4859006350847395,4.202718788681255,0.6666401573259608,1.62848740259852,0.06356428317463772,0.9244783764005479
India,2018,IND,1369003264,9173200797696,9088.107,8266.076,4981.602,2704.512,579.963,822.03,99.143,722.887,369.748,96.123,159.567,10.544,86.905,90.95487101989445,54.81451747872247,29.7588045563284,6.381559988235173,9.045117976713962,1.0909092509584228,7.954208725755539,4.0684820282155565,1.0576790084007592,1.7557781835095032,0.1160197607708624,0.9562497448588579
India,2019,IND,1383112064,9595463401472,9317.351,8373.467,4989.023,2791.946,592.498,943.882,114.238,829.644,427.202,121.96,166.895,12.996,100.591,89.86960993527023,53.545508803950824,29.965019027403816,6.359082103915588,10.130368599401267,1.2260780988072681,8.904290500594,4.585015633735382,1.308955732160353,1.7912280003189747,0.13948170461754633,1.0796094297617422
India,2020,IND,1396387072,8945313775616,8828.374,7856.125,4714.672,2537.853,603.601,972.249,112.433,859.816,429.933,154.12,158.7,12.182,104.881,88.98722460104204,53.40362789342635,28.746550610565436,6.837057424164404,11.01277539895795,1.2735414245024057,9.739233974455546,4.869900165081361,1.7457348318048147,1.7976130145823004,0.13798690449679635,1.1879990584902724
India,2021,IND,1407563904,9801620783104,9585.078,8565.35,5352.792,2588.831,623.727,1019.728,110.276,909.452,419.553,178.734,178.181,19.677,113.308,89.36129679904535,55.84505415605382,27.008971653647475,6.507270989344062,10.638703200954652,1.1504966365427594,9.488206564411891,4.377147478612068,1.8647109600986034,1.8589415756449765,0.20528784429297292,1.1821291386465504
India,2022,IND,1417173120,10476248367104,10103.183,8949.696,5562.658,2804.53,582.508,1153.487,115.57,1037.917,456.08,248.09,182.617,28.016,123.114,88.5829347048351,55.058470187068764,27.758875593958855,5.765588923807477,11.4170652951649,1.1438969283244695,10.273168366840428,4.514220914339569,2.4555627667043147,1.8075194718337775,0.2772987483251565,1.2185664656376114
Indonesia,2015,IDN,259091968,2684764028928,1866.101,1793.24,532.274,820.596,440.371,72.86,0,72.86,37.003,0.014,0.01,8.366,27.467,96.09554895474575,28.52332215673214,43.97382563966259,23.598454746018568,3.904397457586701,0,3.904397457586701,1.9829044622986642,7.502273456795746e-4,5.358766754854105e-4,0.44831442671109434,1.471892464555777
Indonesia,2016,IDN,261850176,2819890085888,1896.811,1789.989,544.316,791.461,454.212,106.822,0,106.822,49.999,0.056,0.015,27.504,29.248,94.36833717223277,28.696375126462257,41.72587569346656,23.946086352303947,5.631662827767237,0,5.631662827767237,2.6359505506874434,0.0029523236632432014,7.908009812258574e-4,1.4500126791757324,1.541956473259592
Indonesia,2017,IDN,264498848,2962852151296,1967.708,1860.053,566.109,848.762,445.182,107.655,0,107.655,49.586,0.077,0,23.517,34.474,94.52891384290758,28.76996993456346,43.134550451591394,22.624393456752728,5.471086157092414,0,5.471086157092414,2.519987721755464,0.003913182240454376,0,1.1951468408930592,1.751987591654859
Indonesia,2018,IDN,267066848,3116158943232,2151.627,1984.084,655.729,875.545,452.81,167.543,0,167.543,57.244,0.239,0.503,34.289,75.269,92.21319494503463,30.475960749702434,40.69222964761086,21.04500454772133,7.786805054965383,0,7.786805054965383,2.6604983112779306,0.011107873251265206,0.023377657930487024,1.59363123812817,3.4982364508346477
Indonesia,2019,IDN,269582880,3272567947264,2299.63,2109.228,801.231,853.313,454.684,190.401,0,190.401,55.78,0.312,1.276,58.482,74.551,91.72032022542757,34.84173540960937,37.10653452946778,19.772050286350414,8.279636289316107,0,8.279636289316107,2.425607597743985,0.013567399973039141,0.05548718706922418,2.5431047603310093,3.2418693441988493
Indonesia,2020,IDN,271857984,3204972544000,2163.753,1942.665,765.38,751.479,425.805,221.088,0,221.088,63.884,0.449,1.247,76.806,78.701,89.78219787563552,35.372799020960336,34.7303504605193,19.67900217815989,10.217802124364471,0,10.217802124364471,2.9524626886710266,0.020750982205455057,0.05763134701604111,3.549665789024902,3.6372451014510427
Indonesia,2021,IDN,273753184,3323654569984,2214.053,1975.075,763.23,782.501,429.344,238.979,0,238.979,64.624,0.504,1.143,84.981,87.726,89.20631077937159,34.47207451673469,35.34246921821655,19.391767044420348,10.793734386665541,0,10.793734386665541,2.9188099833201826,0.022763682712202464,0.051624780436602014,3.838255001122376,3.9622357730370505
Indonesia,2022,IDN,275501344,3500093472768,2791.422,2515.085,1216.511,858.094,440.48,276.337,0,276.337,71.162,1.157,0.928,95.542,107.549,90.10049358355705,43.58033289126474,30.740389665195732,15.779771027096585,9.899506416442945,0,9.899506416442945,2.549309993257917,0.04144840873218023,0.03324470467023617,3.4226999715557165,3.852839162262102
Iran,2015,IRN,81790848,1331012173824,2735.836,2690.681,12.695,837.791,1840.195,45.156,9.033,36.123,35.687,0.004,0.38,NA,0.052,98.34949901967809,0.46402635245679935,30.62285166216104,67.26262100506025,1.6505375322204987,0.3301732998615414,1.320364232358957,1.304427604578637,1.4620759431486393e-4,0.013889721459912073,NA,0.0019006987260932308
Iran,2016,IRN,83306232,1413723717632,2884.797,2826.38,10.56,852.63,1963.19,58.417,16.632,41.786,41.285,0.013,0.418,NA,0.07,97.97500482702942,0.36605695305423575,29.555979155552365,68.05296871842282,2.024995172970576,0.5765397010604213,1.448490136394346,1.431123229814784,4.5063829447964624e-4,0.014489754391730164,NA,0.0024265138933519414
Iran,2017,IRN,84505080,1486668300288,2995.331,2930.551,11.982,868.529,2050.04,64.78,17.768,47.012,45.859,0.228,0.846,NA,0.078,97.83730078578962,0.40002256845737577,28.99609425469172,68.44118396264052,2.1626992142103827,0.5931898678309676,1.5695093463794152,1.5310161047309965,0.00761184657054596,0.02824395701176264,NA,0.002604052774134144
Iran,2018,IRN,85617560,1483607244800,3095.919,3049.76,15.849,907.478,2126.434,46.159,17.481,28.678,26.029,0.587,1.984,NA,0.078,98.50903721964303,0.5119319982208838,29.312071795160016,68.6850657268488,1.4909627803569796,0.5646465556753908,0.9263162246815889,0.8407519705780417,0.018960444378551246,0.06408436396430268,NA,0.0025194457606933516
Iran,2019,IRN,86564208,1438754537472,3263.971,3155.206,18.933,952.377,2183.896,108.766,16.215,92.55,89.267,1.346,1.903,NA,0.034,96.66770936383932,0.5800603007808587,29.178476156804088,66.90917290625438,3.332321273687787,0.4967875020948409,2.8355031340658354,2.734920132562452,0.04123811149057391,0.05830321409105657,NA,0.0010416759217529814
Iran,2020,IRN,87290192,1446203752448,3387.954,3306.496,21.418,917.405,2367.673,81.458,15.953,65.505,60.943,1.533,2.957,NA,0.071,97.59565802841479,0.632180956412041,27.078437310541993,69.88503976146075,2.40434197158521,0.47087416180975294,1.9334678097754572,1.7988142696152307,0.04524854823884857,0.08727981548745939,NA,0.0020956600945585446
Iran,2021,IRN,87923432,1525523152896,3322.058,3272.439,20.834,956.291,2295.314,49.619,8.88,40.738,36.181,1.528,2.959,NA,0.071,98.50637767311709,0.6271413683927253,28.786101868179305,69.09313443654506,1.493622326882914,0.26730418312985504,1.2262880419306346,1.0891140371420365,0.04599558466468677,0.08907129255419383,NA,0.002137229392141859
Iran,2022,IRN,88550568,1572209033216,3466.873,3408.794,21.504,993.278,2394.013,58.079,16.427,41.651,36.51,1.801,3.25,NA,0.09,98.32474394072122,0.6202707742683392,28.650544741615857,69.05395726927406,1.6752560592787795,0.47382756737844156,1.2013996474632904,1.053110396602356,0.05194883112245531,0.09374442040420863,NA,0.002595999334270393
Iraq,2015,IRQ,37757812,436010745856,447.095,NA,NA,367.073,73.011,7.011,0,7.011,6.857,0.154,0,NA,0,NA,NA,82.10179044722038,16.330086446951988,1.5681231058276204,0,1.5681231058276204,1.5336785246983302,0.03444458112929019,0,NA,0
Iraq,2016,IRQ,38697940,502279995392,485.351,NA,NA,377.217,98.956,9.178,0,9.178,9.025,0.153,0,NA,0,NA,NA,77.72045385710548,20.388543548895544,1.8910025939989823,0,1.8910025939989823,1.8594790162171293,0.031523577781852725,0,NA,0
Iraq,2017,IRQ,39621156,485207572480,567.405,561.461,0,447.193,114.269,5.944,0,5.944,5.791,0.153,0,NA,0,98.95242375375615,0,78.81372212088368,20.1388778738291,1.0475762462438647,0,1.0475762462438647,1.02061137987857,0.026964866365294632,0,NA,0
Iraq,2018,IRQ,40590700,508026814464,590.492,584.686,0,438.682,146.004,5.805,0,5.805,4.809,0.996,0,NA,0,99.01675213212035,0,74.29093027509263,24.7258218570277,0.9830785175751746,0,0.9830785175751746,0.8144056143012945,0.1686729032738801,0,NA,0
Iraq,2019,IRQ,41563524,537548292096,639.683,625.607,0,430.655,194.952,14.076,0,14.076,13.083,0.993,0,NA,0,97.79953508222042,0,67.32318976743169,30.476345314788734,2.2004649177795876,0,2.2004649177795876,2.0452317788654693,0.1552331389141184,0,NA,0
Iraq,2020,IRQ,42556988,453147787264,571.862,NA,NA,375.09,184.851,11.921,0,11.921,10.93,0.992,0,NA,0,NA,NA,65.59099922708626,32.32440693733803,2.0845938355757156,0,2.0845938355757156,1.9113002787385769,0.17346842420024414,0,NA,0
Iraq,2021,IRQ,43533592,487935967232,592.728,NA,NA,418.795,164.193,9.74,0,9.74,8.755,0.985,0,NA,0,NA,NA,70.65551146563011,27.701239016884642,1.6432495174852548,0,1.6432495174852548,1.4770687397929576,0.1661807776922973,0,NA,0
Iraq,2022,IRQ,44496124,527639314432,663.642,NA,NA,472.014,183.616,8.011,0,8.011,6.911,1.101,0,NA,0,NA,NA,71.124793186688,27.667929395668146,1.207126733992122,0,1.207126733992122,1.0413747170914438,0.16590270055240625,0,NA,0
Ireland,2015,IRL,4665764,249955909632,173.913,151.093,25.505,81.824,43.764,22.82,0,22.82,2.172,0.004,17.704,1.419,1.52,86.87849671962417,14.665378666344663,47.04881176220294,25.16430629107657,13.121503280375821,0,13.121503280375821,1.2489003122250781,0.002300000575000144,10.179802544950636,0.815925203981301,0.8740002185000546
Ireland,2016,IRL,4715791,255118278656,181.638,159.873,24.504,86.162,49.207,21.765,0,21.765,1.823,0.013,16.456,1.305,2.168,88.01737521884186,13.490569154031645,47.43610918420155,27.090696880608682,11.982624781158128,0,11.982624781158128,1.003644611810304,0.007157092678844734,9.059778240236072,0.7184619958378753,1.1935828405950297
Ireland,2017,IRL,4771860,266528538624,182.403,156.516,20.864,85.463,50.189,25.886,0,25.886,1.841,0.026,19.811,1.862,2.347,85.80779921382872,11.438408359511632,46.85394428819701,27.515446566120076,14.191652549574293,0,14.191652549574293,1.0093035750508488,0.014254151521630676,10.861115222885589,1.0208165435875507,1.2867112931256615
Ireland,2018,IRL,4834506,282500464640,186.474,157.237,16.405,88.726,52.105,29.238,0,29.238,1.836,0.047,22.858,1.787,2.708,84.32113860377318,8.797473106170298,47.580895996224676,27.942233233587526,15.679397664017506,0,15.679397664017506,0.9845876636957431,0.02520458616214593,12.258009159453866,0.9583105419522293,1.452213177172153
Ireland,2019,IRL,4896021,294503710720,187.359,153.616,11.741,88.716,53.159,33.743,0,33.743,2.337,0.088,26.411,2.178,2.729,81.99018995618039,6.266579134175567,47.35080780747121,28.37280301453359,18.00981004381962,0,18.00981004381962,1.2473379981746273,0.04696865376096157,14.096467210008592,1.162474180583799,1.456562001291638
Ireland,2020,IRL,4946123,274762350592,176.077,138.187,10.059,75.047,53.081,37.89,0,37.89,2.449,0.14,30.332,2.02,2.949,78.48100546919814,5.712841540916758,42.62169391800178,30.146470010279597,21.518994530801866,0,21.518994530801866,1.3908687676414295,0.07951066862792983,17.22655429158834,1.1472253616315589,1.6748354413126074
Ireland,2021,IRL,4986525,287639633920,179.446,146.45,13.722,81.746,50.983,32.996,0,32.996,1.961,0.208,25.587,2.064,3.176,81.61229562096675,7.6468686958750824,45.55465153862443,28.4113326571782,18.38770437903325,0,18.38770437903325,1.0928078642042731,0.11591230788092238,14.258885681486353,1.1502067474337685,1.7698917780279304
Ireland,2022,IRL,5023108,308390920192,185.967,148.706,11.048,85.658,52,37.261,0,37.261,1.828,0.387,29.222,2.589,3.235,79.96364946468995,5.940838966053116,46.06086026015368,27.96195023848317,20.036350535310028,0,20.036350535310028,0.9829700968451393,0.20810143735178818,15.713540574402984,1.3921824839890948,1.7395559427210203
Israel,2015,ISR,8007777,251223883776,275.057,271.334,75.027,116.403,79.903,3.723,0,3.723,0.066,3.275,0.018,0.14,0.224,98.64646236961792,27.276891698811518,42.319591939125345,29.049615170673714,1.353537630382066,0,1.353537630382066,0.023995026485419388,1.1906622990870983,0.006544098132387104,0.05089854102967749,0.08143766564748398
Israel,2016,ISR,8159015,262584205312,280.57,275.391,64.121,119.49,91.78,5.179,0,5.179,0.068,4.378,0.08,0.263,0.389,98.15411483765193,22.85383326799016,42.58830238443169,32.711979185230064,1.8458851623480772,0,1.8458851623480772,0.024236375948961046,1.5603949103610508,0.028513383469365938,0.0937377481555405,0.13864632711979186
Israel,2017,ISR,8309256,273812324352,285.685,280.408,58.193,124.574,97.642,5.277,0,5.277,0.066,4.372,0.081,0.359,0.399,98.1528606682185,20.369637887883506,43.60536955037892,34.178203265834746,1.8471393317815075,0,1.8471393317815075,0.023102367992719256,1.5303568615783116,0.028352906172882723,0.12566288044524562,0.1396643155923482
Israel,2018,ISR,8456487,284956491776,292.212,286.386,54.781,125.858,105.746,5.826,0,5.826,0.061,4.836,0.107,0.423,0.399,98.00624204344793,18.747005598674935,43.070784225151606,36.18811000232708,1.9937579565520922,0,1.9937579565520922,0.020875254951884248,1.6549628352018402,0.03661725048937073,0.14475791548601702,0.13654470042298059
Israel,2019,ISR,8607922,296799272960,301.506,292.248,57.899,127.13,107.219,9.258,0,9.258,0.058,8.21,0.162,0.487,0.341,96.92941434001314,19.20326626999131,42.164998374825046,35.56114969519678,3.070585659986866,0,3.070585659986866,0.01923676477416702,2.722997220619159,0.05373027402439753,0.16152249043136788,0.11309891013777507
Israel,2020,ISR,8757487,291287728128,285.135,273.013,50.47,109.861,112.682,12.122,0,12.122,0.063,10.933,0.164,0.588,0.374,95.74868044961158,17.70038753572869,38.52946849737844,39.518824416504465,4.251319550388413,0,4.251319550388413,0.022094797201325688,3.8343240920967263,0.05751661493678433,0.20621810721237308,0.1311659389412033
Israel,2021,ISR,8900057,316373434368,292.044,276.969,45.234,114.398,117.337,15.075,0,15.075,0.062,14.001,0.113,0.57,0.329,94.83810658667873,15.488761967374781,39.17149470627714,40.17784991302681,5.16189341332128,0,5.16189341332128,0.02122967771979565,4.794140608949336,0.03869279971511142,0.1951760693594116,0.1126542575776253
Israel,2022,ISR,9038313,336722558976,308.649,291.16,44.428,125.31,121.423,17.489,0,17.489,0.061,15.861,0.495,0.742,0.329,94.33369296514812,14.394344384721801,40.59951595501686,39.34015661803537,5.666307034851887,0,5.666307034851887,0.019763550181597866,5.138847039841373,0.16037634983427776,0.24040252843845275,0.10659357393025734
Italy,2015,ITA,60232908,2025809510400,1814.766,1496.994,143.395,710.444,643.154,317.772,0,317.772,122.631,61.783,39.974,15.486,77.898,82.48964329285428,7.901569678955854,39.147967286140464,35.44005122423497,17.510356707145714,0,17.510356707145714,6.757400127619759,3.404460960807068,2.2027082279478454,0.8533331570020598,4.292454233768981
Italy,2016,ITA,60118628,2052012376064,1821.932,1507.98,127.732,704.79,675.458,313.951,0,313.951,113.592,59.174,47.353,15.401,78.43,82.76818234709089,7.010799524899941,38.68366108065504,37.073721741535905,17.231762766118607,0,17.231762766118607,6.23470030714648,3.2478709413962763,2.5990541908260023,0.8453114605814047,4.304770979377935
Italy,2017,ITA,60004024,2086237110272,1843.121,1541.387,111.904,713.695,715.788,301.734,0,301.734,96.335,64.876,47.216,15.61,77.696,83.62918115522528,6.071440778983039,38.72209149589202,38.835648880350234,16.370818844774703,0,16.370818844774703,5.226732265543064,3.51989912762103,2.561741741318123,0.8469330011431696,4.215458453351679
Italy,2018,ITA,59877432,2105551749120,1853.64,1525.036,102.567,730.328,692.141,328.604,0,328.604,129.177,59.936,46.873,15.979,76.64,82.27250167238515,5.533275069592801,39.399667680887326,37.339558921905,17.727498327614853,0,17.727498327614853,6.968828898815303,3.233421807902289,2.5287002870028696,0.8620336203362033,4.134567661466089
Italy,2019,ITA,59727936,2115725819904,1819.556,1494.493,77.534,709.052,707.906,325.063,0,325.063,122.194,62.443,53.252,9.359,77.814,82.13503733877936,4.261149423265896,38.968407677477366,38.9054252795737,17.86496266122065,0,17.86496266122065,6.715594353787408,3.431771267276192,2.9266480394118126,0.5143562495465926,4.276537792736249
Italy,2020,ITA,59500576,1925752029184,1651.962,1320.996,59.253,585.492,676.252,330.966,0,330.966,125.1,65.504,49.273,13.227,77.862,79.96527765166512,3.5868258470836496,35.44221961522117,40.93629272344037,20.034722348334892,0,20.034722348334892,7.5728134182263265,3.9652243816746395,2.9826957278678323,0.8006842772412441,4.713304543324846
Italy,2021,ITA,59240336,2060299927552,1768.617,1440.023,65.182,651.104,723.737,328.594,0,328.594,118.766,65.519,54.76,13.822,75.727,81.42085030280722,3.6854785405771855,36.814301796262285,40.92106996596776,18.57914969719278,0,18.57914969719278,6.7151904567240965,3.7045329768966377,3.096204548525769,0.7815145958678448,4.2817071191784315
Italy,2022,ITA,59037472,2136009342976,1718.251,1434.277,86.385,695.903,651.99,283.974,0,283.974,74.036,73.317,53.431,12.353,70.836,83.47307814748835,5.027495982833708,40.50066026442004,37.94498009894946,16.526921852511652,0,16.526921852511652,4.308800053077229,4.266955177095779,3.10961553346979,0.7189287246159031,4.122564165538097
Jamaica,2015,JAM,2794455,19444553728,35.998,NA,NA,NA,NA,NA,NA,NA,NA,NA,NA,NA,NA,NA,NA,NA,NA,NA,NA,NA,NA,NA,NA,NA,NA
Jamaica,2016,JAM,2802699,19735838720,37.267,NA,NA,NA,NA,NA,NA,NA,NA,NA,NA,NA,NA,NA,NA,NA,NA,NA,NA,NA,NA,NA,NA,NA,NA
Jamaica,2017,JAM,2808388,19869843456,33.539,NA,NA,NA,NA,NA,NA,NA,NA,NA,NA,NA,NA,NA,NA,NA,NA,NA,NA,NA,NA,NA,NA,NA,NA
Jamaica,2018,JAM,2811842,20232861696,34.684,NA,NA,NA,NA,NA,NA,NA,NA,NA,NA,NA,NA,NA,NA,NA,NA,NA,NA,NA,NA,NA,NA,NA,NA
Jamaica,2019,JAM,2813776,20429119488,43.296,NA,NA,NA,NA,NA,NA,NA,NA,NA,NA,NA,NA,NA,NA,NA,NA,NA,NA,NA,NA,NA,NA,NA,NA
Jamaica,2020,JAM,2820438,18402553856,34.124,NA,NA,NA,NA,NA,NA,NA,NA,NA,NA,NA,NA,NA,NA,NA,NA,NA,NA,NA,NA,NA,NA,NA,NA
Jamaica,2021,JAM,2827701,19249256448,34.599,NA,NA,NA,NA,NA,NA,NA,NA,NA,NA,NA,NA,NA,NA,NA,NA,NA,NA,NA,NA,NA,NA,NA,NA
Jamaica,2022,JAM,2827382,20019224576,NA,NA,NA,NA,NA,NA,NA,NA,NA,NA,NA,NA,NA,NA,NA,NA,NA,NA,NA,NA,NA,NA,NA,NA,NA
Japan,2015,JPN,127250936,4707025158144,5363.93,4921.101,1397.981,2335.943,1187.176,442.829,11.692,431.138,230.963,93.016,14.065,3.772,89.322,91.74431806529913,26.062625724049344,43.549095532566604,22.132578165636012,8.255681934700863,0.2179745074973014,8.037726070250729,4.305854103241466,1.7341016754506489,0.26221445842880126,0.07032157392061417,1.665234259209199
Japan,2016,JPN,126993856,4742508969984,5295.605,4828.55,1395.385,2268.99,1164.174,467.055,45.414,421.642,212.626,115.985,14.297,4.614,74.12,91.18032783789577,26.349869372810097,42.846662468216564,21.983777113285452,8.819672162104236,0.8575790679251947,7.962111977762692,4.015140857371349,2.1902124497578654,0.2699785954579317,0.08712885496557995,1.3996512202099667
Japan,2017,JPN,126662464,4821960097792,5354.677,4829.954,1415.963,2244.126,1169.865,524.723,74.247,450.476,210.89,143.818,16.557,4.771,74.44,90.20066009583772,26.443481091389824,41.90964272915061,21.84753627529728,9.799339904162286,1.386582234558686,8.412757669603602,3.938426164640743,2.6858389404253518,0.30920632561030287,0.0890996786547536,1.3901865602724497
Japan,2018,JPN,126255872,4852985364480,5316.556,4710.478,1386.597,2166.799,1157.082,606.079,124.672,481.406,214.297,161.977,19.492,5.137,80.503,88.60017650524136,26.080737229138563,40.7556884569635,21.76375081913931,11.399842303927581,2.3449767104870145,9.054846784271623,4.030748477021591,3.046652757913206,0.36662832104091453,0.09662270086123423,1.5141945274346778
Japan,2019,JPN,125791680,4833468219392,5205.537,4556.221,1362.594,2112.394,1081.233,649.316,166.025,483.291,194.849,177.742,19.652,4.781,86.268,87.52643579327165,26.175858513732585,40.57975190647958,20.77082537305949,12.473564206728335,3.1893923720069615,9.284171834721374,3.7431104610340866,3.414479620450301,0.3775210895629019,0.0918445109505513,1.6572353630374732
Japan,2020,JPN,125244760,4626661244928,4825.249,4189.554,1270.752,1877.527,1041.275,635.695,108.366,527.329,205.723,199.39,22.074,5.148,94.994,86.82565397143236,26.335469941551203,38.910468661824495,21.579715368056657,13.174346028567646,2.245811563299635,10.92853446526801,4.263469097656929,4.132221984813633,0.45746861975413083,0.10668879471297751,1.968685968330339
Japan,2021,JPN,124612528,4725883797504,5037.481,4316.124,1369.467,1911.596,1035.061,721.357,153.727,567.63,208.356,220.276,24.953,5,109.044,85.68020405436765,27.18555166758942,37.94745826336616,20.547194123412076,14.319795945632352,3.051664115457706,11.268131830174646,4.1361148558178185,4.372741058477442,0.49534678145684324,0.09925595749145258,2.164653325739591
Japan,2022,JPN,123951696,4774494732288,5004.881,4294.471,1365.525,1926.723,1002.223,710.41,129.528,580.882,195.192,237.434,24.547,5.042,118.667,85.80565651810701,27.283865490508163,38.49687934638206,20.024911681216796,14.194343481892973,2.5880335616371295,11.606309920255844,3.9000327879923615,4.744048859503352,0.49046121176507496,0.10074165599541726,2.371025404999639
Jordan,2015,JOR,9494250,88475443200,109.157,NA,NA,NA,NA,NA,NA,NA,NA,NA,NA,NA,NA,NA,NA,NA,NA,NA,NA,NA,NA,NA,NA,NA,NA
Jordan,2016,JOR,9964659,90239647744,116.346,NA,NA,NA,NA,NA,NA,NA,NA,NA,NA,NA,NA,NA,NA,NA,NA,NA,NA,NA,NA,NA,NA,NA,NA
Jordan,2017,JOR,10215384,92472172544,120.371,NA,NA,NA,NA,NA,NA,NA,NA,NA,NA,NA,NA,NA,NA,NA,NA,NA,NA,NA,NA,NA,NA,NA,NA
Jordan,2018,JOR,10459864,94246715392,117.5,NA,NA,NA,NA,NA,NA,NA,NA,NA,NA,NA,NA,NA,NA,NA,NA,NA,NA,NA,NA,NA,NA,NA,NA
Jordan,2019,JOR,10698682,96062849024,120.448,NA,NA,NA,NA,NA,NA,NA,NA,NA,NA,NA,NA,NA,NA,NA,NA,NA,NA,NA,NA,NA,NA,NA,NA
Jordan,2020,JOR,10928723,94554669056,107.517,NA,NA,NA,NA,NA,NA,NA,NA,NA,NA,NA,NA,NA,NA,NA,NA,NA,NA,NA,NA,NA,NA,NA,NA
Jordan,2021,JOR,11148288,96661340160,102.376,NA,NA,NA,NA,NA,NA,NA,NA,NA,NA,NA,NA,NA,NA,NA,NA,NA,NA,NA,NA,NA,NA,NA,NA
Jordan,2022,JOR,11285875,99281829888,NA,NA,NA,NA,NA,NA,NA,NA,NA,NA,NA,NA,NA,NA,NA,NA,NA,NA,NA,NA,NA,NA,NA,NA,NA
Kazakhstan,2015,KAZ,17835908,421977096192,635.91,610.468,318.006,154.435,138.026,25.442,0,25.442,24.962,0.124,0.355,0,0.002,95.99911937223821,50.00802000283059,24.28566935572644,21.70527275872372,4.0008806277617905,0,4.0008806277617905,3.925398248179774,0.019499614725354216,0.05582550989919957,0,3.1450991492506803e-4
Kazakhstan,2016,KAZ,18078558,425774874624,711.327,679.239,371.23,157.863,150.145,32.088,0,32.088,31.109,0.237,0.736,0,0.006,95.48899451307206,52.18837468562278,22.192746795777467,21.107732449351708,4.511005486927953,0,4.511005486927953,4.373375395563504,0.033318009860443934,0.10346858758348831,0,8.434939205175679e-4
Kazakhstan,2017,KAZ,18314822,442384351232,764.926,733.935,407.12,159.559,167.256,30.991,0,30.991,29.834,0.247,0.904,0,0.007,95.9484969787927,53.223449065661256,20.859403393269414,21.86564451986205,4.05150302120728,0,4.05150302120728,3.900246559797941,0.03229070524469033,0.118181366563563,0,9.151212012665276e-4
Kazakhstan,2018,KAZ,18538100,460522127360,789.197,760.344,423.422,170.214,166.708,28.854,0,28.854,27.453,0.374,1.019,0,0.008,96.34400536241269,53.652256660884426,21.567998864668773,21.12374983685949,3.656121348661994,0,3.656121348661994,3.478599133042827,0.04738994192831448,0.12911858509345575,0,0.001013688597397101
Kazakhstan,2019,KAZ,18754260,481245626368,798.712,769.458,400.92,171.497,197.041,29.254,0,29.254,26.343,1.031,1.864,0,0.016,96.33735313855307,50.195815262572744,21.471694428029128,24.6698434479512,3.66264686144693,0,3.66264686144693,3.298185077975541,0.1290828233455864,0.23337573493324254,0,0.0020032251925600217
Kazakhstan,2020,KAZ,18979250,468733231104,735.937,704.596,379.287,148.747,176.562,31.341,0,31.341,25.369,3.25,2.702,0,0.021,95.74134742511927,51.5379713209147,20.211920313831214,23.99145579037336,4.25865257488073,0,4.25865257488073,3.4471700702641668,0.44161388814531677,0.36715099254419875,0,0.0028535051234005087
Kazakhstan,2021,KAZ,19196468,487951269888,822.205,789.268,389.989,183.113,216.167,32.937,0,32.937,24.096,4.263,4.57,0,0.008,95.99406474054524,47.43208810454813,22.27096648646019,26.291131773706073,4.005935259454758,0,4.005935259454758,2.9306559799563368,0.518483833107315,0.5558224530378677,0,9.729933532391556e-4
Kazakhstan,2022,KAZ,19397998,503634067456,819.283,784.636,391.729,180.09,212.817,34.646,0,34.646,23.989,4.621,6.027,0,0.009,95.77105835224214,47.81363704605124,21.98141545717414,25.976005849016765,4.228819589812067,0,4.228819589812067,2.9280480615367344,0.5640297674918191,0.7356432392714117,0,0.0010985215121026555
Kenya,2015,KEN,46851496,140175147008,89.576,NA,NA,NA,NA,NA,NA,NA,NA,NA,NA,NA,NA,NA,NA,NA,NA,NA,NA,NA,NA,NA,NA,NA,NA
Kenya,2016,KEN,47894668,146082119680,94.189,NA,NA,NA,NA,NA,NA,NA,NA,NA,NA,NA,NA,NA,NA,NA,NA,NA,NA,NA,NA,NA,NA,NA,NA
Kenya,2017,KEN,48948140,151656611840,94.943,NA,NA,NA,NA,NA,NA,NA,NA,NA,NA,NA,NA,NA,NA,NA,NA,NA,NA,NA,NA,NA,NA,NA,NA
Kenya,2018,KEN,49953300,160257048576,102.268,NA,NA,NA,NA,NA,NA,NA,NA,NA,NA,NA,NA,NA,NA,NA,NA,NA,NA,NA,NA,NA,NA,NA,NA
Kenya,2019,KEN,50951452,168452587520,99.169,NA,NA,NA,NA,NA,NA,NA,NA,NA,NA,NA,NA,NA,NA,NA,NA,NA,NA,NA,NA,NA,NA,NA,NA
Kenya,2020,KEN,51985780,168031453184,98.883,NA,NA,NA,NA,NA,NA,NA,NA,NA,NA,NA,NA,NA,NA,NA,NA,NA,NA,NA,NA,NA,NA,NA,NA
Kenya,2021,KEN,53005616,180662403072,103.504,NA,NA,NA,NA,NA,NA,NA,NA,NA,NA,NA,NA,NA,NA,NA,NA,NA,NA,NA,NA,NA,NA,NA,NA
Kenya,2022,KEN,54027484,190362157056,NA,NA,NA,NA,NA,NA,NA,NA,NA,NA,NA,NA,NA,NA,NA,NA,NA,NA,NA,NA,NA,NA,NA,NA,NA
Kiribati,2015,KIR,116717,NA,0.263,NA,NA,NA,NA,NA,NA,NA,NA,NA,NA,NA,NA,NA,NA,NA,NA,NA,NA,NA,NA,NA,NA,NA,NA
Kiribati,2016,KIR,118529,NA,0.282,NA,NA,NA,NA,NA,NA,NA,NA,NA,NA,NA,NA,NA,NA,NA,NA,NA,NA,NA,NA,NA,NA,NA,NA
Kiribati,2017,KIR,120378,NA,0.318,NA,NA,NA,NA,NA,NA,NA,NA,NA,NA,NA,NA,NA,NA,NA,NA,NA,NA,NA,NA,NA,NA,NA,NA
Kiribati,2018,KIR,122276,NA,0.32,NA,NA,NA,NA,NA,NA,NA,NA,NA,NA,NA,NA,NA,NA,NA,NA,NA,NA,NA,NA,NA,NA,NA,NA
Kiribati,2019,KIR,124252,NA,0.322,NA,NA,NA,NA,NA,NA,NA,NA,NA,NA,NA,NA,NA,NA,NA,NA,NA,NA,NA,NA,NA,NA,NA,NA
Kiribati,2020,KIR,126473,NA,0.306,NA,NA,NA,NA,NA,NA,NA,NA,NA,NA,NA,NA,NA,NA,NA,NA,NA,NA,NA,NA,NA,NA,NA,NA
Kiribati,2021,KIR,128883,NA,0.315,NA,NA,NA,NA,NA,NA,NA,NA,NA,NA,NA,NA,NA,NA,NA,NA,NA,NA,NA,NA,NA,NA,NA,NA
Kiribati,2022,KIR,131237,NA,NA,NA,NA,NA,NA,NA,NA,NA,NA,NA,NA,NA,NA,NA,NA,NA,NA,NA,NA,NA,NA,NA,NA,NA,NA
Kuwait,2015,KWT,3908745,219406041088,444.583,444.569,2.1,239.242,203.227,NA,0,NA,NA,0.014,0,NA,0,99.99685098170646,0.47235274403204797,53.81267389891201,45.71182433876239,NA,0,NA,NA,0.0031490182935469866,0,NA,0
Kuwait,2016,KWT,4048090,225825865728,442.969,442.838,2.589,228.75,211.499,NA,0,NA,NA,0.131,0,NA,0,99.97042682445047,0.5844652786086612,51.64018249584057,47.74577905000124,NA,0,NA,NA,0.029573175549530557,0,NA,0
Kuwait,2017,KWT,4124904,215180427264,445.476,445.334,1.959,233.1,210.275,NA,0,NA,NA,0.136,0.005,NA,0,99.96812398423259,0.43975433019960675,52.32605123508337,47.202318418949616,NA,0,NA,NA,0.03052914186173891,0.0011223949213874597,NA,0
Kuwait,2018,KWT,4317190,220424404992,459.946,459.8,2.732,245.545,211.522,NA,0,NA,NA,0.141,0.005,NA,0,99.96825714322985,0.5939827718906132,53.385614833045615,45.98844212146643,NA,0,NA,NA,0.030655772634178787,0.001087084135963787,NA,0
Kuwait,2019,KWT,4441105,219207647232,420.261,420.097,2.207,234.157,183.732,NA,0,NA,NA,0.154,0.01,NA,0,99.9609766311887,0.5251498473567616,55.71704250453885,43.718546331922305,NA,0,NA,NA,0.03664389510328105,0.0023794737080052634,NA,0
Kuwait,2020,KWT,4360451,199796817920,397.881,397.714,0.556,218.023,179.136,NA,0,NA,NA,0.154,0.013,NA,0,99.95802765148373,0.13974027410205567,54.796031979410934,45.02250672939899,NA,0,NA,NA,0.03870503994913052,0.0032673085671343946,NA,0
Kuwait,2021,KWT,4250111,202410131456,424.15,423.59,1.074,224.932,197.584,NA,0,NA,NA,0.468,0.092,NA,0,99.86797123659082,0.2532123069668749,53.0312389484852,46.58351998113875,NA,0,NA,NA,0.110338323706236,0.021690439702935282,NA,0
Kuwait,2022,KWT,4268886,218961231872,432.4,431.933,1.533,213.799,216.601,NA,0,NA,NA,0.376,0.091,NA,0,99.89199814986124,0.3545328399629972,49.444727104532845,50.09273820536541,NA,0,NA,NA,0.08695652173913043,0.02104532839962997,NA,0
Kyrgyzstan,2015,KGZ,5914985,26426865664,65.64,NA,NA,NA,NA,NA,NA,NA,NA,NA,NA,NA,NA,NA,NA,NA,NA,NA,NA,NA,NA,NA,NA,NA,NA
Kyrgyzstan,2016,KGZ,6018303,27572738048,66.994,NA,NA,NA,NA,NA,NA,NA,NA,NA,NA,NA,NA,NA,NA,NA,NA,NA,NA,NA,NA,NA,NA,NA,NA
Kyrgyzstan,2017,KGZ,6121266,28879683584,69.386,NA,NA,NA,NA,NA,NA,NA,NA,NA,NA,NA,NA,NA,NA,NA,NA,NA,NA,NA,NA,NA,NA,NA,NA
Kyrgyzstan,2018,KGZ,6223503,29878638592,73.306,NA,NA,NA,NA,NA,NA,NA,NA,NA,NA,NA,NA,NA,NA,NA,NA,NA,NA,NA,NA,NA,NA,NA,NA
Kyrgyzstan,2019,KGZ,6323643,31253354496,66.918,NA,NA,NA,NA,NA,NA,NA,NA,NA,NA,NA,NA,NA,NA,NA,NA,NA,NA,NA,NA,NA,NA,NA,NA
Kyrgyzstan,2020,KGZ,6424880,28560252928,67.075,NA,NA,NA,NA,NA,NA,NA,NA,NA,NA,NA,NA,NA,NA,NA,NA,NA,NA,NA,NA,NA,NA,NA,NA
Kyrgyzstan,2021,KGZ,6527742,29628979200,60.542,NA,NA,NA,NA,NA,NA,NA,NA,NA,NA,NA,NA,NA,NA,NA,NA,NA,NA,NA,NA,NA,NA,NA,NA
Kyrgyzstan,2022,KGZ,6630621,31703001088,NA,NA,NA,NA,NA,NA,NA,NA,NA,NA,NA,NA,NA,NA,NA,NA,NA,NA,NA,NA,NA,NA,NA,NA,NA
Laos,2015,LAO,6787420,38423805952,70.626,NA,NA,NA,NA,NA,NA,NA,NA,NA,NA,NA,NA,NA,NA,NA,NA,NA,NA,NA,NA,NA,NA,NA,NA
Laos,2016,LAO,6891366,41128976384,120.129,NA,NA,NA,NA,NA,NA,NA,NA,NA,NA,NA,NA,NA,NA,NA,NA,NA,NA,NA,NA,NA,NA,NA,NA
Laos,2017,LAO,6997925,43958738944,121.922,NA,NA,NA,NA,NA,NA,NA,NA,NA,NA,NA,NA,NA,NA,NA,NA,NA,NA,NA,NA,NA,NA,NA,NA
Laos,2018,LAO,7105008,46694965248,126.884,NA,NA,NA,NA,NA,NA,NA,NA,NA,NA,NA,NA,NA,NA,NA,NA,NA,NA,NA,NA,NA,NA,NA,NA
Laos,2019,LAO,7212058,49243303936,131.633,NA,NA,NA,NA,NA,NA,NA,NA,NA,NA,NA,NA,NA,NA,NA,NA,NA,NA,NA,NA,NA,NA,NA,NA
Laos,2020,LAO,7319397,50856669184,143.983,NA,NA,NA,NA,NA,NA,NA,NA,NA,NA,NA,NA,NA,NA,NA,NA,NA,NA,NA,NA,NA,NA,NA,NA
Laos,2021,LAO,7425055,52626362368,139.941,NA,NA,NA,NA,NA,NA,NA,NA,NA,NA,NA,NA,NA,NA,NA,NA,NA,NA,NA,NA,NA,NA,NA,NA
Laos,2022,LAO,7529477,54953902080,NA,NA,NA,NA,NA,NA,NA,NA,NA,NA,NA,NA,NA,NA,NA,NA,NA,NA,NA,NA,NA,NA,NA,NA,NA
Latvia,2015,LVA,1991951,43774189568,41.746,33.579,0.545,20.291,12.743,8.166,0,8.166,5.03,0.001,0.396,0.285,2.455,80.43644900110189,1.3055143007713315,48.60585445312125,30.525080247209313,19.561155559814114,0,19.561155559814114,12.049058592439994,0.002395439083984094,0.9485938772577014,0.6827001389354668,5.880802951180952
Latvia,2016,LVA,1973477,44811001856,44.499,34.605,0.476,20.933,13.196,9.895,0,9.895,6.77,0.001,0.348,0.148,2.627,77.76579248971885,1.0696869592575113,47.041506550709,29.65459897975235,22.236454751792174,0,22.236454751792174,15.213825029775949,0.002247241511045192,0.7820400458437268,0.3325917436346884,5.903503449515719
Latvia,2017,LVA,1954861,46295494656,48.978,33.823,0.48,21.379,11.964,15.155,0,15.155,11.658,0.001,0.399,0.126,2.971,69.05753603658785,0.9800318510351587,43.65021029850137,24.42729388705133,30.94246396341214,0,30.94246396341214,23.802523582016413,0.002041733022989914,0.8146514761729756,0.25725836089672915,6.065988811303034
Latvia,2018,LVA,1935632,48143396864,43.564,33.352,0.564,19.073,13.716,10.213,0,10.213,6.433,0.003,0.323,0.441,3.013,76.55862638876135,1.2946469562023688,43.78156275824075,31.484712147644846,23.443669084565236,0,23.443669084565236,14.766779910017444,0.0068864199797998345,0.7414378844917823,1.0123037370305759,6.9162611330456345
Latvia,2019,LVA,1916552,49380618240,44.837,35.491,0.477,21.895,13.119,9.346,0,9.346,5.555,0.008,0.406,0.416,2.961,79.15560809153153,1.0638535138390168,48.83243749581818,29.259317081874343,20.844391908468452,0,20.844391908468452,12.389321319445992,0.017842406940696297,0.9055021522403373,0.9278051609162076,6.603920868925217
Latvia,2020,LVA,1897057,48292864000,40.858,30.224,0.286,19.206,10.732,10.634,0,10.634,6.836,0.013,0.464,0.56,2.761,73.97327328797299,0.6999853149933917,47.00670615301777,26.26658181996182,26.02672671202702,0,26.02672671202702,16.73111752900289,0.03181751431788144,1.13564051103823,1.3706006167702778,6.7575505408977445
Latvia,2021,LVA,1873926,50255495168,42.625,31.839,0.224,20.027,11.588,10.786,0,10.786,7.085,0.018,0.37,0.562,2.751,74.69560117302052,0.5255131964809384,46.9841642228739,27.185923753665687,25.30439882697947,0,25.30439882697947,16.621700879765395,0.04222873900293255,0.8680351906158358,1.318475073313783,6.453958944281525
Latvia,2022,LVA,1850654,51248480256,38.475,27.929,0.164,19.661,8.104,10.545,0,10.545,7.169,0.108,0.496,0.215,2.558,72.5899935022742,0.42625081221572453,51.100714749837564,21.06302794022092,27.40740740740741,0,27.40740740740741,18.632878492527613,0.2807017543859649,1.2891487979207277,0.5588044184535412,6.648473034437946
Lebanon,2015,LBN,6398941,73219555328,101.518,NA,NA,NA,NA,NA,NA,NA,NA,NA,NA,NA,NA,NA,NA,NA,NA,NA,NA,NA,NA,NA,NA,NA,NA
Lebanon,2016,LBN,6258628,74358857728,104.424,NA,NA,NA,NA,NA,NA,NA,NA,NA,NA,NA,NA,NA,NA,NA,NA,NA,NA,NA,NA,NA,NA,NA,NA
Lebanon,2017,LBN,6109255,75030323200,111.531,NA,NA,NA,NA,NA,NA,NA,NA,NA,NA,NA,NA,NA,NA,NA,NA,NA,NA,NA,NA,NA,NA,NA,NA
Lebanon,2018,LBN,5950842,73615990784,105.197,NA,NA,NA,NA,NA,NA,NA,NA,NA,NA,NA,NA,NA,NA,NA,NA,NA,NA,NA,NA,NA,NA,NA,NA
Lebanon,2019,LBN,5781912,68525453312,106.661,NA,NA,NA,NA,NA,NA,NA,NA,NA,NA,NA,NA,NA,NA,NA,NA,NA,NA,NA,NA,NA,NA,NA,NA
Lebanon,2020,LBN,5662924,50772561920,103.866,NA,NA,NA,NA,NA,NA,NA,NA,NA,NA,NA,NA,NA,NA,NA,NA,NA,NA,NA,NA,NA,NA,NA,NA
Lebanon,2021,LBN,5592626,50772615168,105.318,NA,NA,NA,NA,NA,NA,NA,NA,NA,NA,NA,NA,NA,NA,NA,NA,NA,NA,NA,NA,NA,NA,NA,NA
Lebanon,2022,LBN,5489744,48741707776,NA,NA,NA,NA,NA,NA,NA,NA,NA,NA,NA,NA,NA,NA,NA,NA,NA,NA,NA,NA,NA,NA,NA,NA,NA
Lesotho,2015,LSO,2118532,5279079936,4.243,NA,NA,NA,NA,NA,NA,NA,NA,NA,NA,NA,NA,NA,NA,NA,NA,NA,NA,NA,NA,NA,NA,NA,NA
Lesotho,2016,LSO,2143876,5418792960,4.593,NA,NA,NA,NA,NA,NA,NA,NA,NA,NA,NA,NA,NA,NA,NA,NA,NA,NA,NA,NA,NA,NA,NA,NA
Lesotho,2017,LSO,2170622,5197453312,4.892,NA,NA,NA,NA,NA,NA,NA,NA,NA,NA,NA,NA,NA,NA,NA,NA,NA,NA,NA,NA,NA,NA,NA,NA
Lesotho,2018,LSO,2198030,5068079104,4.796,NA,NA,NA,NA,NA,NA,NA,NA,NA,NA,NA,NA,NA,NA,NA,NA,NA,NA,NA,NA,NA,NA,NA,NA
Lesotho,2019,LSO,2225710,4996214272,4.872,NA,NA,NA,NA,NA,NA,NA,NA,NA,NA,NA,NA,NA,NA,NA,NA,NA,NA,NA,NA,NA,NA,NA,NA
Lesotho,2020,LSO,2254104,4623560704,4.717,NA,NA,NA,NA,NA,NA,NA,NA,NA,NA,NA,NA,NA,NA,NA,NA,NA,NA,NA,NA,NA,NA,NA,NA
Lesotho,2021,LSO,2281464,4709220352,4.866,NA,NA,NA,NA,NA,NA,NA,NA,NA,NA,NA,NA,NA,NA,NA,NA,NA,NA,NA,NA,NA,NA,NA,NA
Lesotho,2022,LSO,2305826,4761723392,NA,NA,NA,NA,NA,NA,NA,NA,NA,NA,NA,NA,NA,NA,NA,NA,NA,NA,NA,NA,NA,NA,NA,NA,NA
Liberia,2015,LBR,4612330,3857900032,4.862,NA,NA,NA,NA,NA,NA,NA,NA,NA,NA,NA,NA,NA,NA,NA,NA,NA,NA,NA,NA,NA,NA,NA,NA
Liberia,2016,LBR,4706106,3859976192,5.59,NA,NA,NA,NA,NA,NA,NA,NA,NA,NA,NA,NA,NA,NA,NA,NA,NA,NA,NA,NA,NA,NA,NA,NA
Liberia,2017,LBR,4796632,3977674240,4.831,NA,NA,NA,NA,NA,NA,NA,NA,NA,NA,NA,NA,NA,NA,NA,NA,NA,NA,NA,NA,NA,NA,NA,NA
Liberia,2018,LBR,4889396,4051631872,5.488,NA,NA,NA,NA,NA,NA,NA,NA,NA,NA,NA,NA,NA,NA,NA,NA,NA,NA,NA,NA,NA,NA,NA,NA
Liberia,2019,LBR,4985290,3959325952,5.488,NA,NA,NA,NA,NA,NA,NA,NA,NA,NA,NA,NA,NA,NA,NA,NA,NA,NA,NA,NA,NA,NA,NA,NA
Liberia,2020,LBR,5087591,3845664512,5.24,NA,NA,NA,NA,NA,NA,NA,NA,NA,NA,NA,NA,NA,NA,NA,NA,NA,NA,NA,NA,NA,NA,NA,NA
Liberia,2021,LBR,5193422,4037436672,5.529,NA,NA,NA,NA,NA,NA,NA,NA,NA,NA,NA,NA,NA,NA,NA,NA,NA,NA,NA,NA,NA,NA,NA,NA
Liberia,2022,LBR,5302690,4231560960,NA,NA,NA,NA,NA,NA,NA,NA,NA,NA,NA,NA,NA,NA,NA,NA,NA,NA,NA,NA,NA,NA,NA,NA,NA
Libya,2015,LBY,6192241,92601081856,180.21,NA,NA,NA,NA,NA,0,NA,NA,NA,NA,NA,NA,NA,NA,NA,NA,NA,0,NA,NA,NA,NA,NA,NA
Libya,2016,LBY,6282202,91220393984,176.389,NA,NA,NA,NA,NA,0,NA,NA,NA,NA,NA,NA,NA,NA,NA,NA,NA,0,NA,NA,NA,NA,NA,NA
Libya,2017,LBY,6378267,120859729920,199.04,NA,NA,NA,NA,NA,0,NA,NA,NA,NA,NA,NA,NA,NA,NA,NA,NA,0,NA,NA,NA,NA,NA,NA
Libya,2018,LBY,6477791,130457190400,205.105,NA,NA,NA,NA,NA,0,NA,NA,NA,NA,NA,NA,NA,NA,NA,NA,NA,0,NA,NA,NA,NA,NA,NA
Libya,2019,LBY,6569085,115851206656,212.982,NA,NA,NA,NA,NA,0,NA,NA,NA,NA,NA,NA,NA,NA,NA,NA,NA,0,NA,NA,NA,NA,NA,NA
Libya,2020,LBY,6653946,81726078976,186.527,NA,NA,NA,NA,NA,0,NA,NA,NA,NA,NA,NA,NA,NA,NA,NA,NA,0,NA,NA,NA,NA,NA,NA
Libya,2021,LBY,6735280,104883159040,190.409,NA,NA,NA,NA,NA,0,NA,NA,NA,NA,NA,NA,NA,NA,NA,NA,NA,0,NA,NA,NA,NA,NA,NA
Libya,2022,LBY,6812344,91444477952,NA,NA,NA,NA,NA,NA,0,NA,NA,NA,NA,NA,NA,NA,NA,NA,NA,NA,NA,NA,NA,NA,NA,NA,NA
Lithuania,2015,LTU,2963764,67539656704,64.112,58.576,2.121,32.417,24.038,5.536,0,5.536,0.941,0.197,2.182,0.79,1.425,91.36511105565262,3.3082730222111305,50.56307711504867,37.493760918392816,8.634888944347392,0,8.634888944347392,1.467743948090841,0.30727476915398055,3.4034190167207385,1.232218617419516,2.222672822560519
Lithuania,2016,LTU,2933676,69240913920,65.726,59.23,2.149,35.662,21.419,6.497,0,6.497,1.215,0.178,3.041,0.66,1.402,90.11654444207771,3.26963454340748,54.258588686364604,32.58832121230563,9.884977025834525,0,9.884977025834525,1.8485835133737032,0.2708212883790281,4.626783921127103,1.0041688220795424,2.1330980129629062
Lithuania,2017,LTU,2904452,72206131200,69.15,61.296,2.304,36.703,22.289,7.854,0,7.854,1.603,0.181,3.629,0.833,1.608,88.64208242950107,3.331887201735358,53.07736804049168,32.23282718727404,11.357917570498914,0,11.357917570498914,2.318148951554591,0.26174981923355023,5.2480115690527835,1.2046276211135212,2.3253796095444685
Lithuania,2018,LTU,2876128,75089600512,70.969,63.933,2.459,39.088,22.387,7.036,0,7.036,1.14,0.229,3.029,0.904,1.733,90.08581211514888,3.4648931223491948,55.077569079457234,31.54475897927264,9.914187884851131,0,9.914187884851131,1.606335160422156,0.32267609801462616,4.268060702560273,1.2737956008961662,2.4419112570277166
Lithuania,2019,LTU,2849083,78562639872,70.597,62.919,2.309,39.039,21.572,7.678,0,7.678,0.91,0.24,3.952,0.873,1.702,89.12418374718473,3.2706772242446567,55.298383784013495,30.55653922971231,10.875816252815277,0,10.875816252815277,1.2890066150119694,0.33995778857458536,5.597971585194839,1.2365964559400542,2.410867317308101
Lithuania,2020,LTU,2820269,78545272832,70.294,62,1.801,36.594,23.605,8.294,0,8.294,0.789,0.338,4.075,1.195,1.896,88.20098443679404,2.5620963382365494,52.058497169032925,33.580390929524576,11.799015563205966,0,11.799015563205966,1.1224286567843629,0.4808376248328449,5.797080831934447,1.7000028451930467,2.6972430079380887
Lithuania,2021,LTU,2786652,83242844160,70.149,61.422,2.159,36.981,22.282,8.728,0,8.728,1.004,0.499,3.563,1.473,2.188,87.55933798058419,3.0777345364866213,52.71778642603601,31.763817018061552,12.442087556486905,0,12.442087556486905,1.4312392193758998,0.7113429984746753,5.079188584299135,2.0998161057178293,3.119075111548276
Lithuania,2022,LTU,2750058,84814258176,65.066,55.369,2.139,37.157,16.074,9.697,0,9.697,1.211,0.892,3.943,1.391,2.261,85.09667107244951,3.2874312236805703,57.1066301908831,24.70414655887868,14.903328927550486,0,14.903328927550486,1.861187102326868,1.3709156856115328,6.060000614760397,2.1378292810377153,3.474933144806812
Luxembourg,2015,LUX,569415,30976491520,43.034,40.87,0.571,31.355,8.943,2.165,0,2.165,0.267,0.279,0.274,0.942,0.402,94.97141794859878,1.326857833341079,72.8609936329414,20.781242738299948,5.030905795417577,0,5.030905795417577,0.6204396523678952,0.6483245805642052,0.6367058604824093,2.1889668634103265,0.9341450945763816
Luxembourg,2016,LUX,583355,32518553600,42.459,40.152,0.592,31.313,8.247,2.307,0,2.307,0.309,0.268,0.272,1.011,0.447,94.56652299865752,1.3942862526201745,73.7487929532019,19.42344379283544,5.433477001342471,0,5.433477001342471,0.7277608987493818,0.6311971549023765,0.6406180079606207,2.3811206104712777,1.0527803292588143
Luxembourg,2017,LUX,596290,32946911232,44.355,41.385,0.548,32.776,8.061,2.97,0,2.97,0.228,0.289,0.625,1.281,0.547,93.30402434900236,1.2354864164130315,73.89471311013416,18.17382482245519,6.695975650997633,0,6.695975650997633,0.5140344944200204,0.651561267049938,1.4090857851425995,2.888062225228272,1.233231879156803
Luxembourg,2018,LUX,607920,33348603904,46.431,43.115,0.486,34.679,7.951,3.316,0,3.316,0.245,0.314,0.674,1.389,0.693,92.85821972389138,1.0467144795503005,74.6893239430553,17.124335034782796,7.141780276108635,0,7.141780276108635,0.5276647067691844,0.6762723180633629,1.4516163769895114,2.991535827356723,1.4925373134328357
Luxembourg,2019,LUX,619981,34122293248,47.288,43.544,0.532,35.057,7.956,3.744,0,3.744,0.282,0.344,0.741,1.489,0.888,92.08255794281848,1.1250211470140417,74.13508712569786,16.824564371510746,7.917442057181527,0,7.917442057181527,0.5963457959736085,0.7274572830316359,1.5669937404838439,3.1487903907968198,1.8778548468956187
Luxembourg,2020,LUX,630401,33850189824,40.541,36.134,0.447,28.462,7.225,4.406,0,4.406,0.241,0.424,0.922,1.632,1.188,89.12952319873709,1.102587504008288,70.20547100466196,17.821464690066847,10.86801016255149,0,10.86801016255149,0.5944599294541328,1.0458548136454453,2.274240891936558,4.025554377050393,2.9303667891763894
Luxembourg,2021,LUX,639330,35577397248,43.215,38.818,0.459,30.57,7.79,4.397,0,4.397,0.279,0.471,0.822,1.583,1.24,89.82529214393149,1.0621312044429017,70.73932662270045,18.026148328126805,10.174707856068494,0,10.174707856068494,0.645609163484901,1.0898993405067683,1.9021173203748698,3.66307994909175,2.8693740599328934
Luxembourg,2022,LUX,647601,36128358400,38.764,34.434,0.478,27.839,6.117,4.33,0,4.33,0.167,0.72,0.814,1.483,1.145,88.82984212155607,1.2331028789598595,71.81663399030028,15.780105252295943,11.170157878443916,0,11.170157878443916,0.4308120936951811,1.8573934578474873,2.09988649262202,3.825714580538644,2.9537715406046843
Macao,2015,MAC,615243,NA,12.959,NA,NA,NA,NA,NA,NA,NA,NA,NA,NA,NA,NA,NA,NA,NA,NA,NA,NA,NA,NA,NA,NA,NA,NA
Macao,2016,MAC,626694,NA,12.785,NA,NA,NA,NA,NA,NA,NA,NA,NA,NA,NA,NA,NA,NA,NA,NA,NA,NA,NA,NA,NA,NA,NA,NA
Macao,2017,MAC,638612,NA,15.746,NA,NA,NA,NA,NA,NA,NA,NA,NA,NA,NA,NA,NA,NA,NA,NA,NA,NA,NA,NA,NA,NA,NA,NA
Macao,2018,MAC,650996,NA,14.942,NA,NA,NA,NA,NA,NA,NA,NA,NA,NA,NA,NA,NA,NA,NA,NA,NA,NA,NA,NA,NA,NA,NA,NA
Macao,2019,MAC,663660,NA,15.28,NA,NA,NA,NA,NA,NA,NA,NA,NA,NA,NA,NA,NA,NA,NA,NA,NA,NA,NA,NA,NA,NA,NA,NA
Macao,2020,MAC,676287,NA,13.965,NA,NA,NA,NA,NA,NA,NA,NA,NA,NA,NA,NA,NA,NA,NA,NA,NA,NA,NA,NA,NA,NA,NA,NA
Macao,2021,MAC,686616,NA,14.693,NA,NA,NA,NA,NA,NA,NA,NA,NA,NA,NA,NA,NA,NA,NA,NA,NA,NA,NA,NA,NA,NA,NA,NA
Macao,2022,MAC,695180,NA,NA,NA,NA,NA,NA,NA,NA,NA,NA,NA,NA,NA,NA,NA,NA,NA,NA,NA,NA,NA,NA,NA,NA,NA,NA
Madagascar,2015,MDG,24850912,32394176512,16.818,NA,NA,NA,NA,NA,0,NA,NA,NA,NA,NA,NA,NA,NA,NA,NA,NA,0,NA,NA,NA,NA,NA,NA
Madagascar,2016,MDG,25501944,33687674880,17.631,NA,NA,NA,NA,NA,0,NA,NA,NA,NA,NA,NA,NA,NA,NA,NA,NA,0,NA,NA,NA,NA,NA,NA
Madagascar,2017,MDG,26169540,35012612096,16.165,NA,NA,NA,NA,NA,0,NA,NA,NA,NA,NA,NA,NA,NA,NA,NA,NA,0,NA,NA,NA,NA,NA,NA
Madagascar,2018,MDG,26846544,36130918400,15.56,NA,NA,NA,NA,NA,0,NA,NA,NA,NA,NA,NA,NA,NA,NA,NA,NA,0,NA,NA,NA,NA,NA,NA
Madagascar,2019,MDG,27533134,37724651520,18.687,NA,NA,NA,NA,NA,0,NA,NA,NA,NA,NA,NA,NA,NA,NA,NA,NA,0,NA,NA,NA,NA,NA,NA
Madagascar,2020,MDG,28225182,35031863296,12.631,NA,NA,NA,NA,NA,0,NA,NA,NA,NA,NA,NA,NA,NA,NA,NA,NA,0,NA,NA,NA,NA,NA,NA
Madagascar,2021,MDG,28915652,37042696192,14.679,NA,NA,NA,NA,NA,0,NA,NA,NA,NA,NA,NA,NA,NA,NA,NA,NA,0,NA,NA,NA,NA,NA,NA
Madagascar,2022,MDG,29611718,38602186752,NA,NA,NA,NA,NA,NA,0,NA,NA,NA,NA,NA,NA,NA,NA,NA,NA,NA,NA,NA,NA,NA,NA,NA,NA
Malawi,2015,MWI,16938944,21251436544,9.611,NA,NA,NA,NA,NA,NA,NA,NA,NA,NA,NA,NA,NA,NA,NA,NA,NA,NA,NA,NA,NA,NA,NA,NA
Malawi,2016,MWI,17405624,21733840896,10.123,NA,NA,NA,NA,NA,NA,NA,NA,NA,NA,NA,NA,NA,NA,NA,NA,NA,NA,NA,NA,NA,NA,NA,NA
Malawi,2017,MWI,17881172,22603194368,10.432,NA,NA,NA,NA,NA,NA,NA,NA,NA,NA,NA,NA,NA,NA,NA,NA,NA,NA,NA,NA,NA,NA,NA,NA
Malawi,2018,MWI,18367886,23595927552,9.962,NA,NA,NA,NA,NA,NA,NA,NA,NA,NA,NA,NA,NA,NA,NA,NA,NA,NA,NA,NA,NA,NA,NA,NA
Malawi,2019,MWI,18867340,24881432576,10.147,NA,NA,NA,NA,NA,NA,NA,NA,NA,NA,NA,NA,NA,NA,NA,NA,NA,NA,NA,NA,NA,NA,NA,NA
Malawi,2020,MWI,19377058,25108604928,9.752,NA,NA,NA,NA,NA,NA,NA,NA,NA,NA,NA,NA,NA,NA,NA,NA,NA,NA,NA,NA,NA,NA,NA,NA
Malawi,2021,MWI,19889742,26255308800,9.248,NA,NA,NA,NA,NA,NA,NA,NA,NA,NA,NA,NA,NA,NA,NA,NA,NA,NA,NA,NA,NA,NA,NA,NA
Malawi,2022,MWI,20405318,26465351680,NA,NA,NA,NA,NA,NA,NA,NA,NA,NA,NA,NA,NA,NA,NA,NA,NA,NA,NA,NA,NA,NA,NA,NA,NA
Malaysia,2015,MYS,31068834,685237665792,1114.575,1069.424,202.296,398.729,468.398,45.151,0,45.151,37.497,0.735,0,4.521,2.397,95.94903887131866,18.15005719668932,35.77408429221901,42.02480766211336,4.050961128681336,0,4.050961128681336,3.3642419756409394,0.06594441827602449,0,0.4056254626202812,0.21505955184711656
Malaysia,2016,MYS,31526414,715730780160,1172.303,1110.921,217.847,443.145,449.93,61.382,0,61.382,53.605,0.83,0,4.521,2.426,94.76398166685574,18.58282372390073,37.80123398131711,38.3800092638166,5.236018333144246,0,5.236018333144246,4.572623289371433,0.07080080832344539,0,0.38565114991601995,0.20694308553334761
Malaysia,2017,MYS,31975812,757336178688,1188.477,1109.307,241.405,417.461,450.442,79.17,0,79.17,71.445,0.878,0,4.405,2.442,93.33853326568372,20.31213056710395,35.12571130951629,37.90077553036365,6.661466734316273,0,6.661466734316273,6.011475190516938,0.07387606154767824,0,0.3706424272409142,0.20547305501074065
Malaysia,2018,MYS,32399270,794013990912,1209.576,1128.875,258.943,423.154,446.778,80.701,0,80.701,69.649,1.672,0,5.067,4.313,93.32815796609721,21.407749492384106,34.98366369703103,36.936744776682076,6.671842033902789,0,6.671842033902789,5.758133428573318,0.1382302558913206,0,0.4189071211730392,0.35657122826511106
Malaysia,2019,MYS,32804024,829053861888,1240.781,1156.726,244.729,459.846,452.151,84.055,0,84.055,69.052,3.846,0,7.531,3.626,93.22563772333717,19.723786872945347,37.06101237849387,36.44083847189795,6.774362276662845,0,6.774362276662845,5.565204496200378,0.30996606169823687,0,0.6069564250258506,0.2922352937383793
Malaysia,2020,MYS,33199988,783174008832,1196.429,1106.194,288.092,381.966,436.137,90.235,0,90.235,71.695,5.408,0,9.193,3.939,92.4579728508754,24.079322717854545,31.92550498190866,36.45322873317179,7.5420271491246025,0,7.5420271491246025,5.9924157639107705,0.45201177838384055,0,0.7683698740167615,0.32922973281323
Malaysia,2021,MYS,33573872,807389757440,1246.65,1148.04,266.346,368.176,513.517,98.61,0,98.61,79.03,6.029,0,9.612,3.939,92.09000120322463,21.364938033930933,29.533229053864353,41.191753900453214,7.909998796775357,0,7.909998796775357,6.339389564031604,0.48361609112421283,0,0.7710263506196606,0.3159667909998797
Malaysia,2022,MYS,33938216,877584187392,1331.279,1226.946,263.048,444.445,519.453,104.333,0,104.333,82.865,7.175,0,10.354,3.939,92.16295006531313,19.759043746652655,33.38481265009063,39.01909366856985,7.837049934686869,0,7.837049934686869,6.2244653449802785,0.5389553955256562,0,0.7777483157174416,0.29588087846349265
Maldives,2015,MDV,435590,NA,6.599,NA,NA,NA,NA,NA,NA,NA,NA,NA,NA,NA,NA,NA,NA,NA,NA,NA,NA,NA,NA,NA,NA,NA,NA
Maldives,2016,MDV,454263,NA,7.001,NA,NA,NA,NA,NA,NA,NA,NA,NA,NA,NA,NA,NA,NA,NA,NA,NA,NA,NA,NA,NA,NA,NA,NA
Maldives,2017,MDV,472449,NA,7.264,NA,NA,NA,NA,NA,NA,NA,NA,NA,NA,NA,NA,NA,NA,NA,NA,NA,NA,NA,NA,NA,NA,NA,NA
Maldives,2018,MDV,489773,NA,8.336,NA,NA,NA,NA,NA,NA,NA,NA,NA,NA,NA,NA,NA,NA,NA,NA,NA,NA,NA,NA,NA,NA,NA,NA
Maldives,2019,MDV,504518,NA,9.368,NA,NA,NA,NA,NA,NA,NA,NA,NA,NA,NA,NA,NA,NA,NA,NA,NA,NA,NA,NA,NA,NA,NA,NA
Maldives,2020,MDV,514451,NA,8.904,NA,NA,NA,NA,NA,NA,NA,NA,NA,NA,NA,NA,NA,NA,NA,NA,NA,NA,NA,NA,NA,NA,NA,NA
Maldives,2021,MDV,521469,NA,9.214,NA,NA,NA,NA,NA,NA,NA,NA,NA,NA,NA,NA,NA,NA,NA,NA,NA,NA,NA,NA,NA,NA,NA,NA
Maldives,2022,MDV,523798,NA,NA,NA,NA,NA,NA,NA,NA,NA,NA,NA,NA,NA,NA,NA,NA,NA,NA,NA,NA,NA,NA,NA,NA,NA,NA
Mali,2015,MLI,18112910,23664472064,17.258,NA,NA,NA,NA,NA,NA,NA,NA,NA,NA,NA,NA,NA,NA,NA,NA,NA,NA,NA,NA,NA,NA,NA,NA
Mali,2016,MLI,18700108,25049317376,21.92,NA,NA,NA,NA,NA,NA,NA,NA,NA,NA,NA,NA,NA,NA,NA,NA,NA,NA,NA,NA,NA,NA,NA,NA
Mali,2017,MLI,19311356,26378184704,23.834,NA,NA,NA,NA,NA,NA,NA,NA,NA,NA,NA,NA,NA,NA,NA,NA,NA,NA,NA,NA,NA,NA,NA,NA
Mali,2018,MLI,19934304,27630094336,24.794,NA,NA,NA,NA,NA,NA,NA,NA,NA,NA,NA,NA,NA,NA,NA,NA,NA,NA,NA,NA,NA,NA,NA,NA
Mali,2019,MLI,20567430,28946665472,25.333,NA,NA,NA,NA,NA,NA,NA,NA,NA,NA,NA,NA,NA,NA,NA,NA,NA,NA,NA,NA,NA,NA,NA,NA
Mali,2020,MLI,21224042,28586567680,24.257,NA,NA,NA,NA,NA,NA,NA,NA,NA,NA,NA,NA,NA,NA,NA,NA,NA,NA,NA,NA,NA,NA,NA,NA
Mali,2021,MLI,21904990,29459888128,25.597,NA,NA,NA,NA,NA,NA,NA,NA,NA,NA,NA,NA,NA,NA,NA,NA,NA,NA,NA,NA,NA,NA,NA,NA
Mali,2022,MLI,22593598,30551085056,NA,NA,NA,NA,NA,NA,NA,NA,NA,NA,NA,NA,NA,NA,NA,NA,NA,NA,NA,NA,NA,NA,NA,NA,NA
Malta,2015,MLT,456585,12865696768,29.281,NA,NA,NA,NA,NA,NA,NA,NA,NA,NA,NA,NA,NA,NA,NA,NA,NA,NA,NA,NA,NA,NA,NA,NA
Malta,2016,MLT,467717,13300698112,32.549,NA,NA,NA,NA,NA,NA,NA,NA,NA,NA,NA,NA,NA,NA,NA,NA,NA,NA,NA,NA,NA,NA,NA,NA
Malta,2017,MLT,479507,14746505216,37.074,NA,NA,NA,NA,NA,NA,NA,NA,NA,NA,NA,NA,NA,NA,NA,NA,NA,NA,NA,NA,NA,NA,NA,NA
Malta,2018,MLT,491590,15659758592,38.703,NA,NA,NA,NA,NA,NA,NA,NA,NA,NA,NA,NA,NA,NA,NA,NA,NA,NA,NA,NA,NA,NA,NA,NA
Malta,2019,MLT,503646,16757308416,40.333,NA,NA,NA,NA,NA,NA,NA,NA,NA,NA,NA,NA,NA,NA,NA,NA,NA,NA,NA,NA,NA,NA,NA,NA
Malta,2020,MLT,515364,15314071552,37.14,NA,NA,NA,NA,NA,NA,NA,NA,NA,NA,NA,NA,NA,NA,NA,NA,NA,NA,NA,NA,NA,NA,NA,NA
Malta,2021,MLT,526751,17122043904,39.15,NA,NA,NA,NA,NA,NA,NA,NA,NA,NA,NA,NA,NA,NA,NA,NA,NA,NA,NA,NA,NA,NA,NA,NA
Malta,2022,MLT,533293,18295134208,NA,NA,NA,NA,NA,NA,NA,NA,NA,NA,NA,NA,NA,NA,NA,NA,NA,NA,NA,NA,NA,NA,NA,NA,NA
Martinique,2015,MTQ,383523,NA,NA,NA,NA,NA,NA,NA,NA,NA,NA,NA,NA,NA,NA,NA,NA,NA,NA,NA,NA,NA,NA,NA,NA,NA,NA
Martinique,2016,MTQ,380350,NA,NA,NA,NA,NA,NA,NA,NA,NA,NA,NA,NA,NA,NA,NA,NA,NA,NA,NA,NA,NA,NA,NA,NA,NA,NA
Martinique,2017,MTQ,377458,NA,NA,NA,NA,NA,NA,NA,NA,NA,NA,NA,NA,NA,NA,NA,NA,NA,NA,NA,NA,NA,NA,NA,NA,NA,NA
Martinique,2018,MTQ,374843,NA,NA,NA,NA,NA,NA,NA,NA,NA,NA,NA,NA,NA,NA,NA,NA,NA,NA,NA,NA,NA,NA,NA,NA,NA,NA
Martinique,2019,MTQ,372254,NA,NA,NA,NA,NA,NA,NA,NA,NA,NA,NA,NA,NA,NA,NA,NA,NA,NA,NA,NA,NA,NA,NA,NA,NA,NA
Martinique,2020,MTQ,370399,NA,8.987,NA,NA,NA,NA,NA,NA,NA,NA,NA,NA,NA,NA,NA,NA,NA,NA,NA,NA,NA,NA,NA,NA,NA,NA
Martinique,2021,MTQ,368799,NA,8.987,NA,NA,NA,NA,NA,NA,NA,NA,NA,NA,NA,NA,NA,NA,NA,NA,NA,NA,NA,NA,NA,NA,NA,NA
Mauritania,2015,MRT,3946225,12316128256,11.662,NA,NA,NA,NA,NA,NA,NA,NA,NA,NA,NA,NA,NA,NA,NA,NA,NA,NA,NA,NA,NA,NA,NA,NA
Mauritania,2016,MRT,4051896,12416318464,10.89,NA,NA,NA,NA,NA,NA,NA,NA,NA,NA,NA,NA,NA,NA,NA,NA,NA,NA,NA,NA,NA,NA,NA,NA
Mauritania,2017,MRT,4160018,13137043456,16.321,NA,NA,NA,NA,NA,NA,NA,NA,NA,NA,NA,NA,NA,NA,NA,NA,NA,NA,NA,NA,NA,NA,NA,NA
Mauritania,2018,MRT,4270717,13699198976,17.4,NA,NA,NA,NA,NA,NA,NA,NA,NA,NA,NA,NA,NA,NA,NA,NA,NA,NA,NA,NA,NA,NA,NA,NA
Mauritania,2019,MRT,4383853,14424796160,18.19,NA,NA,NA,NA,NA,NA,NA,NA,NA,NA,NA,NA,NA,NA,NA,NA,NA,NA,NA,NA,NA,NA,NA,NA
Mauritania,2020,MRT,4498605,14289417216,17.476,NA,NA,NA,NA,NA,NA,NA,NA,NA,NA,NA,NA,NA,NA,NA,NA,NA,NA,NA,NA,NA,NA,NA,NA
Mauritania,2021,MRT,4614981,14638844928,18.407,NA,NA,NA,NA,NA,NA,NA,NA,NA,NA,NA,NA,NA,NA,NA,NA,NA,NA,NA,NA,NA,NA,NA,NA
Mauritania,2022,MRT,4736146,15674545152,NA,NA,NA,NA,NA,NA,NA,NA,NA,NA,NA,NA,NA,NA,NA,NA,NA,NA,NA,NA,NA,NA,NA,NA,NA
Mauritius,2015,MUS,1293159,24404852736,23.597,NA,NA,NA,NA,NA,NA,NA,NA,NA,NA,NA,NA,NA,NA,NA,NA,NA,NA,NA,NA,NA,NA,NA,NA
Mauritius,2016,MUS,1293909,25347373056,24.531,NA,NA,NA,NA,NA,NA,NA,NA,NA,NA,NA,NA,NA,NA,NA,NA,NA,NA,NA,NA,NA,NA,NA,NA
Mauritius,2017,MUS,1294743,26345551872,26.914,NA,NA,NA,NA,NA,NA,NA,NA,NA,NA,NA,NA,NA,NA,NA,NA,NA,NA,NA,NA,NA,NA,NA,NA
Mauritius,2018,MUS,1295386,27401224192,28.407,NA,NA,NA,NA,NA,NA,NA,NA,NA,NA,NA,NA,NA,NA,NA,NA,NA,NA,NA,NA,NA,NA,NA,NA
Mauritius,2019,MUS,1296284,28193386496,29.555,NA,NA,NA,NA,NA,NA,NA,NA,NA,NA,NA,NA,NA,NA,NA,NA,NA,NA,NA,NA,NA,NA,NA,NA
Mauritius,2020,MUS,1297830,24077715456,24.977,NA,NA,NA,NA,NA,NA,NA,NA,NA,NA,NA,NA,NA,NA,NA,NA,NA,NA,NA,NA,NA,NA,NA,NA
Mauritius,2021,MUS,1298922,24920195072,25.621,NA,NA,NA,NA,NA,NA,NA,NA,NA,NA,NA,NA,NA,NA,NA,NA,NA,NA,NA,NA,NA,NA,NA,NA
Mauritius,2022,MUS,1299478,26988574720,NA,NA,NA,NA,NA,NA,NA,NA,NA,NA,NA,NA,NA,NA,NA,NA,NA,NA,NA,NA,NA,NA,NA,NA,NA
Mexico,2015,MEX,120149896,1916008792064,2205.421,2043.285,147.65,1087.805,807.829,162.136,29.917,132.219,83.19,0.545,23.55,1.954,22.981,92.64829708250716,6.6948668757575085,49.32414264668742,36.6292422172456,7.351702917492851,1.3565210451881977,5.995181872304653,3.7720689156401437,0.024711835064597645,1.067823331690412,0.08859986369949321,1.0420232690266396
Mexico,2016,MEX,121519224,1961906667520,2253.398,2092.615,144.633,1117.681,830.3,160.783,27.146,133.637,80.395,0.675,27.783,2.07,22.714,92.86486452903569,6.418440062518915,49.599804384312044,36.846575704780065,7.135135470964293,1.204669570133638,5.930465900830656,3.567723056468498,0.02995476165328983,1.2329379896494095,0.0918612690700888,1.0079888239893706
Mexico,2017,MEX,122839256,2007719477248,2293.264,2127.736,176.753,1090.648,860.335,165.528,27.792,137.736,82.175,3.158,28.262,2.187,21.955,92.78199108345136,7.70748592399305,47.558763404475016,37.51574175498329,7.218008916548639,1.2118971038659307,6.006111812682708,3.5833205422489516,0.13770765162667709,1.232391909522846,0.0953662552588799,0.957369059994837
Mexico,2018,MEX,124013864,2051539206144,2265.277,2081.753,157.545,1021.472,902.736,183.524,34.414,149.111,85.283,8.497,32.9,2.441,19.989,91.8983859369075,6.954778598820364,45.0925869110047,39.85102042708243,8.101614063092505,1.5191961071427469,6.582462100661419,3.764793444686897,0.375097614993663,1.4523610136861849,0.10775724116741572,0.8824086414155974
Mexico,2019,MEX,125085312,2047701155840,2241.414,2058.36,150.415,974.052,933.893,183.054,28.304,154.75,62.215,26.266,44.092,2.696,19.481,91.83310178307086,6.710719215637985,43.457032034242665,41.66535053319021,8.166898216929134,1.262774302293106,6.904123914636028,2.775703194501328,1.171849555682261,1.9671510930153908,0.1202812153399595,0.8691388560970887
Mexico,2020,MEX,125998296,1880176590848,2041.917,1827.884,66.491,838.945,922.448,214.033,28.17,185.863,70.429,41.589,51.745,2.951,19.149,89.51803623751603,3.2563027782226217,41.08614600887304,45.175587450420366,10.48196376248398,1.3795859479107135,9.102377814573266,3.4491607641250845,2.0367625128739317,2.5341382632105027,0.14452105545915922,0.9377952189045883
Mexico,2021,MEX,126705136,1973140979712,2175.894,1928.164,55.126,956.65,916.388,247.73,29.938,217.792,90.844,52.844,55.146,2.539,16.42,88.61479465451903,2.5334873849553334,43.965836571082974,42.11547069848072,11.385205345480985,1.3758942301417256,10.009311115339258,4.175019555180538,2.4286109525555934,2.5344065473777677,0.1166876695280193,0.7546323488184628
Mexico,2022,MEX,127504120,2033437638656,2273.084,2025.715,67.837,1048.408,909.47,247.369,27.144,220.225,92.707,53.034,53.521,2.723,18.24,89.1174721215758,2.984359574921121,46.12271257903359,40.01039996762108,10.882527878424202,1.1941485664410114,9.688379311983192,4.078467843687255,2.333129791947856,2.354554429136803,0.11979319725975812,0.8024340499515196
Micronesia (country),2015,FSM,109477,NA,0.709,NA,NA,NA,NA,NA,NA,NA,NA,NA,NA,NA,NA,NA,NA,NA,NA,NA,NA,NA,NA,NA,NA,NA,NA
Micronesia (country),2016,FSM,109934,NA,0.749,NA,NA,NA,NA,NA,NA,NA,NA,NA,NA,NA,NA,NA,NA,NA,NA,NA,NA,NA,NA,NA,NA,NA,NA
Micronesia (country),2017,FSM,110441,NA,0.757,NA,NA,NA,NA,NA,NA,NA,NA,NA,NA,NA,NA,NA,NA,NA,NA,NA,NA,NA,NA,NA,NA,NA,NA
Micronesia (country),2018,FSM,110945,NA,0.764,NA,NA,NA,NA,NA,NA,NA,NA,NA,NA,NA,NA,NA,NA,NA,NA,NA,NA,NA,NA,NA,NA,NA,NA
Micronesia (country),2019,FSM,111392,NA,0.721,NA,NA,NA,NA,NA,NA,NA,NA,NA,NA,NA,NA,NA,NA,NA,NA,NA,NA,NA,NA,NA,NA,NA,NA
Micronesia (country),2020,FSM,112119,NA,0.723,NA,NA,NA,NA,NA,NA,NA,NA,NA,NA,NA,NA,NA,NA,NA,NA,NA,NA,NA,NA,NA,NA,NA,NA
Micronesia (country),2021,FSM,113143,NA,0.723,NA,NA,NA,NA,NA,NA,NA,NA,NA,NA,NA,NA,NA,NA,NA,NA,NA,NA,NA,NA,NA,NA,NA,NA
Moldova,2015,MDA,3277390,20583362560,38.075,NA,NA,NA,NA,NA,NA,NA,NA,NA,NA,NA,NA,NA,NA,NA,NA,NA,NA,NA,NA,NA,NA,NA,NA
Moldova,2016,MDA,3225125,21490882560,38.051,NA,NA,NA,NA,NA,NA,NA,NA,NA,NA,NA,NA,NA,NA,NA,NA,NA,NA,NA,NA,NA,NA,NA,NA
Moldova,2017,MDA,3180515,22393497600,38.689,NA,NA,NA,NA,NA,NA,NA,NA,NA,NA,NA,NA,NA,NA,NA,NA,NA,NA,NA,NA,NA,NA,NA,NA
Moldova,2018,MDA,3141839,23311636480,41.251,NA,NA,NA,NA,NA,NA,NA,NA,NA,NA,NA,NA,NA,NA,NA,NA,NA,NA,NA,NA,NA,NA,NA,NA
Moldova,2019,MDA,3109496,24150849536,41.944,NA,NA,NA,NA,NA,NA,NA,NA,NA,NA,NA,NA,NA,NA,NA,NA,NA,NA,NA,NA,NA,NA,NA,NA
Moldova,2020,MDA,3084848,22146328576,40.321,NA,NA,NA,NA,NA,NA,NA,NA,NA,NA,NA,NA,NA,NA,NA,NA,NA,NA,NA,NA,NA,NA,NA,NA
Moldova,2021,MDA,3061509,25234640896,49.004,NA,NA,NA,NA,NA,NA,NA,NA,NA,NA,NA,NA,NA,NA,NA,NA,NA,NA,NA,NA,NA,NA,NA,NA
Moldova,2022,MDA,3272993,23827554304,NA,NA,NA,NA,NA,NA,NA,NA,NA,NA,NA,NA,NA,NA,NA,NA,NA,NA,NA,NA,NA,NA,NA,NA,NA
Mongolia,2015,MNG,2964756,37107212288,56.872,NA,NA,NA,NA,NA,0,NA,NA,NA,NA,NA,NA,NA,NA,NA,NA,NA,0,NA,NA,NA,NA,NA,NA
Mongolia,2016,MNG,3029559,37322350592,59.658,NA,NA,NA,NA,NA,0,NA,NA,NA,NA,NA,NA,NA,NA,NA,NA,NA,0,NA,NA,NA,NA,NA,NA
Mongolia,2017,MNG,3096033,39053688832,65.152,NA,NA,NA,NA,NA,0,NA,NA,NA,NA,NA,NA,NA,NA,NA,NA,NA,0,NA,NA,NA,NA,NA,NA
Mongolia,2018,MNG,3163994,41646694400,71.146,NA,NA,NA,NA,NA,0,NA,NA,NA,NA,NA,NA,NA,NA,NA,NA,NA,0,NA,NA,NA,NA,NA,NA
Mongolia,2019,MNG,3232435,43979841536,78.482,NA,NA,NA,NA,NA,0,NA,NA,NA,NA,NA,NA,NA,NA,NA,NA,NA,0,NA,NA,NA,NA,NA,NA
Mongolia,2020,MNG,3294340,41975349248,67.128,NA,NA,NA,NA,NA,0,NA,NA,NA,NA,NA,NA,NA,NA,NA,NA,NA,0,NA,NA,NA,NA,NA,NA
Mongolia,2021,MNG,3347782,42662391808,75.016,NA,NA,NA,NA,NA,0,NA,NA,NA,NA,NA,NA,NA,NA,NA,NA,NA,0,NA,NA,NA,NA,NA,NA
Mongolia,2022,MNG,3398373,44809465856,NA,NA,NA,NA,NA,NA,0,NA,NA,NA,NA,NA,NA,NA,NA,NA,NA,NA,NA,NA,NA,NA,NA,NA,NA
Montenegro,2015,MNE,633969,10689585152,13.335,NA,NA,NA,NA,NA,NA,NA,NA,NA,NA,NA,NA,NA,NA,NA,NA,NA,NA,NA,NA,NA,NA,NA,NA
Montenegro,2016,MNE,633264,10988664832,13.316,NA,NA,NA,NA,NA,NA,NA,NA,NA,NA,NA,NA,NA,NA,NA,NA,NA,NA,NA,NA,NA,NA,NA,NA
Montenegro,2017,MNE,632445,11487747072,12.434,NA,NA,NA,NA,NA,NA,NA,NA,NA,NA,NA,NA,NA,NA,NA,NA,NA,NA,NA,NA,NA,NA,NA,NA
Montenegro,2018,MNE,631459,12049854464,13.799,NA,NA,NA,NA,NA,NA,NA,NA,NA,NA,NA,NA,NA,NA,NA,NA,NA,NA,NA,NA,NA,NA,NA,NA
Montenegro,2019,MNE,630403,12539436032,12.898,NA,NA,NA,NA,NA,NA,NA,NA,NA,NA,NA,NA,NA,NA,NA,NA,NA,NA,NA,NA,NA,NA,NA,NA
Montenegro,2020,MNE,629058,10620037120,11.287,NA,NA,NA,NA,NA,NA,NA,NA,NA,NA,NA,NA,NA,NA,NA,NA,NA,NA,NA,NA,NA,NA,NA,NA
Montenegro,2021,MNE,627856,12005261312,11.892,NA,NA,NA,NA,NA,NA,NA,NA,NA,NA,NA,NA,NA,NA,NA,NA,NA,NA,NA,NA,NA,NA,NA,NA
Montenegro,2022,MNE,627082,12774400000,NA,NA,NA,NA,NA,NA,NA,NA,NA,NA,NA,NA,NA,NA,NA,NA,NA,NA,NA,NA,NA,NA,NA,NA,NA
Montserrat,2015,MSR,5083,NA,0.24,NA,NA,NA,NA,NA,NA,NA,NA,NA,NA,NA,NA,NA,NA,NA,NA,NA,NA,NA,NA,NA,NA,NA,NA
Montserrat,2016,MSR,5108,NA,0.137,NA,NA,NA,NA,NA,NA,NA,NA,NA,NA,NA,NA,NA,NA,NA,NA,NA,NA,NA,NA,NA,NA,NA,NA
Montserrat,2017,MSR,4723,NA,0.123,NA,NA,NA,NA,NA,NA,NA,NA,NA,NA,NA,NA,NA,NA,NA,NA,NA,NA,NA,NA,NA,NA,NA,NA
Montserrat,2018,MSR,4381,NA,0.137,NA,NA,NA,NA,NA,NA,NA,NA,NA,NA,NA,NA,NA,NA,NA,NA,NA,NA,NA,NA,NA,NA,NA,NA
Montserrat,2019,MSR,4528,NA,0.137,NA,NA,NA,NA,NA,NA,NA,NA,NA,NA,NA,NA,NA,NA,NA,NA,NA,NA,NA,NA,NA,NA,NA,NA
Montserrat,2020,MSR,4526,NA,0.115,NA,NA,NA,NA,NA,NA,NA,NA,NA,NA,NA,NA,NA,NA,NA,NA,NA,NA,NA,NA,NA,NA,NA,NA
Montserrat,2021,MSR,4438,NA,0.122,NA,NA,NA,NA,NA,NA,NA,NA,NA,NA,NA,NA,NA,NA,NA,NA,NA,NA,NA,NA,NA,NA,NA,NA
Montserrat,2022,MSR,4413,NA,NA,NA,NA,NA,NA,NA,NA,NA,NA,NA,NA,NA,NA,NA,NA,NA,NA,NA,NA,NA,NA,NA,NA,NA,NA
Morocco,2015,MAR,34680456,274689998848,220.859,208.983,51.697,145.515,11.771,11.876,0,11.876,5.076,0.015,6.785,NA,0,94.622813650338,23.407241724358073,65.88592722053436,5.329644705445556,5.377186349662002,0,5.377186349662002,2.298298914692179,0.006791663459492254,3.07209577151033,NA,0
Morocco,2016,MAR,35107272,276121124864,223.324,210.856,49.816,149.065,11.976,12.468,0,12.468,3.362,1.075,8.031,NA,0,94.417080116781,22.30660385807168,66.74831186974977,5.362612168866758,5.582919883219,0,5.582919883219,1.5054360480736506,0.48136340026150337,3.5961204348838463,NA,0
Morocco,2017,MAR,35528116,290087305216,233.801,221.466,51.781,157.804,11.881,12.335,0,12.335,3.153,1.105,8.077,NA,0,94.72414574787962,22.147467290559067,67.49500643709821,5.081672020222326,5.275854252120394,0,5.275854252120394,1.3485827691070613,0.4726241547298771,3.4546473282834547,NA,0
Morocco,2018,MAR,35927516,298981392384,241.814,224.658,59.892,154.051,10.715,17.156,0,17.156,4.48,2.514,10.162,NA,0,92.90529084337548,24.767796736334542,63.706402441545976,4.431091665494967,7.094709156624512,0,7.094709156624512,1.8526636174911297,1.0396420389224776,4.202403500210907,NA,0
Morocco,2019,MAR,36304408,307624968192,263.841,243.957,77.487,156.342,10.127,19.884,0,19.884,3.329,4.169,12.387,NA,0,92.46364287582294,29.368824405607917,59.25614290424915,3.838296549815988,7.53635712417706,0,7.53635712417706,1.261744762944349,1.5801183288419915,4.694873048540598,NA,0
Morocco,2020,MAR,36688768,285515939840,242.534,224.204,79.828,136.509,7.867,18.33,0,18.33,2.279,3.992,12.06,NA,0,92.44229675014638,32.91414811943893,56.284479701815,3.243668928892444,7.5577032498536285,0,7.5577032498536285,0.9396620679987135,1.6459547939670316,4.972498701213026,NA,0
Morocco,2021,MAR,37076588,308157382656,269.054,248.788,85.969,154.92,7.899,20.267,0,20.267,2.141,4.763,13.363,NA,0,92.46768306733966,31.952321838738694,57.579519352992335,2.9358418756086144,7.532688605261398,0,7.532688605261398,0.7957510388249199,1.7702765987496933,4.966660967686785,NA,0
Morocco,2022,MAR,37457976,311654973440,267.057,248.406,86.362,159.817,2.227,18.651,0,18.651,0.913,3.774,13.963,NA,0,93.01609768701063,32.33841464556255,59.84377866897329,0.83390437247479,6.983902312989361,0,6.983902312989361,0.3418745810819413,1.4131814556443005,5.228471824367082,NA,0
Mozambique,2015,MOZ,26843252,26194296832,82.618,NA,NA,NA,NA,NA,NA,NA,NA,NA,NA,NA,NA,NA,NA,NA,NA,NA,NA,NA,NA,NA,NA,NA,NA
Mozambique,2016,MOZ,27696500,27195969536,84.95,NA,NA,NA,NA,NA,NA,NA,NA,NA,NA,NA,NA,NA,NA,NA,NA,NA,NA,NA,NA,NA,NA,NA,NA
Mozambique,2017,MOZ,28569448,28213366784,85.286,NA,NA,NA,NA,NA,0,NA,NA,NA,NA,NA,NA,NA,NA,NA,NA,NA,0,NA,NA,NA,NA,NA,NA
Mozambique,2018,MOZ,29423882,29185036288,70.118,NA,NA,NA,NA,NA,0,NA,NA,NA,NA,NA,NA,NA,NA,NA,NA,NA,0,NA,NA,NA,NA,NA,NA
Mozambique,2019,MOZ,30285602,29860673536,74.106,NA,NA,NA,NA,NA,0,NA,NA,NA,NA,NA,NA,NA,NA,NA,NA,NA,0,NA,NA,NA,NA,NA,NA
Mozambique,2020,MOZ,31178242,29502646272,70.109,NA,NA,NA,NA,NA,0,NA,NA,NA,NA,NA,NA,NA,NA,NA,NA,NA,0,NA,NA,NA,NA,NA,NA
Mozambique,2021,MOZ,32077074,30189463552,71.892,NA,NA,NA,NA,NA,0,NA,NA,NA,NA,NA,NA,NA,NA,NA,NA,NA,0,NA,NA,NA,NA,NA,NA
Mozambique,2022,MOZ,32969520,31441725440,NA,NA,NA,NA,NA,NA,0,NA,NA,NA,NA,NA,NA,NA,NA,NA,NA,NA,NA,NA,NA,NA,NA,NA,NA
Myanmar,2015,MMR,51483956,263690043392,112.88,NA,NA,NA,NA,NA,0,NA,NA,NA,NA,NA,NA,NA,NA,NA,NA,NA,0,NA,NA,NA,NA,NA,NA
Myanmar,2016,MMR,51892352,280587272192,129.814,NA,NA,NA,NA,NA,0,NA,NA,NA,NA,NA,NA,NA,NA,NA,NA,NA,0,NA,NA,NA,NA,NA,NA
Myanmar,2017,MMR,52288344,296721055744,167.527,NA,NA,NA,NA,NA,0,NA,NA,NA,NA,NA,NA,NA,NA,NA,NA,NA,0,NA,NA,NA,NA,NA,NA
Myanmar,2018,MMR,52666016,315726036992,172.26,NA,NA,NA,NA,NA,0,NA,NA,NA,NA,NA,NA,NA,NA,NA,NA,NA,0,NA,NA,NA,NA,NA,NA
Myanmar,2019,MMR,53040212,337037557760,169.581,NA,NA,NA,NA,NA,0,NA,NA,NA,NA,NA,NA,NA,NA,NA,NA,NA,0,NA,NA,NA,NA,NA,NA
Myanmar,2020,MMR,53423200,347785658368,170.052,NA,NA,NA,NA,NA,0,NA,NA,NA,NA,NA,NA,NA,NA,NA,NA,NA,0,NA,NA,NA,NA,NA,NA
Myanmar,2021,MMR,53798088,285399875584,164.883,NA,NA,NA,NA,NA,0,NA,NA,NA,NA,NA,NA,NA,NA,NA,NA,NA,0,NA,NA,NA,NA,NA,NA
Myanmar,2022,MMR,54179312,291025092608,NA,NA,NA,NA,NA,NA,0,NA,NA,NA,NA,NA,NA,NA,NA,NA,NA,NA,NA,NA,NA,NA,NA,NA,NA
Namibia,2015,NAM,2282709,22473213952,22.859,NA,NA,NA,NA,NA,NA,NA,NA,NA,NA,NA,NA,NA,NA,NA,NA,NA,NA,NA,NA,NA,NA,NA,NA
Namibia,2016,NAM,2323351,22480857088,22.91,NA,NA,NA,NA,NA,NA,NA,NA,NA,NA,NA,NA,NA,NA,NA,NA,NA,NA,NA,NA,NA,NA,NA,NA
Namibia,2017,NAM,2364540,22249979904,23.574,NA,NA,NA,NA,NA,NA,NA,NA,NA,NA,NA,NA,NA,NA,NA,NA,NA,NA,NA,NA,NA,NA,NA,NA
Namibia,2018,NAM,2405682,22485829632,23.277,NA,NA,NA,NA,NA,NA,NA,NA,NA,NA,NA,NA,NA,NA,NA,NA,NA,NA,NA,NA,NA,NA,NA,NA
Namibia,2019,NAM,2446648,22297167872,22.642,NA,NA,NA,NA,NA,NA,NA,NA,NA,NA,NA,NA,NA,NA,NA,NA,NA,NA,NA,NA,NA,NA,NA,NA
Namibia,2020,NAM,2489099,20505366528,22.303,NA,NA,NA,NA,NA,NA,NA,NA,NA,NA,NA,NA,NA,NA,NA,NA,NA,NA,NA,NA,NA,NA,NA,NA
Namibia,2021,NAM,2530150,21049989120,22.134,NA,NA,NA,NA,NA,NA,NA,NA,NA,NA,NA,NA,NA,NA,NA,NA,NA,NA,NA,NA,NA,NA,NA,NA
Namibia,2022,NAM,2567024,21858732032,NA,NA,NA,NA,NA,NA,NA,NA,NA,NA,NA,NA,NA,NA,NA,NA,NA,NA,NA,NA,NA,NA,NA,NA,NA
Nauru,2015,NRU,11207,NA,0.332,NA,NA,NA,NA,NA,NA,NA,NA,NA,NA,NA,NA,NA,NA,NA,NA,NA,NA,NA,NA,NA,NA,NA,NA
Nauru,2016,NRU,11463,NA,0.365,NA,NA,NA,NA,NA,NA,NA,NA,NA,NA,NA,NA,NA,NA,NA,NA,NA,NA,NA,NA,NA,NA,NA,NA
Nauru,2017,NRU,11708,NA,0.287,NA,NA,NA,NA,NA,NA,NA,NA,NA,NA,NA,NA,NA,NA,NA,NA,NA,NA,NA,NA,NA,NA,NA,NA
Nauru,2018,NRU,11949,NA,0.337,NA,NA,NA,NA,NA,NA,NA,NA,NA,NA,NA,NA,NA,NA,NA,NA,NA,NA,NA,NA,NA,NA,NA,NA
Nauru,2019,NRU,12156,NA,0.272,NA,NA,NA,NA,NA,NA,NA,NA,NA,NA,NA,NA,NA,NA,NA,NA,NA,NA,NA,NA,NA,NA,NA,NA
Nauru,2020,NRU,12339,NA,0.261,NA,NA,NA,NA,NA,NA,NA,NA,NA,NA,NA,NA,NA,NA,NA,NA,NA,NA,NA,NA,NA,NA,NA,NA
Nauru,2021,NRU,12533,NA,0.271,NA,NA,NA,NA,NA,NA,NA,NA,NA,NA,NA,NA,NA,NA,NA,NA,NA,NA,NA,NA,NA,NA,NA,NA
Nauru,2022,NRU,12691,NA,NA,NA,NA,NA,NA,NA,NA,NA,NA,NA,NA,NA,NA,NA,NA,NA,NA,NA,NA,NA,NA,NA,NA,NA,NA
Nepal,2015,NPL,27610328,70404489216,27.033,NA,NA,NA,NA,NA,NA,NA,NA,NA,NA,NA,NA,NA,NA,NA,NA,NA,NA,NA,NA,NA,NA,NA,NA
Nepal,2016,NPL,27861186,70942613504,39.734,NA,NA,NA,NA,NA,NA,NA,NA,NA,NA,NA,NA,NA,NA,NA,NA,NA,NA,NA,NA,NA,NA,NA,NA
Nepal,2017,NPL,28183424,77349478400,45.509,NA,NA,NA,NA,NA,NA,NA,NA,NA,NA,NA,NA,NA,NA,NA,NA,NA,NA,NA,NA,NA,NA,NA,NA
Nepal,2018,NPL,28506718,83234791424,49.989,NA,NA,NA,NA,NA,NA,NA,NA,NA,NA,NA,NA,NA,NA,NA,NA,NA,NA,NA,NA,NA,NA,NA,NA
Nepal,2019,NPL,28832500,88775778304,49.032,NA,NA,NA,NA,NA,NA,NA,NA,NA,NA,NA,NA,NA,NA,NA,NA,NA,NA,NA,NA,NA,NA,NA,NA
Nepal,2020,NPL,29348626,86672121856,49.241,NA,NA,NA,NA,NA,NA,NA,NA,NA,NA,NA,NA,NA,NA,NA,NA,NA,NA,NA,NA,NA,NA,NA,NA
Nepal,2021,NPL,30034988,90865467392,48.285,NA,NA,NA,NA,NA,NA,NA,NA,NA,NA,NA,NA,NA,NA,NA,NA,NA,NA,NA,NA,NA,NA,NA,NA
Nepal,2022,NPL,30547586,95965913088,NA,NA,NA,NA,NA,NA,NA,NA,NA,NA,NA,NA,NA,NA,NA,NA,NA,NA,NA,NA,NA,NA,NA,NA,NA
Netherlands,2015,NLD,17041110,761083265024,1026.032,972.45,128.667,505.895,337.889,53.582,10.538,43.043,0.25,2.985,20.332,3.721,15.756,94.77774572333027,12.540252155878182,49.305967065354686,32.93162396494457,5.222254276669734,1.027063483400128,4.195093330422443,0.0243657117906654,0.2909265987805449,1.9816146085112358,0.3626592542922638,1.5356246198948962
Netherlands,2016,NLD,17124512,777764077568,1044.014,988.767,119.278,517.878,351.611,55.247,10.173,45.074,0.268,4.288,21.873,2.975,15.67,94.70821272511672,11.42494257739839,49.60450721925186,33.678762928466476,5.291787274883288,0.9744122205257786,4.317375054357509,0.025670153848511616,0.41072246157618586,2.0950868474943825,0.2849578645497091,1.50093772688872
Netherlands,2017,NLD,17207204,800404013056,1052.206,990.816,106.972,520.871,362.972,61.39,8.689,52.701,0.162,5.866,28.127,3.848,14.699,94.16559114850135,10.166450295854615,49.502758965449736,34.49628684877296,5.834408851498662,0.8257888664387012,5.00861998505996,0.01539622469364364,0.5574953953883555,2.6731457528278684,0.3657078556860539,1.3969697948880735
Netherlands,2018,NLD,17286042,819300859904,1026.77,958.935,96.083,506.963,355.889,67.835,8.923,58.911,0.191,9.81,27.908,6.467,14.535,93.39335975924502,9.357791910554457,49.374543471273995,34.66102437741656,6.606640240754988,0.8690359087234726,5.737506939236636,0.01860202382227763,0.9554233177829505,2.7180381195399166,0.6298392044956515,1.4156042735958394
Netherlands,2019,NLD,17363260,835323035648,1022.329,941.012,74.694,494.707,371.611,81.317,9.89,71.428,0.196,14.233,30.335,8.081,18.584,92.04590694385075,7.306258552775086,48.39019532850971,36.34945306256597,7.954093056149243,0.967398948870667,6.9867919231480275,0.01917191041240149,1.3922132698964815,2.9672443997969347,0.7904500410337573,1.8178101178779043
Netherlands,2020,NLD,17434562,802861613056,990.146,879.629,47.778,470.906,360.944,110.517,10.301,100.216,0.121,22.499,40.124,9.257,28.215,88.83831273367765,4.825348988936986,47.55924883805015,36.453613911483764,11.161687266322339,1.0403516249118818,10.12133564141046,0.012220420018865905,2.272291157061686,4.052331676338642,0.9349126290466254,2.8495797589446403
Netherlands,2021,NLD,17501696,841906651136,1014.615,883.818,65.111,470.29,348.417,130.797,9.612,121.185,0.231,29.579,47.221,9.304,34.851,87.10870625803877,6.417310999738818,46.35157177845784,34.3398234798421,12.891293741961235,0.9473544152215373,11.9439393267397,0.022767256545586256,2.91529299290864,4.654080611857699,0.9169980731607555,3.4348989518191626
Netherlands,2022,NLD,17564020,879609118720,955.191,801.226,64.333,461.531,275.361,153.965,10.398,143.567,0.13,44.527,55.795,11.878,31.238,83.88123422435932,6.7350927720215115,48.31818976518832,28.827846996045814,16.118765775640682,1.0885780958991447,15.03018767974154,0.013609843476330912,4.661580772850665,5.841240128937563,1.243520929321989,3.2703406962586534
Netherlands Antilles,2015,ANT,NA,NA,56.128,NA,NA,NA,NA,NA,NA,NA,NA,NA,NA,NA,NA,NA,NA,NA,NA,NA,NA,NA,NA,NA,NA,NA,NA
Netherlands Antilles,2016,ANT,NA,NA,56.588,NA,NA,NA,NA,NA,NA,NA,NA,NA,NA,NA,NA,NA,NA,NA,NA,NA,NA,NA,NA,NA,NA,NA,NA
Netherlands Antilles,2017,ANT,NA,NA,57.102,NA,NA,NA,NA,NA,NA,NA,NA,NA,NA,NA,NA,NA,NA,NA,NA,NA,NA,NA,NA,NA,NA,NA,NA
Netherlands Antilles,2018,ANT,NA,NA,57.884,NA,NA,NA,NA,NA,NA,NA,NA,NA,NA,NA,NA,NA,NA,NA,NA,NA,NA,NA,NA,NA,NA,NA,NA
Netherlands Antilles,2019,ANT,NA,NA,55.926,NA,NA,NA,NA,NA,NA,NA,NA,NA,NA,NA,NA,NA,NA,NA,NA,NA,NA,NA,NA,NA,NA,NA,NA
Netherlands Antilles,2020,ANT,NA,NA,47.135,NA,NA,NA,NA,NA,NA,NA,NA,NA,NA,NA,NA,NA,NA,NA,NA,NA,NA,NA,NA,NA,NA,NA,NA
Netherlands Antilles,2021,ANT,NA,NA,50.216,NA,NA,NA,NA,NA,NA,NA,NA,NA,NA,NA,NA,NA,NA,NA,NA,NA,NA,NA,NA,NA,NA,NA,NA
New Caledonia,2015,NCL,283041,NA,19.672,NA,NA,NA,NA,NA,0,NA,NA,NA,NA,NA,NA,NA,NA,NA,NA,NA,0,NA,NA,NA,NA,NA,NA
New Caledonia,2016,NCL,283753,NA,20.985,NA,NA,NA,NA,NA,0,NA,NA,NA,NA,NA,NA,NA,NA,NA,NA,NA,0,NA,NA,NA,NA,NA,NA
New Caledonia,2017,NCL,284358,NA,20.324,NA,NA,NA,NA,NA,0,NA,NA,NA,NA,NA,NA,NA,NA,NA,NA,NA,0,NA,NA,NA,NA,NA,NA
New Caledonia,2018,NCL,284887,NA,22.707,NA,NA,NA,NA,NA,0,NA,NA,NA,NA,NA,NA,NA,NA,NA,NA,NA,0,NA,NA,NA,NA,NA,NA
New Caledonia,2019,NCL,285374,NA,22.563,NA,NA,NA,NA,NA,0,NA,NA,NA,NA,NA,NA,NA,NA,NA,NA,NA,0,NA,NA,NA,NA,NA,NA
New Caledonia,2020,NCL,286412,NA,21.27,NA,NA,NA,NA,NA,0,NA,NA,NA,NA,NA,NA,NA,NA,NA,NA,NA,0,NA,NA,NA,NA,NA,NA
New Caledonia,2021,NCL,287809,NA,20.147,NA,NA,NA,NA,NA,0,NA,NA,NA,NA,NA,NA,NA,NA,NA,NA,NA,0,NA,NA,NA,NA,NA,NA
New Caledonia,2022,NCL,289959,NA,NA,NA,NA,NA,NA,NA,0,NA,NA,NA,NA,NA,NA,NA,NA,NA,NA,NA,NA,NA,NA,NA,NA,NA,NA
New Zealand,2015,NZL,4590591,160782204928,252.193,155.998,16.673,91.305,48.019,96.196,0,96.196,66.058,0.099,6.367,0.031,23.641,61.856593957802154,6.611206496611722,36.20441487273636,19.04057606674253,38.14380256390938,0,38.14380256390938,26.193431221326524,0.03925564944308525,2.524653737415392,0.012292173057935788,9.37416978266645
New Zealand,2016,NZL,4668088,167418118144,255.685,156.323,13.796,94.554,47.974,99.362,0,99.362,69.429,0.152,6.266,0.034,23.48,61.138901382560576,5.395701742378317,36.980659796233645,18.76293095019262,38.861098617439424,0,38.861098617439424,27.15411541545261,0.05944814908970022,2.450671724974089,0.013297612296380313,9.183174609382638
New Zealand,2017,NZL,4746253,174187921408,259.847,163.621,14.536,99.163,49.921,96.226,0,96.226,67,0.205,5.565,0.026,23.43,62.96820821483412,5.594061120582497,38.1620722963898,19.211689956012577,37.03179178516589,0,37.03179178516589,25.78440389921762,0.07889257909462107,2.1416448910320307,0.010005888080293405,9.016844527741325
New Zealand,2018,NZL,4838528,181445771264,258.47,160.146,15.673,99.45,45.023,98.324,0,98.324,69.462,0.267,5.471,0.034,23.09,61.95922157310325,6.06375981738693,38.476418926761326,17.419042828955003,38.04077842689673,0,38.04077842689673,26.87429875807637,0.10330018957712694,2.116686656091616,0.013154331257012418,8.93333849189461
New Zealand,2019,NZL,4959033,187274510336,263.685,166.642,16.648,101.949,48.044,97.043,0,97.043,67.477,0.338,5.946,0.047,23.235,63.197375656559906,6.313593871475434,38.66317765515672,18.220224889546238,36.802624343440094,0,36.802624343440094,25.590003223543246,0.12818324895234845,2.254963308493088,0.01782429793124372,8.811650264520166
New Zealand,2020,NZL,5061130,184971345920,239.257,145.726,15.76,84.239,45.726,93.531,0,93.531,63.731,0.423,6.054,0.085,23.237,60.90772683766828,6.587059103808874,35.208583238943895,19.111666534312473,39.09227316233172,0,39.09227316233172,26.63704719193169,0.17679733508319503,2.5303334907651607,0.03552665125785243,9.712150532690787
New Zealand,2021,NZL,5129730,196312449024,235.549,141.031,18.389,83.9,38.743,94.518,0,94.518,63.414,0.545,6.915,0.067,23.576,59.873317229111564,7.806868210011504,35.61891580944941,16.447957749767564,40.126682770888436,0,40.126682770888436,26.92178697426013,0.23137436372049977,2.935694908490378,0.02844418783352933,10.008957796466976
New Zealand,2022,NZL,5185289,200602763264,232.211,131.934,12.746,82.971,36.216,100.277,0,100.277,68.506,0.732,7.471,0.048,23.521,56.816429884889175,5.488973390580119,35.73086546287644,15.596160388612082,43.183570115110825,0,43.183570115110825,29.50161706379112,0.3152305446339751,3.2173325122410223,0.020670855385834432,10.129149781879411
Nicaragua,2015,NIC,6298610,28748328960,28.356,NA,NA,NA,NA,NA,NA,NA,NA,NA,NA,NA,NA,NA,NA,NA,NA,NA,NA,NA,NA,NA,NA,NA,NA
Nicaragua,2016,NIC,6389237,29929662464,28.443,NA,NA,NA,NA,NA,NA,NA,NA,NA,NA,NA,NA,NA,NA,NA,NA,NA,NA,NA,NA,NA,NA,NA,NA
Nicaragua,2017,NIC,6480534,31179620352,28.36,NA,NA,NA,NA,NA,NA,NA,NA,NA,NA,NA,NA,NA,NA,NA,NA,NA,NA,NA,NA,NA,NA,NA,NA
Nicaragua,2018,NIC,6572234,30002714624,28.145,NA,NA,NA,NA,NA,NA,NA,NA,NA,NA,NA,NA,NA,NA,NA,NA,NA,NA,NA,NA,NA,NA,NA,NA
Nicaragua,2019,NIC,6663919,29133576192,28.158,NA,NA,NA,NA,NA,NA,NA,NA,NA,NA,NA,NA,NA,NA,NA,NA,NA,NA,NA,NA,NA,NA,NA,NA
Nicaragua,2020,NIC,6755900,28619003904,28.629,NA,NA,NA,NA,NA,NA,NA,NA,NA,NA,NA,NA,NA,NA,NA,NA,NA,NA,NA,NA,NA,NA,NA,NA
Nicaragua,2021,NIC,6850546,31580274688,29.219,NA,NA,NA,NA,NA,NA,NA,NA,NA,NA,NA,NA,NA,NA,NA,NA,NA,NA,NA,NA,NA,NA,NA,NA
Nicaragua,2022,NIC,6948395,32764782592,NA,NA,NA,NA,NA,NA,NA,NA,NA,NA,NA,NA,NA,NA,NA,NA,NA,NA,NA,NA,NA,NA,NA,NA,NA
Niger,2015,NER,20128132,16840818688,10.365,NA,NA,NA,NA,NA,NA,NA,NA,NA,NA,NA,NA,NA,NA,NA,NA,NA,NA,NA,NA,NA,NA,NA,NA
Niger,2016,NER,20921748,17807650816,9.681,NA,NA,NA,NA,NA,NA,NA,NA,NA,NA,NA,NA,NA,NA,NA,NA,NA,NA,NA,NA,NA,NA,NA,NA
Niger,2017,NER,21737924,18698211328,9.415,NA,NA,NA,NA,NA,NA,NA,NA,NA,NA,NA,NA,NA,NA,NA,NA,NA,NA,NA,NA,NA,NA,NA,NA
Niger,2018,NER,22577060,20008392704,10.389,NA,NA,NA,NA,NA,NA,NA,NA,NA,NA,NA,NA,NA,NA,NA,NA,NA,NA,NA,NA,NA,NA,NA,NA
Niger,2019,NER,23443400,21237508096,10.983,NA,NA,NA,NA,NA,NA,NA,NA,NA,NA,NA,NA,NA,NA,NA,NA,NA,NA,NA,NA,NA,NA,NA,NA
Niger,2020,NER,24333644,21991440384,10.766,NA,NA,NA,NA,NA,NA,NA,NA,NA,NA,NA,NA,NA,NA,NA,NA,NA,NA,NA,NA,NA,NA,NA,NA
Niger,2021,NER,25252722,22299097088,10.347,NA,NA,NA,NA,NA,NA,NA,NA,NA,NA,NA,NA,NA,NA,NA,NA,NA,NA,NA,NA,NA,NA,NA,NA
Niger,2022,NER,26207982,24776755200,NA,NA,NA,NA,NA,NA,NA,NA,NA,NA,NA,NA,NA,NA,NA,NA,NA,NA,NA,NA,NA,NA,NA,NA,NA
Nigeria,2015,NGA,183995776,1044789592064,459.223,NA,NA,NA,NA,NA,0,NA,NA,NA,NA,NA,NA,NA,NA,NA,NA,NA,0,NA,NA,NA,NA,NA,NA
Nigeria,2016,NGA,188666928,1027896705024,469.574,NA,NA,NA,NA,NA,0,NA,NA,NA,NA,NA,NA,NA,NA,NA,NA,NA,0,NA,NA,NA,NA,NA,NA
Nigeria,2017,NGA,193495904,1036180389888,456.42,NA,NA,NA,NA,NA,0,NA,NA,NA,NA,NA,NA,NA,NA,NA,NA,NA,0,NA,NA,NA,NA,NA,NA
Nigeria,2018,NGA,198387616,1056103596032,488.395,NA,NA,NA,NA,NA,0,NA,NA,NA,NA,NA,NA,NA,NA,NA,NA,NA,0,NA,NA,NA,NA,NA,NA
Nigeria,2019,NGA,203304496,1079426875392,504.771,NA,NA,NA,NA,NA,0,NA,NA,NA,NA,NA,NA,NA,NA,NA,NA,NA,0,NA,NA,NA,NA,NA,NA
Nigeria,2020,NGA,208327408,1060059217920,509.374,NA,NA,NA,NA,NA,0,NA,NA,NA,NA,NA,NA,NA,NA,NA,NA,NA,0,NA,NA,NA,NA,NA,NA
Nigeria,2021,NGA,213401328,1098721591296,543.737,NA,NA,NA,NA,NA,0,NA,NA,NA,NA,NA,NA,NA,NA,NA,NA,NA,0,NA,NA,NA,NA,NA,NA
Nigeria,2022,NGA,218541216,1134448607232,NA,NA,NA,NA,NA,NA,0,NA,NA,NA,NA,NA,NA,NA,NA,NA,NA,NA,NA,NA,NA,NA,NA,NA,NA
Niue,2015,NIU,1871,NA,0.032,NA,NA,NA,NA,NA,NA,NA,NA,NA,NA,NA,NA,NA,NA,NA,NA,NA,NA,NA,NA,NA,NA,NA,NA
Niue,2016,NIU,1883,NA,0.031,NA,NA,NA,NA,NA,NA,NA,NA,NA,NA,NA,NA,NA,NA,NA,NA,NA,NA,NA,NA,NA,NA,NA,NA
Niue,2017,NIU,1891,NA,0.03,NA,NA,NA,NA,NA,NA,NA,NA,NA,NA,NA,NA,NA,NA,NA,NA,NA,NA,NA,NA,NA,NA,NA,NA
Niue,2018,NIU,1907,NA,0.031,NA,NA,NA,NA,NA,NA,NA,NA,NA,NA,NA,NA,NA,NA,NA,NA,NA,NA,NA,NA,NA,NA,NA,NA
Niue,2019,NIU,1943,NA,0.032,NA,NA,NA,NA,NA,NA,NA,NA,NA,NA,NA,NA,NA,NA,NA,NA,NA,NA,NA,NA,NA,NA,NA,NA
Niue,2020,NIU,1963,NA,0.031,NA,NA,NA,NA,NA,NA,NA,NA,NA,NA,NA,NA,NA,NA,NA,NA,NA,NA,NA,NA,NA,NA,NA,NA
Niue,2021,NIU,1957,NA,0.032,NA,NA,NA,NA,NA,NA,NA,NA,NA,NA,NA,NA,NA,NA,NA,NA,NA,NA,NA,NA,NA,NA,NA,NA
Niue,2022,NIU,1952,NA,NA,NA,NA,NA,NA,NA,NA,NA,NA,NA,NA,NA,NA,NA,NA,NA,NA,NA,NA,NA,NA,NA,NA,NA,NA
North Korea,2015,PRK,25258012,44032954368,98.722,NA,NA,NA,NA,NA,NA,NA,NA,NA,NA,NA,NA,NA,NA,NA,NA,NA,NA,NA,NA,NA,NA,NA,NA
North Korea,2016,PRK,25389614,45739741184,114.258,NA,NA,NA,NA,NA,NA,NA,NA,NA,NA,NA,NA,NA,NA,NA,NA,NA,NA,NA,NA,NA,NA,NA,NA
North Korea,2017,PRK,25516318,44160499712,93.337,NA,NA,NA,NA,NA,NA,NA,NA,NA,NA,NA,NA,NA,NA,NA,NA,NA,NA,NA,NA,NA,NA,NA,NA
North Korea,2018,PRK,25638152,42349473792,96.753,NA,NA,NA,NA,NA,NA,NA,NA,NA,NA,NA,NA,NA,NA,NA,NA,NA,NA,NA,NA,NA,NA,NA,NA
North Korea,2019,PRK,25755442,42499100672,98.323,NA,NA,NA,NA,NA,NA,NA,NA,NA,NA,NA,NA,NA,NA,NA,NA,NA,NA,NA,NA,NA,NA,NA,NA
North Korea,2020,PRK,25867474,40572891136,99.829,NA,NA,NA,NA,NA,NA,NA,NA,NA,NA,NA,NA,NA,NA,NA,NA,NA,NA,NA,NA,NA,NA,NA,NA
North Korea,2021,PRK,25971910,40550428672,99.575,NA,NA,NA,NA,NA,NA,NA,NA,NA,NA,NA,NA,NA,NA,NA,NA,NA,NA,NA,NA,NA,NA,NA,NA
North Korea,2022,PRK,26069416,40488849408,NA,NA,NA,NA,NA,NA,NA,NA,NA,NA,NA,NA,NA,NA,NA,NA,NA,NA,NA,NA,NA,NA,NA,NA,NA
North Macedonia,2015,MKD,2107965,25583814656,29.477,23.999,11.297,11.401,1.302,5.477,0,5.477,5.023,0.061,0.325,0.004,0.065,81.41601926926077,38.32479560335177,38.67761305424568,4.417003087152695,18.580588255249857,0,18.580588255249857,17.040404383078332,0.20694100485123992,1.1025545340434917,0.013569901957458358,0.22051090680869834
North Macedonia,2016,MKD,2110194,26312536064,30.592,25.039,10.188,12.804,2.047,5.553,0,5.553,5.079,0.063,0.293,0.002,0.115,81.84819560669457,33.302824267782434,41.854079497907954,6.691291841004185,18.15180439330544,0,18.15180439330544,16.60237970711297,0.20593619246861927,0.9577667364016736,0.006537656903765691,0.37591527196652724
North Macedonia,2017,MKD,2111982,26597105664,29.433,25.955,11.136,12.186,2.633,3.478,0,3.478,2.955,0.063,0.294,0.001,0.165,88.18333163455985,37.83508307002344,41.40250738966466,8.945741174871742,11.816668365440153,0,11.816668365440153,10.039751299561717,0.21404545917847315,0.9988788094995413,0.003397546971086875,0.5605952502293345
North Macedonia,2018,MKD,2113497,27363280896,30.426,25.195,10.049,12.718,2.428,5.231,0,5.231,4.739,0.06,0.258,0.001,0.173,82.80746729770591,33.02767370012489,41.79977650693486,7.980017090646157,17.19253270229409,0,17.19253270229409,15.575494642739763,0.19719976336028394,0.8479589824492212,0.0032866627226713994,0.5685926510221522
North Macedonia,2019,MKD,2114175,28433274880,31.058,27.484,11.909,12.735,2.839,3.574,0,3.574,3.067,0.061,0.268,0.001,0.176,88.49249790714148,38.34438791937666,41.00392813445811,9.140962070964003,11.507502092858521,0,11.507502092858521,9.875072445102711,0.19640672290553157,0.8629016678472536,0.0032197823427136327,0.5666816923175994
North Macedonia,2020,MKD,2111078,27100243968,27.708,23.8,8.807,11.743,3.249,3.908,0,3.908,3.354,0.063,0.307,0.001,0.183,85.8957701746788,31.78504403060488,42.38126172946442,11.725855348635775,14.104229825321207,0,14.104229825321207,12.104807275877004,0.22737115634473798,1.1079832539338819,0.0036090659737260003,0.660459073191858
North Macedonia,2021,MKD,2103329,28165636096,28.998,24.623,7.75,12.748,4.126,4.375,0,4.375,3.798,0.133,0.27,0.001,0.172,84.91275260362784,26.725981102144974,43.96165252776053,14.228567487412928,15.087247396372163,0,15.087247396372163,13.097454996896337,0.45865232084971375,0.931098696461825,0.003448513690599352,0.5931443547830885
North Macedonia,2022,MKD,2093606,28770254848,30.632,26.486,9.77,13.929,2.787,4.146,0,4.146,3.507,0.24,0.281,0.002,0.116,86.46513449986941,31.894750587620784,45.47205536693654,9.098328545312091,13.53486550013058,0,13.53486550013058,11.448811700182816,0.7834943849569077,0.9173413423870463,0.006529119874640899,0.3786889527291721
Northern Mariana Islands,2015,MNP,51538,NA,NA,NA,NA,NA,NA,NA,NA,NA,NA,NA,NA,NA,NA,NA,NA,NA,NA,NA,NA,NA,NA,NA,NA,NA,NA
Northern Mariana Islands,2016,MNP,51151,NA,NA,NA,NA,NA,NA,NA,NA,NA,NA,NA,NA,NA,NA,NA,NA,NA,NA,NA,NA,NA,NA,NA,NA,NA,NA
Northern Mariana Islands,2017,MNP,50752,NA,NA,NA,NA,NA,NA,NA,NA,NA,NA,NA,NA,NA,NA,NA,NA,NA,NA,NA,NA,NA,NA,NA,NA,NA,NA
Northern Mariana Islands,2018,MNP,50328,NA,NA,NA,NA,NA,NA,NA,NA,NA,NA,NA,NA,NA,NA,NA,NA,NA,NA,NA,NA,NA,NA,NA,NA,NA,NA
Northern Mariana Islands,2019,MNP,49880,NA,NA,NA,NA,NA,NA,NA,NA,NA,NA,NA,NA,NA,NA,NA,NA,NA,NA,NA,NA,NA,NA,NA,NA,NA,NA
Northern Mariana Islands,2020,MNP,49611,NA,NA,NA,NA,NA,NA,NA,NA,NA,NA,NA,NA,NA,NA,NA,NA,NA,NA,NA,NA,NA,NA,NA,NA,NA,NA
Northern Mariana Islands,2021,MNP,49503,NA,NA,NA,NA,NA,NA,NA,NA,NA,NA,NA,NA,NA,NA,NA,NA,NA,NA,NA,NA,NA,NA,NA,NA,NA,NA
Norway,2015,NOR,5190357,430789001216,550.198,171.178,8.863,116.294,46.022,379.019,0,379.019,369.75,0.036,6.773,1.652,0.808,31.112072381215487,1.6108746305875339,21.136754404777918,8.364625098600866,68.88774586603368,0,68.88774586603368,67.20307961861003,0.006543099029803816,1.2310113813572567,0.300255544367664,0.14685622266893011
Norway,2016,NOR,5236591,435806535680,558.524,166.115,9.1,112.659,44.356,392.409,0,392.409,382.3,0.064,5.665,3.638,0.744,29.74178370132707,1.6292943544055403,20.170843150876237,7.941646196045291,70.25821629867292,0,70.25821629867292,68.448267218597593,0.011458773481533471,1.0142804964513612,0.6513596550909182,0.13320824172282658
Norway,2017,NOR,5277396,446543691776,561.082,167.871,9.513,111.996,46.363,393.21,0,393.21,378.877,0.106,7.595,5.805,0.827,29.9191562017673,1.6954741018246888,19.9607187541215,8.263141572889523,70.08066557116427,0,70.08066557116427,67.52613699958296,0.018892069251909702,1.3536345846061715,1.0346081321446776,0.14739378557857855
Norway,2018,NOR,5312321,450245230592,552.539,169.498,9.291,115.443,44.764,383.041,0,383.041,367.68,0.161,10.257,4.291,0.652,30.676205661500816,1.6815102644338227,20.89318582036743,8.101509576699565,69.32379433849918,0,69.32379433849918,66.54371908589258,0.029138214678058928,1.8563395525021762,0.7765967651152227,0.11800072031114546
Norway,2019,NOR,5348285,455304839168,516.77,165.417,9.075,110.243,46.099,351.353,0,351.353,330.26,0.277,14.564,5.445,0.808,32.009791590069085,1.7561003928246606,21.333088221065463,8.920602976178957,67.99020840993091,0,67.99020840993091,63.90850862085647,0.0536021827892486,2.8182750546664863,1.0536602356947966,0.15635582560907174
Norway,2020,NOR,5379836,449485275136,557.347,155.628,8.977,102.117,44.535,401.718,0,401.718,370.107,0.351,26.029,4.466,0.766,27.922999495825756,1.61066624562436,18.32197894668851,7.990533724950525,72.07682108273661,0,72.07682108273661,66.40513001774478,0.06297692460890612,4.670160600128825,0.8012961404654552,0.13743682122627376
Norway,2021,NOR,5403021,467007995904,568.479,157.304,9.79,104.959,42.555,411.175,0,411.175,374.953,0.45,30.791,4.266,0.715,27.67103094397506,1.7221392522854844,18.463127046029843,7.485764645659733,72.32896905602495,0,72.32896905602495,65.95722973056172,0.07915859688748396,5.41638301502782,0.750423498493348,0.12577421505455785
Norway,2022,NOR,5434324,482328444928,532.713,155.872,9.366,107.24,39.267,376.841,0,376.841,332.697,0.781,38.611,3.992,0.76,29.260033075971492,1.7581699714480405,20.13091477024214,7.371136052621206,70.73996692402852,0,70.73996692402852,62.453328527743835,0.14660802345728377,7.247992821650683,0.7493716128572045,0.14266593831950788
Oman,2015,OMN,4191784,161770061824,337.249,337.239,0.572,105.74,230.927,NA,0,NA,NA,0.01,0,NA,0,99.99703483183048,0.16960761929612836,31.353688224427646,68.4737389881067,NA,0,NA,NA,0.0029651681695127335,0,NA,0
Oman,2016,OMN,4398080,169932980224,338.486,338.475,0.641,108.508,229.326,NA,0,NA,NA,0.011,0,NA,0,99.99675023486941,0.1893726771565146,32.05686498112182,67.75051257659106,NA,0,NA,NA,0.003249765130611015,0,NA,0
Oman,2017,OMN,4541853,170449567744,353.378,353.336,0.883,118.944,233.509,NA,0,NA,NA,0.041,0,NA,0,99.98811471002723,0.2498740725229075,33.65914120290454,66.07909943459977,NA,0,NA,NA,0.0116023068781871,0,NA,0
Oman,2018,OMN,4601160,172643270656,375.743,375.701,0.866,124.87,249.965,NA,0,NA,NA,0.042,0,NA,0,99.98882214705264,0.23047668220033377,33.23282136992572,66.5255240949266,NA,0,NA,NA,0.011177852947360298,0,NA,0
Oman,2019,OMN,4602769,170692378624,373.15,373.084,0.975,122.143,249.965,NA,0,NA,NA,0.044,0.023,NA,0,99.9823127428648,0.26128902586091385,32.73294921613292,66.9878065121265,NA,0,NA,NA,0.011791504756800214,0.006163741122872839,NA,0
Oman,2020,OMN,4543406,165230247936,360.491,360.071,1.122,99.792,259.157,NA,0,NA,NA,0.146,0.274,NA,0,99.8834922369768,0.31124216693343254,27.682244494314702,71.89000557572865,NA,0,NA,NA,0.040500317622353954,0.07600744540085606,NA,0
Oman,2021,OMN,4520474,170025222144,393.389,391.289,0.978,110.458,279.853,NA,0,NA,NA,1.789,0.312,NA,0,99.46617724440692,0.2486088833190557,28.07856854157081,71.13899981951707,NA,0,NA,NA,0.4547661475028534,0.07931080940239814,NA,0
Oman,2022,OMN,4576300,177355014144,416.905,412.843,1.408,126.109,285.326,NA,0,NA,NA,3.762,0.3,NA,0,99.02567731257722,0.33772682025881196,30.248857653422245,68.43909283889616,NA,0,NA,NA,0.9023638478790132,0.07195883954378096,NA,0
Pakistan,2015,PAK,210969296,1010825297920,815.859,713.565,54.263,293.961,365.342,102.294,11.125,91.169,88.274,1.028,1.612,NA,0.254,87.46180406173126,6.651026709272068,36.03085827330458,44.78004164935363,12.538195938268744,1.3635934640667076,11.174602474202036,10.819761748047151,0.12600216458971464,0.19758316081577823,NA,0.031132830550376963
Pakistan,2016,PAK,213524848,1061146787840,542.201,430.689,62.121,328.849,39.72,111.511,13.59,97.922,92.566,1.199,2.458,NA,1.699,79.43345733408829,11.457190230191387,60.650754978319846,7.3256965590251575,20.566358232463607,2.506450559847732,18.060092106063983,17.072266557973887,0.22113570428678667,0.45333741546031825,NA,0.3133524283429946
Pakistan,2017,PAK,216379648,1117267165184,940.998,830.01,83.121,339.493,407.396,110.988,20.729,90.259,80.382,1.753,4.692,NA,3.433,88.20528842781812,8.833281260959108,36.07797253554205,43.29403463131696,11.794711572181875,2.2028739699765567,9.591837602205318,8.542207316062308,0.18629157554001177,0.4986195507323076,NA,0.36482543002216794
Pakistan,2018,PAK,219731488,1165406502912,971.03,856.861,137.646,283.339,435.876,114.169,23.48,90.689,77.996,1.912,7.492,NA,3.289,88.24248478419823,14.17525720111634,29.179222063170034,44.88800551991184,11.757515215801778,2.4180509356044615,9.339464280197316,8.032295603637374,0.1969043180952185,0.7715518573061595,NA,0.3387125011585636
Pakistan,2019,PAK,223293280,1172330119168,982.516,851.917,156.562,250.625,444.73,130.599,23.227,107.372,95.254,1.846,8.299,NA,1.973,86.70769738100958,15.93480411514927,25.508490446974914,45.264402818885394,13.292302618990428,2.364032748576105,10.928269870414324,9.694905731815055,0.18788498100794288,0.8446681784316998,NA,0.20081097915962695
Pakistan,2020,PAK,227196736,1202026446848,977.217,837.067,181.748,243.721,411.598,140.15,24.067,116.083,105.018,1.864,7.175,NA,2.025,85.65825195427423,18.59853031619384,24.940315201229616,42.119406436850774,14.341748045725772,2.4628102048981955,11.878937840827575,10.746640715419401,0.1907457606652361,0.7342279145778267,NA,0.20722111874844584
Pakistan,2021,PAK,231402112,1278204968960,1083.791,932.805,200.761,283.124,448.92,150.986,39.409,111.577,98.472,1.878,8.981,NA,2.247,86.06871620081732,18.52395895518601,26.123486908453756,41.42127033717756,13.931283799182683,3.6362176840368665,10.295066115145818,9.085884640119728,0.17328064174734797,0.8286653053955975,NA,0.20732779659546904
Pakistan,2022,PAK,235824864,1318834929664,998.705,835.711,178.546,275.142,382.023,162.995,55.665,107.33,89.944,2.204,12.102,NA,3.08,83.67946490705464,17.877751688436526,27.549877090832624,38.25183612778548,16.320635222613284,5.573717964764369,10.746917257848914,9.006062851392553,0.22068578809558378,1.2117692411673118,NA,0.30839937719346555
Palestine,2015,PSE,4484615,21808076800,18.323,NA,NA,NA,NA,NA,NA,NA,NA,NA,NA,NA,NA,NA,NA,NA,NA,NA,NA,NA,NA,NA,NA,NA,NA
Palestine,2016,PSE,4593855,23665913856,19.239,NA,NA,NA,NA,NA,NA,NA,NA,NA,NA,NA,NA,NA,NA,NA,NA,NA,NA,NA,NA,NA,NA,NA,NA
Palestine,2017,PSE,4700954,23886479360,19.313,NA,NA,NA,NA,NA,NA,NA,NA,NA,NA,NA,NA,NA,NA,NA,NA,NA,NA,NA,NA,NA,NA,NA,NA
Palestine,2018,PSE,4805549,24082206720,19.689,NA,NA,NA,NA,NA,NA,NA,NA,NA,NA,NA,NA,NA,NA,NA,NA,NA,NA,NA,NA,NA,NA,NA,NA
Palestine,2019,PSE,4909775,24410374144,20.552,NA,NA,NA,NA,NA,NA,NA,NA,NA,NA,NA,NA,NA,NA,NA,NA,NA,NA,NA,NA,NA,NA,NA,NA
Palestine,2020,PSE,5019407,21647493120,20.028,NA,NA,NA,NA,NA,NA,NA,NA,NA,NA,NA,NA,NA,NA,NA,NA,NA,NA,NA,NA,NA,NA,NA,NA
Palestine,2021,PSE,5133393,23165411328,20.529,NA,NA,NA,NA,NA,NA,NA,NA,NA,NA,NA,NA,NA,NA,NA,NA,NA,NA,NA,NA,NA,NA,NA,NA
Palestine,2022,PSE,5250076,24076503040,NA,NA,NA,NA,NA,NA,NA,NA,NA,NA,NA,NA,NA,NA,NA,NA,NA,NA,NA,NA,NA,NA,NA,NA,NA
Panama,2015,PAN,3957102,75784011776,112.379,NA,NA,NA,NA,NA,NA,NA,NA,NA,NA,NA,NA,NA,NA,NA,NA,NA,NA,NA,NA,NA,NA,NA,NA
Panama,2016,PAN,4026338,79454191616,118.755,NA,NA,NA,NA,NA,NA,NA,NA,NA,NA,NA,NA,NA,NA,NA,NA,NA,NA,NA,NA,NA,NA,NA,NA
Panama,2017,PAN,4096071,83812229120,127.716,NA,NA,NA,NA,NA,NA,NA,NA,NA,NA,NA,NA,NA,NA,NA,NA,NA,NA,NA,NA,NA,NA,NA,NA
Panama,2018,PAN,4165258,86820962304,130.186,NA,NA,NA,NA,NA,NA,NA,NA,NA,NA,NA,NA,NA,NA,NA,NA,NA,NA,NA,NA,NA,NA,NA,NA
Panama,2019,PAN,4232538,89670320128,117.984,NA,NA,NA,NA,NA,NA,NA,NA,NA,NA,NA,NA,NA,NA,NA,NA,NA,NA,NA,NA,NA,NA,NA,NA
Panama,2020,PAN,4294391,73827065856,118.701,NA,NA,NA,NA,NA,NA,NA,NA,NA,NA,NA,NA,NA,NA,NA,NA,NA,NA,NA,NA,NA,NA,NA,NA
Panama,2021,PAN,4351264,85518147584,117.776,NA,NA,NA,NA,NA,NA,NA,NA,NA,NA,NA,NA,NA,NA,NA,NA,NA,NA,NA,NA,NA,NA,NA,NA
Panama,2022,PAN,4408582,94762123264,NA,NA,NA,NA,NA,NA,NA,NA,NA,NA,NA,NA,NA,NA,NA,NA,NA,NA,NA,NA,NA,NA,NA,NA,NA
Papua New Guinea,2015,PNG,8682172,NA,27.527,NA,NA,NA,NA,NA,0,NA,NA,NA,NA,NA,NA,NA,NA,NA,NA,NA,0,NA,NA,NA,NA,NA,NA
Papua New Guinea,2016,PNG,8899176,NA,29.22,NA,NA,NA,NA,NA,0,NA,NA,NA,NA,NA,NA,NA,NA,NA,NA,NA,0,NA,NA,NA,NA,NA,NA
Papua New Guinea,2017,PNG,9114803,NA,28.239,NA,NA,NA,NA,NA,0,NA,NA,NA,NA,NA,NA,NA,NA,NA,NA,NA,0,NA,NA,NA,NA,NA,NA
Papua New Guinea,2018,PNG,9329233,NA,29.388,NA,NA,NA,NA,NA,0,NA,NA,NA,NA,NA,NA,NA,NA,NA,NA,NA,0,NA,NA,NA,NA,NA,NA
Papua New Guinea,2019,PNG,9542492,NA,30.15,NA,NA,NA,NA,NA,0,NA,NA,NA,NA,NA,NA,NA,NA,NA,NA,NA,0,NA,NA,NA,NA,NA,NA
Papua New Guinea,2020,PNG,9749641,NA,21.097,NA,NA,NA,NA,NA,0,NA,NA,NA,NA,NA,NA,NA,NA,NA,NA,NA,0,NA,NA,NA,NA,NA,NA
Papua New Guinea,2021,PNG,9949438,NA,21.128,NA,NA,NA,NA,NA,0,NA,NA,NA,NA,NA,NA,NA,NA,NA,NA,NA,0,NA,NA,NA,NA,NA,NA
Papua New Guinea,2022,PNG,10142625,NA,NA,NA,NA,NA,NA,NA,0,NA,NA,NA,NA,NA,NA,NA,NA,NA,NA,NA,NA,NA,NA,NA,NA,NA,NA
Paraguay,2015,PRY,6177954,56087781376,137.098,NA,NA,NA,NA,NA,NA,NA,NA,NA,NA,NA,NA,NA,NA,NA,NA,NA,NA,NA,NA,NA,NA,NA,NA
Paraguay,2016,PRY,6266623,58481602560,154.904,NA,NA,NA,NA,NA,NA,NA,NA,NA,NA,NA,NA,NA,NA,NA,NA,NA,NA,NA,NA,NA,NA,NA,NA
Paraguay,2017,PRY,6355406,61294571520,148.943,NA,NA,NA,NA,NA,NA,NA,NA,NA,NA,NA,NA,NA,NA,NA,NA,NA,NA,NA,NA,NA,NA,NA,NA
Paraguay,2018,PRY,6443337,63258456064,149.095,NA,NA,NA,NA,NA,NA,NA,NA,NA,NA,NA,NA,NA,NA,NA,NA,NA,NA,NA,NA,NA,NA,NA,NA
Paraguay,2019,PRY,6530029,63004151808,129.973,NA,NA,NA,NA,NA,NA,NA,NA,NA,NA,NA,NA,NA,NA,NA,NA,NA,NA,NA,NA,NA,NA,NA,NA
Paraguay,2020,PRY,6618700,62487519232,122.4,NA,NA,NA,NA,NA,NA,NA,NA,NA,NA,NA,NA,NA,NA,NA,NA,NA,NA,NA,NA,NA,NA,NA,NA
Paraguay,2021,PRY,6703802,64997638144,105.801,NA,NA,NA,NA,NA,NA,NA,NA,NA,NA,NA,NA,NA,NA,NA,NA,NA,NA,NA,NA,NA,NA,NA,NA
Paraguay,2022,PRY,6780745,65127632896,NA,NA,NA,NA,NA,NA,NA,NA,NA,NA,NA,NA,NA,NA,NA,NA,NA,NA,NA,NA,NA,NA,NA,NA,NA
Peru,2015,PER,30711864,290642722816,281.669,208.546,9.424,122.69,76.431,73.124,0,73.124,63.789,0.62,1.601,4.219,2.895,74.03938665596853,3.3457711001210644,43.55821904433928,27.135041484863443,25.96096837067622,0,25.96096837067622,22.646794641937877,0.22011651974480684,0.5683976582442513,1.4978574141989358,1.0278021365503482
Peru,2016,PER,31132776,302131838976,298.938,225.294,10.047,130.314,84.933,73.644,0,73.644,64.613,0.645,2.848,4.533,1.004,75.36479136141944,3.3608975774240815,43.592316801477224,28.411576982518117,24.63520863858058,0,24.63520863858058,21.61418086693562,0.21576380386568456,0.9527059122627435,1.5163679425165086,0.33585559547464694
Peru,2017,PER,31605488,309742534656,303.59,216.149,8.715,132.514,74.919,87.442,0,87.442,77.376,0.877,2.857,4.943,1.388,71.19766790737508,2.8706479133041274,43.64900029645246,24.67769030600481,28.802661484238612,0,28.802661484238612,25.487005500839956,0.2888764452057051,0.9410718403109457,1.6281827464672751,0.4571955598010474
Peru,2018,PER,32203946,322061008896,318.425,224.706,7.866,136.588,80.252,93.718,0,93.718,81.323,2.108,3.975,4.743,1.569,70.56795163696317,2.4702834262385176,42.89487320405119,25.20279500667347,29.43173431734317,0,29.43173431734317,25.539137944570932,0.6620083222108817,1.2483316322524927,1.489518724974484,0.4927376933343801
Peru,2019,PER,32824864,329252601856,326.585,231.027,8.186,140.729,82.113,95.558,0,95.558,82.933,2.196,4.363,4.616,1.451,70.74023607942802,2.5065450035978385,43.09107889217203,25.14291838265689,29.259763920571984,0,29.259763920571984,25.3940015616149,0.6724130012094862,1.3359462314558235,1.4134145781343295,0.4442947471561769
Peru,2020,PER,33304768,292988747776,287.863,194.651,5.945,107.006,81.7,93.212,0,93.212,80.129,2.247,4.764,4.704,1.369,67.6193189121214,2.0652185240895844,37.17254388372246,28.38155650430934,32.38068108787861,0,32.38068108787861,27.835810784991473,0.780579650736635,1.654953919051771,1.6341106707009931,0.47557344987025074
Peru,2021,PER,33715464,332691636224,327.408,229.75,7.794,132.541,89.415,97.658,0,97.658,83.539,2.323,4.769,5.472,1.554,70.17238430337682,2.3805160533646093,40.481906367590284,27.309961882421934,29.827615696623173,0,29.827615696623173,25.515259248399552,0.7095122904754924,1.4565923862581245,1.6713091922005572,0.47463714997800904
Peru,2022,PER,34049588,341677637632,337.963,246.88,8.424,140.197,98.258,91.084,0,91.084,77.546,2.37,5.037,4.596,1.534,73.04941665211871,2.4925805487582955,41.48294339912949,29.073596813852397,26.950879238259805,0,26.950879238259805,22.945115293685998,0.7012601971221701,1.490399836668511,1.3599121797356515,0.45389584066894895
Philippines,2015,PHL,103031360,762679001088,443.822,383.707,135.082,215.399,33.225,60.115,0,60.115,23.335,0.373,2.015,4.68,29.712,86.455155445201,30.43607572405153,48.53274510952589,7.486109296069145,13.544844554798996,0,13.544844554798996,5.257738462717035,0.08404270180387632,0.45401084218447935,1.054476794751049,6.694575753342556
Philippines,2016,PHL,104875272,817202921472,484.615,421.456,152.19,231.167,38.099,63.158,0,63.158,21.713,2.937,2.611,5.142,30.756,86.96718013268264,31.404310638341776,47.70116484219432,7.861704652146548,13.032613517947237,0,13.032613517947237,4.480463873384027,0.6060481000381747,0.5387782053795281,1.0610484611495723,6.346481227366054
Philippines,2017,PHL,106738496,873843261440,531.864,465.146,179.974,247.428,37.744,66.717,0,66.717,25.577,3.197,2.91,5.572,29.462,87.455815772453107,33.83834965329483,46.520915121158794,7.096550997999489,12.543996209557328,0,12.543996209557328,4.808936119007867,0.6010935126272882,0.547132349623212,1.0476362378352362,5.539386008453288
Philippines,2018,PHL,108568832,929253621760,549.699,482.713,190.139,251.686,40.888,66.985,0,66.985,24.875,3.305,3.05,5.735,30.02,87.81405823914542,34.58965724878525,45.786148419407716,7.438252570952467,12.185759843114141,0,12.185759843114141,4.525203793348724,0.6012381321414083,0.5548491083301953,1.0432982414012033,5.46117056789261
Philippines,2019,PHL,110380800,986114686976,566.121,502.417,203.311,256.946,42.16,63.705,0,63.705,21.203,3.285,2.746,6.108,30.363,88.74728194149307,35.91299386526909,45.38711688843905,7.447171187784943,11.25289469918975,0,11.25289469918975,3.7453123978796055,0.5802646430710043,0.4850553150298258,1.0789212906781411,5.363341052531173
Philippines,2020,PHL,112190984,892256256000,513.753,452.132,204.062,209.641,38.428,61.621,0,61.621,19.012,3.605,2.696,5.175,31.134,88.005714808478,39.719865382781215,40.80579578124118,7.479858998390276,11.994285191521996,0,11.994285191521996,3.7006109939990615,0.7016990655042403,0.5247657921218951,1.0072933880678068,6.060110597894319
Philippines,2021,PHL,113880336,943141683200,545.51,478.537,219.963,225.743,32.831,66.973,0,66.973,24.163,3.861,3.382,5.802,29.765,87.72286484207439,40.32245055086066,41.38200949570127,6.018404795512457,12.27713515792561,0,12.27713515792561,4.4294330076442225,0.7077780425656726,0.6199703030191931,1.0635918681600705,5.456361936536452
Philippines,2022,PHL,115559008,1014811000832,570.994,500.459,221.846,247.81,30.804,70.535,0,70.535,26.405,4.767,2.745,6.318,30.301,87.64698052869207,38.85259740032295,43.39975551406845,5.394802747489465,12.35301947130793,0,12.35301947130793,4.624391850001927,0.8348599109622868,0.48074060322875545,1.1064914867756928,5.3067107535280575
Poland,2015,POL,38553148,936043806720,1103.013,1030.028,566.047,292.993,170.988,72.985,0,72.985,4.934,0.153,29.24,7.568,31.089,93.38312422428385,51.3182528220429,26.562968886132804,15.501902516108151,6.616875775716152,0,6.616875775716152,0.44732020384165916,0.013871096714181973,2.650920705376999,0.6861206531563998,2.818552455864074
Poland,2016,POL,38532108,963689906176,1150.245,1079.833,575.669,321.587,182.576,70.412,0,70.412,5.726,0.332,33.699,5.255,25.4,93.8785215323692,50.04751161709028,27.95813065912045,15.872792318158307,6.12147846763081,0,6.12147846763081,0.4978069889458333,0.028863416054840493,2.929723667566475,0.4568591908680325,2.208225204195628
Poland,2017,POL,38532816,1013223718912,1208.289,1133.63,578.879,362.947,191.803,74.659,0,74.659,6.813,0.439,39.677,7.019,20.711,93.82109743612664,47.90898535035906,30.03809519080286,15.873934133307513,6.178902563873379,0,6.178902563873379,0.5638551704103902,0.03633236750479397,3.2837342721815723,0.5809040717907719,1.7140766819858493
Poland,2018,POL,38521464,1073462050816,1222.083,1150.725,579.175,372.289,199.261,71.358,0,71.358,5.212,0.794,33.863,10.587,20.903,94.1609530612896,47.39244388474432,30.463479158125917,16.30503001841937,5.839046938710382,0,5.839046938710382,0.42648494414863797,0.06497103715541416,2.7709247244254276,0.8663077712397602,1.7104402892438566
Poland,2019,POL,38493600,1121231568896,1187.268,1104.451,516.078,379.485,208.888,82.817,0,82.817,5.162,1.873,39.821,11.435,24.526,93.02457406415401,43.467692214394724,31.96287611558637,17.594005734172907,6.975425935845991,0,6.975425935845991,0.43477967906150927,0.15775713655215165,3.3540026346199845,0.9631355346897247,2.065750950922622
Poland,2020,POL,38428368,1098581278720,1139.234,1048.529,478.409,359.475,210.646,90.705,0,90.705,5.563,5.142,41.495,11.849,26.656,92.03807119520661,41.993918720824695,31.554096875619937,18.490143377041065,7.961928804793398,0,7.961928804793398,0.4883105665736802,0.4513559110770922,3.6423596908097897,1.040084828928912,2.3398178074039224
Poland,2021,POL,38307724,1173809528832,1224.758,1127.997,529.151,375.108,223.738,96.761,0,96.761,6.121,10.295,42.478,12.134,25.733,92.09958212152932,43.20453509999526,30.62711164164676,18.26793537988729,7.900417878470685,0,7.900417878470685,0.49977219989581617,0.840574219560109,3.468276998394785,0.9907263312425801,2.101068129377395
Poland,2022,POL,39857144,1231021277184,1186.868,1071.105,495.633,389.426,186.046,115.763,0,115.763,5.131,21.664,51.568,13.039,24.36,90.24634584469378,41.75974076308402,32.811230903520865,15.675374178088886,9.753654155306235,0,9.753654155306235,0.4323142927435907,1.825308290391181,4.344880812356555,1.0986057421718338,2.0524607622751647
Portugal,2015,PRT,10365436,256911900672,289.522,218.28,37.914,132.168,48.199,71.242,0,71.242,23.323,2.144,31.259,4.082,10.435,75.39323436560953,13.095377898743447,45.65041689405296,16.64778496970869,24.60676563439048,0,24.60676563439048,8.055691795442142,0.7405309441078745,10.79676155870711,1.409910127727772,3.604216605301152
Portugal,2016,PRT,10332751,262100090880,309.867,218.771,33.099,134.934,50.738,91.095,0,91.095,42.091,2.201,33.393,3.169,10.242,70.60158067816191,10.681679559294793,43.54577931822362,16.3741218006435,29.39809660273601,0,29.39809660273601,13.583569725075598,0.7103047436480813,10.776558975302306,1.0226968344483278,3.3052890433637656
Portugal,2017,PRT,10307528,271290335232,301.878,237.15,37.763,135.992,63.395,64.728,0,64.728,15.694,2.64,32.595,2.966,10.833,78.55822550831793,12.50935808505423,45.048662042281975,21.000205380981722,21.441774491682068,0,21.441774491682068,5.1987889147271416,0.87452547055433,10.79740822451454,0.9825161157818723,3.588535766104188
Portugal,2018,PRT,10289833,279020273664,307.707,225.03,31.668,135.368,57.994,82.676,0,82.676,32.788,2.659,33.381,3.189,10.659,73.13125798243134,10.29160857569051,43.99249935815565,18.84715004858518,26.868417033086672,0,26.868417033086672,10.655591195520413,0.8641337376140288,10.848306993341069,1.036375513069251,3.4640095935419084
Portugal,2019,PRT,10289921,286505631744,293.057,215.787,14.518,139.919,61.35,77.269,0,77.269,23.244,3.537,36.026,3.183,11.279,73.63311574198875,4.953985060926714,47.744636708899634,20.93449397216241,26.366543027465646,0,26.366543027465646,7.931562801775763,1.206932439764278,12.29317163555213,1.086136826624172,3.848739323749305
Portugal,2020,PRT,10298186,262724222976,265.248,181.059,6.579,114.113,60.367,84.189,0,84.189,31.732,4.506,32.3,3.001,12.65,68.26026963445531,2.4803203040173725,43.021248039570516,22.758701290867414,31.739730365544695,0,31.739730365544695,11.963143925684642,1.6987875497647484,12.177283146338521,1.131394016166003,4.769121727590783
Portugal,2021,PRT,10290109,277181300736,266.49,177.731,2.275,117.346,58.11,88.759,0,88.759,31.158,5.854,34.581,3.926,13.239,66.69330931742279,0.8536905700026267,44.03392247363879,21.80569627378138,33.306690682577205,0,33.306690682577205,11.691995947315096,2.196705317272693,12.976471912642126,1.4732260122331045,4.967916244511989
Portugal,2022,PRT,10270857,295712915456,262.675,185.01,0.081,129.039,55.889,77.665,0,77.665,17.072,9.175,34.529,3.273,13.617,70.43304463690873,0.030836585133720375,49.12496430950794,21.27686304368516,29.566955363091274,0,29.566955363091274,6.499286190158942,3.492909488912154,13.145141334348532,1.2460264585514418,5.183972589702104
Puerto Rico,2015,PRI,3497335,122888634368,93.847,NA,NA,NA,NA,NA,NA,NA,NA,NA,NA,NA,NA,NA,NA,NA,NA,NA,NA,NA,NA,NA,NA,NA,NA
Puerto Rico,2016,PRI,3432745,121412919296,87.813,NA,NA,NA,NA,NA,NA,NA,NA,NA,NA,NA,NA,NA,NA,NA,NA,NA,NA,NA,NA,NA,NA,NA,NA
Puerto Rico,2017,PRI,3366407,118146531328,85.239,NA,NA,NA,NA,NA,NA,NA,NA,NA,NA,NA,NA,NA,NA,NA,NA,NA,NA,NA,NA,NA,NA,NA,NA
Puerto Rico,2018,PRI,3319269,112643620864,85.661,NA,NA,NA,NA,NA,NA,NA,NA,NA,NA,NA,NA,NA,NA,NA,NA,NA,NA,NA,NA,NA,NA,NA,NA
Puerto Rico,2019,PRI,3292888,114530476032,80.784,NA,NA,NA,NA,NA,NA,NA,NA,NA,NA,NA,NA,NA,NA,NA,NA,NA,NA,NA,NA,NA,NA,NA,NA
Puerto Rico,2020,PRI,3271570,109716979712,70.207,NA,NA,NA,NA,NA,NA,NA,NA,NA,NA,NA,NA,NA,NA,NA,NA,NA,NA,NA,NA,NA,NA,NA,NA
Puerto Rico,2021,PRI,3256030,110191673344,78.721,NA,NA,NA,NA,NA,NA,NA,NA,NA,NA,NA,NA,NA,NA,NA,NA,NA,NA,NA,NA,NA,NA,NA,NA
Puerto Rico,2022,PRI,3252412,113895186432,NA,NA,NA,NA,NA,NA,NA,NA,NA,NA,NA,NA,NA,NA,NA,NA,NA,NA,NA,NA,NA,NA,NA,NA,NA
Qatar,2015,QAT,2414580,361242689536,593.32,592.921,0.283,159.367,433.271,NA,0,NA,NA,0.018,0,NA,0.381,99.93275129778198,0.04769770107193419,26.86021034180543,73.02484325490461,NA,0,NA,NA,0.0030337760399110087,0,NA,0.06421492617811636
Qatar,2016,QAT,2595175,372311195648,582.571,582.156,0.299,168.922,412.935,NA,0,NA,NA,0.022,0,NA,0.392,99.92876404764397,0.05132421627578441,28.995950708154027,70.88148912321415,NA,0,NA,NA,0.003776363739355374,0,NA,0.06728793571942304
Qatar,2017,QAT,2711764,366733983744,564.087,563.653,0.327,151.884,411.443,NA,0,NA,NA,0.022,0,NA,0.412,99.92306151356087,0.05796978125714651,26.92563381180562,72.9396351981166,NA,0,NA,NA,0.0039001076075144436,0,NA,0.07303837883163412
Qatar,2018,QAT,2766743,371263143936,558.877,558.425,0.467,154.985,402.974,NA,0,NA,NA,0.022,0,NA,0.429,99.91912352807505,0.08356042563927304,27.731504427628984,72.10423760505442,NA,0,NA,NA,0.003936465447674533,0,NA,0.0767610762296534
Qatar,2019,QAT,2807242,373817409536,583.498,583.1,0.412,169.019,413.669,NA,0,NA,NA,0.022,0,NA,0.375,99.93179068308717,0.07060863961830202,28.966508882635416,70.89467316083345,NA,0,NA,NA,0.003770364251462729,0,NA,0.06426757246811471
Qatar,2020,QAT,2760390,360517009408,511.537,511.086,0.075,126.878,384.132,NA,0,NA,NA,0.022,0,NA,0.429,99.91183433456428,0.014661696025898419,24.80328891165253,75.09368823760549,NA,0,NA,NA,0.00430076416759687,0,NA,0.08386490126813896
Qatar,2021,QAT,2688239,366245576704,541.849,541.399,0.029,140.27,401.101,NA,0,NA,NA,0.022,0,NA,0.428,99.91695103248321,0.005352044573303632,25.887285941286226,74.02449759988482,NA,0,NA,NA,0.004060171745264824,0,NA,0.07898879577151567
Qatar,2022,QAT,2695131,381778100224,566.668,565.532,0.115,162.082,403.335,NA,0,NA,NA,0.707,0,NA,0.429,99.7995298834591,0.020294069896306128,28.602638582026863,71.17659723153592,NA,0,NA,NA,0.12476441231902982,0,NA,0.07570570422187242
Reunion,2015,REU,922501,NA,NA,NA,NA,NA,NA,NA,NA,NA,NA,NA,NA,NA,NA,NA,NA,NA,NA,NA,NA,NA,NA,NA,NA,NA,NA
Reunion,2016,REU,926628,NA,NA,NA,NA,NA,NA,NA,NA,NA,NA,NA,NA,NA,NA,NA,NA,NA,NA,NA,NA,NA,NA,NA,NA,NA,NA
Reunion,2017,REU,932745,NA,NA,NA,NA,NA,NA,NA,NA,NA,NA,NA,NA,NA,NA,NA,NA,NA,NA,NA,NA,NA,NA,NA,NA,NA,NA
Reunion,2018,REU,941189,NA,NA,NA,NA,NA,NA,NA,NA,NA,NA,NA,NA,NA,NA,NA,NA,NA,NA,NA,NA,NA,NA,NA,NA,NA,NA
Reunion,2019,REU,949423,NA,NA,NA,NA,NA,NA,NA,NA,NA,NA,NA,NA,NA,NA,NA,NA,NA,NA,NA,NA,NA,NA,NA,NA,NA,NA
Reunion,2020,REU,957829,NA,NA,NA,NA,NA,NA,NA,NA,NA,NA,NA,NA,NA,NA,NA,NA,NA,NA,NA,NA,NA,NA,NA,NA,NA,NA
Reunion,2021,REU,966132,NA,NA,NA,NA,NA,NA,NA,NA,NA,NA,NA,NA,NA,NA,NA,NA,NA,NA,NA,NA,NA,NA,NA,NA,NA,NA
Romania,2015,ROU,19906078,384306446336,381.136,278.398,70.09,104.6,103.708,102.737,30.08,72.658,44.792,5.337,19.02,1.835,1.673,73.04426766298644,18.389761135132865,27.44427186096301,27.21023466689056,26.9554699634776,7.892195961546533,19.063536375467024,11.752235422526342,1.4002875613954073,4.990344653876831,0.4814554384786533,0.43895092565383487
Romania,2016,ROU,19797820,395288248320,381.085,276.755,62.379,109.43,104.946,104.33,28.992,75.338,48.262,4.872,17.642,2.867,1.695,72.62290565097025,16.36878911528924,28.715378458874007,27.53873807680701,27.377094349029747,7.607751551491138,19.769342797538606,12.664366217510532,1.2784549378747523,4.629413385465185,0.7523255966516657,0.4447826600364749
Romania,2017,ROU,19698852,456012365824,387.936,290.456,62.51,115.043,112.903,97.48,29.391,68.088,38.573,4.939,19.712,3.188,1.676,74.87214385878083,16.113482636311144,29.65514930297781,29.103511919491876,25.127856141219173,7.576249690670626,17.55134867607028,9.943134950094862,1.2731481481481484,5.081250515548956,0.8217850367070858,0.4320300255712282
Romania,2018,ROU,19606778,473122635776,392.051,290.216,59.622,114.964,115.63,101.836,28.884,72.951,46.734,4.686,16.726,3.41,1.395,74.02506306577462,15.207715322751378,29.323735942517683,29.493611800505548,25.975192003081233,7.367408832014203,18.60752810221119,11.92038790871596,1.1952526584551502,4.266281682740256,0.8697847984063298,0.35582105389349855
Romania,2019,ROU,19524212,456564506624,383.818,285.765,57.781,120.234,107.75,98.053,28.532,69.52,41.071,4.687,17.853,4.3,1.609,74.45325649135788,15.054270513628856,31.325784616667274,28.073201361061756,25.546743508642116,7.433731612378784,18.112751356111488,10.700644576335659,1.221151691687206,4.651423330849518,1.120322652924042,0.41920910431506603
Romania,2020,ROU,19442040,483499376640,369.489,270.632,41.722,116.285,112.626,98.857,28.896,69.96,40.395,4.551,18.24,5.03,1.745,73.24494098606455,11.291811122929236,31.471843546086625,30.48155696110033,26.755059013935462,7.820530516470045,18.93425785341377,10.93266646639007,1.231701079057834,4.9365475020907255,1.3613395797980457,0.4722738701287454
Romania,2021,ROU,19328558,505119539200,390.003,287.704,47.127,124.887,115.69,102.299,28.334,73.966,45.561,4.456,17.207,4.657,2.084,73.76968895111064,12.083753201898448,32.022061368758706,29.663874380453485,26.23031104888937,7.265072319956513,18.96549513721689,11.682217829093624,1.1425553136770743,4.412017343456333,1.1940933787688812,0.5343548639369441
Romania,2022,ROU,19659270,504741658624,360.129,265.556,42.036,126.407,97.113,94.573,27.742,66.83,36.439,5.184,18.242,4.9,2.065,73.73913236645757,11.67248402655715,35.100477884313676,26.966170455586745,26.26086763354242,7.703350743761263,18.557239211504765,10.11831871357208,1.4394841848337678,5.065407118004937,1.3606235543374736,0.5734056407565067
Russia,2015,RUS,144668384,3456429719552,7930.555,6970.462,1071.356,1812.358,4086.748,960.093,505.127,454.966,452.402,0.904,0.399,0,1.262,87.89374766330982,13.509218459489908,22.852852038728688,51.53167716509122,12.106252336690181,6.369377679115774,5.736874657574407,5.704544007323572,0.011398950010434327,0.005031173732481522,0,0.015913135965893936
Russia,2016,RUS,145109152,3463124090880,8086.063,7083.562,1037.977,1839.121,4206.464,1002.501,505.078,497.423,494.213,1.254,0.397,0.394,1.167,87.60211242479808,12.836617770601096,22.74433182130785,52.02116283288913,12.397887575201924,6.246278318632936,6.151609256568988,6.11191132198698,0.015508165098392134,0.004909682252042805,0.004872581378601675,0.014432239768599378
Russia,2017,RUS,145452544,3526353747968,8135.742,7120.232,976.106,1833.12,4311.006,1015.511,518.774,496.737,492.772,1.448,0.37,0.766,1.381,87.51791784941067,11.997750174477018,22.53168795175658,52.988479723177065,12.482094442031224,6.376480473446675,6.105613968584549,6.0568784015029,0.017798007852264736,0.004547833498161569,0.00941524448538314,0.016974481245840885
Russia,2018,RUS,145652288,3625347448832,8432.208,7403.697,1007.856,1850.849,4544.993,1028.511,519.396,509.115,504.375,1.652,0.627,1.131,1.329,87.80258978431272,11.952456580767457,21.949755034505788,53.90039002832947,12.197410215687277,6.159667788081128,6.03774242760615,5.981529393013075,0.019591547077586317,0.007435774829083912,0.013412856988347537,0.015760996408058243
Russia,2019,RUS,145742288,3705035816960,8370.03,7322.611,990.76,1888.724,4443.127,1047.418,528.623,518.796,512.37,2.597,0.83,1.565,1.435,87.48607830557357,11.836994610533056,22.565319359667765,53.08376433537275,12.51390974703794,6.31566434051013,6.198257353916294,6.121483435543242,0.03102736788279134,0.009916332438473936,0.01869766297133941,0.01714450246892783
Russia,2020,RUS,145617328,3606716612608,8078.97,6964.822,914.234,1815.754,4234.834,1114.148,544.142,570.006,557.924,4.891,2.989,1.884,2.318,86.20928162872247,11.316219765638442,22.47506798515157,52.41799387793245,13.790718371277524,6.735289275736883,7.055429095540644,6.905880328804289,0.06053989555599291,0.03699729049618949,0.023319804381004013,0.028691776303167358
Russia,2021,RUS,145102752,3809571241984,8335.356,7197.647,951.683,1930.519,4315.445,1137.71,558.415,579.295,561.365,6.05,6.764,2.793,2.324,86.35080493262676,11.417424762661607,23.160606457600615,51.772773712364526,13.649207064461317,6.699353932813428,6.9498531316478855,6.7347453426104416,0.0725823828040458,0.0811483036837299,0.03350786697052892,0.02788123266720701
Russia,2022,RUS,144713312,3731440795648,8632.184,7533.77,1067.093,1982.627,4484.05,1098.415,559.65,538.765,515.343,6.254,10.953,3.837,2.378,87.27536391717324,12.361796273110029,22.967849156134765,51.94571848792844,12.724647667380584,6.483295536795787,6.241352130584798,5.9700187113713055,0.07244979949454275,0.1268856178227897,0.04444993294860259,0.027548068947557194
Rwanda,2015,RWA,11642963,19000487936,5.079,NA,NA,NA,NA,NA,NA,NA,NA,NA,NA,NA,NA,NA,NA,NA,NA,NA,NA,NA,NA,NA,NA,NA,NA
Rwanda,2016,RWA,11930902,20135192576,5.125,NA,NA,NA,NA,NA,NA,NA,NA,NA,NA,NA,NA,NA,NA,NA,NA,NA,NA,NA,NA,NA,NA,NA,NA
Rwanda,2017,RWA,12230343,20935170048,5.612,NA,NA,NA,NA,NA,NA,NA,NA,NA,NA,NA,NA,NA,NA,NA,NA,NA,NA,NA,NA,NA,NA,NA,NA
Rwanda,2018,RWA,12531810,22730987520,6.155,NA,NA,NA,NA,NA,NA,NA,NA,NA,NA,NA,NA,NA,NA,NA,NA,NA,NA,NA,NA,NA,NA,NA,NA
Rwanda,2019,RWA,12835029,24883378176,6.746,NA,NA,NA,NA,NA,NA,NA,NA,NA,NA,NA,NA,NA,NA,NA,NA,NA,NA,NA,NA,NA,NA,NA,NA
Rwanda,2020,RWA,13146367,24048044032,6.532,NA,NA,NA,NA,NA,NA,NA,NA,NA,NA,NA,NA,NA,NA,NA,NA,NA,NA,NA,NA,NA,NA,NA,NA
Rwanda,2021,RWA,13461891,26663034880,6.345,NA,NA,NA,NA,NA,NA,NA,NA,NA,NA,NA,NA,NA,NA,NA,NA,NA,NA,NA,NA,NA,NA,NA,NA
Rwanda,2022,RWA,13776702,28466253824,NA,NA,NA,NA,NA,NA,NA,NA,NA,NA,NA,NA,NA,NA,NA,NA,NA,NA,NA,NA,NA,NA,NA,NA,NA
Saint Helena,2015,SHN,5520,NA,0.039,NA,NA,NA,NA,NA,NA,NA,NA,NA,NA,NA,NA,NA,NA,NA,NA,NA,NA,NA,NA,NA,NA,NA,NA
Saint Helena,2016,SHN,5533,NA,0.04,NA,NA,NA,NA,NA,NA,NA,NA,NA,NA,NA,NA,NA,NA,NA,NA,NA,NA,NA,NA,NA,NA,NA,NA
Saint Helena,2017,SHN,5521,NA,0.042,NA,NA,NA,NA,NA,NA,NA,NA,NA,NA,NA,NA,NA,NA,NA,NA,NA,NA,NA,NA,NA,NA,NA,NA
Saint Helena,2018,SHN,5494,NA,0.04,NA,NA,NA,NA,NA,NA,NA,NA,NA,NA,NA,NA,NA,NA,NA,NA,NA,NA,NA,NA,NA,NA,NA,NA
Saint Helena,2019,SHN,5470,NA,0.054,NA,NA,NA,NA,NA,NA,NA,NA,NA,NA,NA,NA,NA,NA,NA,NA,NA,NA,NA,NA,NA,NA,NA,NA
Saint Helena,2020,SHN,5448,NA,0.051,NA,NA,NA,NA,NA,NA,NA,NA,NA,NA,NA,NA,NA,NA,NA,NA,NA,NA,NA,NA,NA,NA,NA,NA
Saint Helena,2021,SHN,5428,NA,0.054,NA,NA,NA,NA,NA,NA,NA,NA,NA,NA,NA,NA,NA,NA,NA,NA,NA,NA,NA,NA,NA,NA,NA,NA
Saint Helena,2022,SHN,5401,NA,NA,NA,NA,NA,NA,NA,NA,NA,NA,NA,NA,NA,NA,NA,NA,NA,NA,NA,NA,NA,NA,NA,NA,NA,NA
Saint Kitts and Nevis,2015,KNA,47814,NA,1.069,NA,NA,NA,NA,NA,NA,NA,NA,NA,NA,NA,NA,NA,NA,NA,NA,NA,NA,NA,NA,NA,NA,NA,NA
Saint Kitts and Nevis,2016,KNA,47814,NA,1.097,NA,NA,NA,NA,NA,NA,NA,NA,NA,NA,NA,NA,NA,NA,NA,NA,NA,NA,NA,NA,NA,NA,NA,NA
Saint Kitts and Nevis,2017,KNA,47811,NA,1.097,NA,NA,NA,NA,NA,NA,NA,NA,NA,NA,NA,NA,NA,NA,NA,NA,NA,NA,NA,NA,NA,NA,NA,NA
Saint Kitts and Nevis,2018,KNA,47787,NA,1.11,NA,NA,NA,NA,NA,NA,NA,NA,NA,NA,NA,NA,NA,NA,NA,NA,NA,NA,NA,NA,NA,NA,NA,NA
Saint Kitts and Nevis,2019,KNA,47739,NA,1.109,NA,NA,NA,NA,NA,NA,NA,NA,NA,NA,NA,NA,NA,NA,NA,NA,NA,NA,NA,NA,NA,NA,NA,NA
Saint Kitts and Nevis,2020,KNA,47666,NA,0.936,NA,NA,NA,NA,NA,NA,NA,NA,NA,NA,NA,NA,NA,NA,NA,NA,NA,NA,NA,NA,NA,NA,NA,NA
Saint Kitts and Nevis,2021,KNA,47631,NA,0.996,NA,NA,NA,NA,NA,NA,NA,NA,NA,NA,NA,NA,NA,NA,NA,NA,NA,NA,NA,NA,NA,NA,NA,NA
Saint Kitts and Nevis,2022,KNA,47681,NA,NA,NA,NA,NA,NA,NA,NA,NA,NA,NA,NA,NA,NA,NA,NA,NA,NA,NA,NA,NA,NA,NA,NA,NA,NA
Saint Lucia,2015,LCA,175638,1670339968,1.841,NA,NA,NA,NA,NA,NA,NA,NA,NA,NA,NA,NA,NA,NA,NA,NA,NA,NA,NA,NA,NA,NA,NA,NA
Saint Lucia,2016,LCA,176429,1719860608,1.861,NA,NA,NA,NA,NA,NA,NA,NA,NA,NA,NA,NA,NA,NA,NA,NA,NA,NA,NA,NA,NA,NA,NA,NA
Saint Lucia,2017,LCA,177175,1781315968,2.017,NA,NA,NA,NA,NA,NA,NA,NA,NA,NA,NA,NA,NA,NA,NA,NA,NA,NA,NA,NA,NA,NA,NA,NA
Saint Lucia,2018,LCA,177894,1830625152,1.855,NA,NA,NA,NA,NA,NA,NA,NA,NA,NA,NA,NA,NA,NA,NA,NA,NA,NA,NA,NA,NA,NA,NA,NA
Saint Lucia,2019,LCA,178594,1824037632,2.725,NA,NA,NA,NA,NA,NA,NA,NA,NA,NA,NA,NA,NA,NA,NA,NA,NA,NA,NA,NA,NA,NA,NA,NA
Saint Lucia,2020,LCA,179245,1361621760,2.296,NA,NA,NA,NA,NA,NA,NA,NA,NA,NA,NA,NA,NA,NA,NA,NA,NA,NA,NA,NA,NA,NA,NA,NA
Saint Lucia,2021,LCA,179663,1515672448,2.443,NA,NA,NA,NA,NA,NA,NA,NA,NA,NA,NA,NA,NA,NA,NA,NA,NA,NA,NA,NA,NA,NA,NA,NA
Saint Lucia,2022,LCA,179872,1749086208,NA,NA,NA,NA,NA,NA,NA,NA,NA,NA,NA,NA,NA,NA,NA,NA,NA,NA,NA,NA,NA,NA,NA,NA,NA
Saint Pierre and Miquelon,2015,SPM,6001,NA,0.399,NA,NA,NA,NA,NA,NA,NA,NA,NA,NA,NA,NA,NA,NA,NA,NA,NA,NA,NA,NA,NA,NA,NA,NA
Saint Pierre and Miquelon,2016,SPM,5990,NA,0.406,NA,NA,NA,NA,NA,NA,NA,NA,NA,NA,NA,NA,NA,NA,NA,NA,NA,NA,NA,NA,NA,NA,NA,NA
Saint Pierre and Miquelon,2017,SPM,5980,NA,0.399,NA,NA,NA,NA,NA,NA,NA,NA,NA,NA,NA,NA,NA,NA,NA,NA,NA,NA,NA,NA,NA,NA,NA,NA
Saint Pierre and Miquelon,2018,SPM,5969,NA,0.434,NA,NA,NA,NA,NA,NA,NA,NA,NA,NA,NA,NA,NA,NA,NA,NA,NA,NA,NA,NA,NA,NA,NA,NA
Saint Pierre and Miquelon,2019,SPM,5952,NA,0.373,NA,NA,NA,NA,NA,NA,NA,NA,NA,NA,NA,NA,NA,NA,NA,NA,NA,NA,NA,NA,NA,NA,NA,NA
Saint Pierre and Miquelon,2020,SPM,5930,NA,0.341,NA,NA,NA,NA,NA,NA,NA,NA,NA,NA,NA,NA,NA,NA,NA,NA,NA,NA,NA,NA,NA,NA,NA,NA
Saint Pierre and Miquelon,2021,SPM,5905,NA,0.345,NA,NA,NA,NA,NA,NA,NA,NA,NA,NA,NA,NA,NA,NA,NA,NA,NA,NA,NA,NA,NA,NA,NA,NA
Saint Pierre and Miquelon,2022,SPM,5885,NA,NA,NA,NA,NA,NA,NA,NA,NA,NA,NA,NA,NA,NA,NA,NA,NA,NA,NA,NA,NA,NA,NA,NA,NA,NA
Saint Vincent and the Grenadines,2015,VCT,106493,NA,0.995,NA,NA,NA,NA,NA,NA,NA,NA,NA,NA,NA,NA,NA,NA,NA,NA,NA,NA,NA,NA,NA,NA,NA,NA
Saint Vincent and the Grenadines,2016,VCT,105971,NA,0.993,NA,NA,NA,NA,NA,NA,NA,NA,NA,NA,NA,NA,NA,NA,NA,NA,NA,NA,NA,NA,NA,NA,NA,NA
Saint Vincent and the Grenadines,2017,VCT,105568,NA,1.144,NA,NA,NA,NA,NA,NA,NA,NA,NA,NA,NA,NA,NA,NA,NA,NA,NA,NA,NA,NA,NA,NA,NA,NA
Saint Vincent and the Grenadines,2018,VCT,105297,NA,1.053,NA,NA,NA,NA,NA,NA,NA,NA,NA,NA,NA,NA,NA,NA,NA,NA,NA,NA,NA,NA,NA,NA,NA,NA
Saint Vincent and the Grenadines,2019,VCT,104940,NA,0.907,NA,NA,NA,NA,NA,NA,NA,NA,NA,NA,NA,NA,NA,NA,NA,NA,NA,NA,NA,NA,NA,NA,NA,NA
Saint Vincent and the Grenadines,2020,VCT,104644,NA,0.815,NA,NA,NA,NA,NA,NA,NA,NA,NA,NA,NA,NA,NA,NA,NA,NA,NA,NA,NA,NA,NA,NA,NA,NA
Saint Vincent and the Grenadines,2021,VCT,104340,NA,0.86,NA,NA,NA,NA,NA,NA,NA,NA,NA,NA,NA,NA,NA,NA,NA,NA,NA,NA,NA,NA,NA,NA,NA,NA
Saint Vincent and the Grenadines,2022,VCT,103959,NA,NA,NA,NA,NA,NA,NA,NA,NA,NA,NA,NA,NA,NA,NA,NA,NA,NA,NA,NA,NA,NA,NA,NA,NA,NA
Samoa,2015,WSM,203586,NA,1.419,NA,NA,NA,NA,NA,NA,NA,NA,NA,NA,NA,NA,NA,NA,NA,NA,NA,NA,NA,NA,NA,NA,NA,NA
Samoa,2016,WSM,205559,NA,1.512,NA,NA,NA,NA,NA,NA,NA,NA,NA,NA,NA,NA,NA,NA,NA,NA,NA,NA,NA,NA,NA,NA,NA,NA
Samoa,2017,WSM,207642,NA,1.526,NA,NA,NA,NA,NA,NA,NA,NA,NA,NA,NA,NA,NA,NA,NA,NA,NA,NA,NA,NA,NA,NA,NA,NA
Samoa,2018,WSM,209715,NA,1.514,NA,NA,NA,NA,NA,NA,NA,NA,NA,NA,NA,NA,NA,NA,NA,NA,NA,NA,NA,NA,NA,NA,NA,NA
Samoa,2019,WSM,211915,NA,1.631,NA,NA,NA,NA,NA,NA,NA,NA,NA,NA,NA,NA,NA,NA,NA,NA,NA,NA,NA,NA,NA,NA,NA,NA
Samoa,2020,WSM,214934,NA,1.552,NA,NA,NA,NA,NA,NA,NA,NA,NA,NA,NA,NA,NA,NA,NA,NA,NA,NA,NA,NA,NA,NA,NA,NA
Samoa,2021,WSM,218781,NA,1.598,NA,NA,NA,NA,NA,NA,NA,NA,NA,NA,NA,NA,NA,NA,NA,NA,NA,NA,NA,NA,NA,NA,NA,NA
Samoa,2022,WSM,222390,NA,NA,NA,NA,NA,NA,NA,NA,NA,NA,NA,NA,NA,NA,NA,NA,NA,NA,NA,NA,NA,NA,NA,NA,NA,NA
Sao Tome and Principe,2015,STP,201142,687729984,0.644,NA,NA,NA,NA,NA,NA,NA,NA,NA,NA,NA,NA,NA,NA,NA,NA,NA,NA,NA,NA,NA,NA,NA,NA
Sao Tome and Principe,2016,STP,204640,718608960,0.665,NA,NA,NA,NA,NA,NA,NA,NA,NA,NA,NA,NA,NA,NA,NA,NA,NA,NA,NA,NA,NA,NA,NA,NA
Sao Tome and Principe,2017,STP,208050,745272000,0.676,NA,NA,NA,NA,NA,NA,NA,NA,NA,NA,NA,NA,NA,NA,NA,NA,NA,NA,NA,NA,NA,NA,NA,NA
Sao Tome and Principe,2018,STP,211358,768095616,0.666,NA,NA,NA,NA,NA,NA,NA,NA,NA,NA,NA,NA,NA,NA,NA,NA,NA,NA,NA,NA,NA,NA,NA,NA
Sao Tome and Principe,2019,STP,214612,784993792,0.734,NA,NA,NA,NA,NA,NA,NA,NA,NA,NA,NA,NA,NA,NA,NA,NA,NA,NA,NA,NA,NA,NA,NA,NA
Sao Tome and Principe,2020,STP,218650,809328576,0.701,NA,NA,NA,NA,NA,NA,NA,NA,NA,NA,NA,NA,NA,NA,NA,NA,NA,NA,NA,NA,NA,NA,NA,NA
Sao Tome and Principe,2021,STP,223118,824700096,0.739,NA,NA,NA,NA,NA,NA,NA,NA,NA,NA,NA,NA,NA,NA,NA,NA,NA,NA,NA,NA,NA,NA,NA,NA
Sao Tome and Principe,2022,STP,227393,825238400,NA,NA,NA,NA,NA,NA,NA,NA,NA,NA,NA,NA,NA,NA,NA,NA,NA,NA,NA,NA,NA,NA,NA,NA,NA
Saudi Arabia,2015,SAU,32749838,1591796957184,3056.625,3056.502,1.036,2063.19,992.275,NA,0,NA,NA,0.124,0,NA,0,99.99597595387068,0.03389359178832863,67.4989571831677,32.463092463092465,NA,0,NA,NA,0.004056761951498794,0,NA,0
Saudi Arabia,2016,SAU,33416272,1629412655104,3179.844,3179.721,0.855,2125.696,1053.17,NA,0,NA,NA,0.123,0,NA,0,99.99613188571514,0.026888111492261883,66.8490655516434,33.12017822257947,NA,0,NA,NA,0.0038681142848517097,0,NA,0
Saudi Arabia,2017,SAU,34193120,1628276523008,3181.819,3181.633,1.34,2087.792,1092.502,NA,0,NA,NA,0.173,0.013,NA,0,99.99415428721747,0.04211427488490075,65.61630312723634,34.33576831365958,NA,0,NA,NA,0.005437141459020768,4.0857132351023107e-4,NA,0
Saudi Arabia,2018,SAU,35018132,1673254010880,3101.677,3101.243,1.114,1979.128,1121,NA,0,NA,NA,0.422,0.013,NA,0,99.98600756945355,0.03591605444409589,63.80832046663788,36.14173880774819,NA,0,NA,NA,0.013605543065896286,4.1912810392571504e-4,NA,0
Saudi Arabia,2019,SAU,35827364,1687180148736,2967.379,2966.819,1.173,1854.147,1111.5,NA,0,NA,NA,0.545,0.015,NA,0,99.9811281268756,0.0395298342409244,62.484333817823746,37.45729817458437,NA,0,NA,NA,0.018366376522850638,5.054966015463478e-4,NA,0
Saudi Arabia,2020,SAU,35997108,1613932920832,2886.411,2885.852,1.028,1754.324,1130.5,NA,0,NA,NA,0.544,0.015,NA,0,99.98063338866156,0.03561516360629169,60.77873178836971,39.16628643668556,NA,0,NA,NA,0.01884693482667576,5.196765117649565e-4,NA,0
Saudi Arabia,2021,SAU,35950396,1677226672128,2981.917,2979.729,1.279,1833.843,1144.607,NA,0,NA,NA,2.173,0.015,NA,0,99.92662438290536,0.04289187123585264,61.498794232032616,38.38493827963689,NA,0,NA,NA,0.0728725849847598,5.030321098809927e-4,NA,0
Saudi Arabia,2022,SAU,36408824,1823886278656,NA,NA,NA,NA,NA,NA,NA,NA,NA,NA,NA,NA,NA,NA,NA,NA,NA,NA,NA,NA,NA,NA,NA,NA,NA
Senegal,2015,SEN,14356191,36345741312,37.052,NA,NA,NA,NA,NA,NA,NA,NA,NA,NA,NA,NA,NA,NA,NA,NA,NA,NA,NA,NA,NA,NA,NA,NA
Senegal,2016,SEN,14751356,38655885312,35.844,NA,NA,NA,NA,NA,NA,NA,NA,NA,NA,NA,NA,NA,NA,NA,NA,NA,NA,NA,NA,NA,NA,NA,NA
Senegal,2017,SEN,15157793,41519120384,38.04,NA,NA,NA,NA,NA,NA,NA,NA,NA,NA,NA,NA,NA,NA,NA,NA,NA,NA,NA,NA,NA,NA,NA,NA
Senegal,2018,SEN,15574910,44097040384,39.586,NA,NA,NA,NA,NA,NA,NA,NA,NA,NA,NA,NA,NA,NA,NA,NA,NA,NA,NA,NA,NA,NA,NA,NA
Senegal,2019,SEN,16000783,46131675136,44.056,NA,NA,NA,NA,NA,NA,NA,NA,NA,NA,NA,NA,NA,NA,NA,NA,NA,NA,NA,NA,NA,NA,NA,NA
Senegal,2020,SEN,16436120,46743392256,41.623,NA,NA,NA,NA,NA,NA,NA,NA,NA,NA,NA,NA,NA,NA,NA,NA,NA,NA,NA,NA,NA,NA,NA,NA
Senegal,2021,SEN,16876726,49579311104,42.28,NA,NA,NA,NA,NA,NA,NA,NA,NA,NA,NA,NA,NA,NA,NA,NA,NA,NA,NA,NA,NA,NA,NA,NA
Senegal,2022,SEN,17316452,51913994240,NA,NA,NA,NA,NA,NA,NA,NA,NA,NA,NA,NA,NA,NA,NA,NA,NA,NA,NA,NA,NA,NA,NA,NA,NA
Serbia,2015,SRB,7519501,93202358272,187.723,NA,NA,NA,NA,NA,0,NA,NA,NA,NA,NA,NA,NA,NA,NA,NA,NA,0,NA,NA,NA,NA,NA,NA
Serbia,2016,SRB,7493288,96313999360,192.316,NA,NA,NA,NA,NA,0,NA,NA,NA,NA,NA,NA,NA,NA,NA,NA,NA,0,NA,NA,NA,NA,NA,NA
Serbia,2017,SRB,7464882,98337718272,196.767,NA,NA,NA,NA,NA,0,NA,NA,NA,NA,NA,NA,NA,NA,NA,NA,NA,0,NA,NA,NA,NA,NA,NA
Serbia,2018,SRB,7433825,102758121472,196.858,NA,NA,NA,NA,NA,0,NA,NA,NA,NA,NA,NA,NA,NA,NA,NA,NA,0,NA,NA,NA,NA,NA,NA
Serbia,2019,SRB,7401056,107209326592,196.889,NA,NA,NA,NA,NA,0,NA,NA,NA,NA,NA,NA,NA,NA,NA,NA,NA,0,NA,NA,NA,NA,NA,NA
Serbia,2020,SRB,7358010,106240983040,192.868,NA,NA,NA,NA,NA,0,NA,NA,NA,NA,NA,NA,NA,NA,NA,NA,NA,0,NA,NA,NA,NA,NA,NA
Serbia,2021,SRB,7296771,114262089728,201.689,NA,NA,NA,NA,NA,0,NA,NA,NA,NA,NA,NA,NA,NA,NA,NA,NA,0,NA,NA,NA,NA,NA,NA
Serbia,2022,SRB,7221365,116834639872,NA,NA,NA,NA,NA,NA,0,NA,NA,NA,NA,NA,NA,NA,NA,NA,NA,NA,NA,NA,NA,NA,NA,NA,NA
Seychelles,2015,SYC,99260,2363480064,4.536,NA,NA,NA,NA,NA,NA,NA,NA,NA,NA,NA,NA,NA,NA,NA,NA,NA,NA,NA,NA,NA,NA,NA,NA
Seychelles,2016,SYC,100521,2658740224,5.05,NA,NA,NA,NA,NA,NA,NA,NA,NA,NA,NA,NA,NA,NA,NA,NA,NA,NA,NA,NA,NA,NA,NA,NA
Seychelles,2017,SYC,101828,2824383488,5.267,NA,NA,NA,NA,NA,NA,NA,NA,NA,NA,NA,NA,NA,NA,NA,NA,NA,NA,NA,NA,NA,NA,NA,NA
Seychelles,2018,SYC,103120,2983293696,4.672,NA,NA,NA,NA,NA,NA,NA,NA,NA,NA,NA,NA,NA,NA,NA,NA,NA,NA,NA,NA,NA,NA,NA,NA
Seychelles,2019,SYC,104386,3137071872,4.778,NA,NA,NA,NA,NA,NA,NA,NA,NA,NA,NA,NA,NA,NA,NA,NA,NA,NA,NA,NA,NA,NA,NA,NA
Seychelles,2020,SYC,105545,2871729152,4.613,NA,NA,NA,NA,NA,NA,NA,NA,NA,NA,NA,NA,NA,NA,NA,NA,NA,NA,NA,NA,NA,NA,NA,NA
Seychelles,2021,SYC,106486,2944095232,4.891,NA,NA,NA,NA,NA,NA,NA,NA,NA,NA,NA,NA,NA,NA,NA,NA,NA,NA,NA,NA,NA,NA,NA,NA
Seychelles,2022,SYC,107135,3053368064,NA,NA,NA,NA,NA,NA,NA,NA,NA,NA,NA,NA,NA,NA,NA,NA,NA,NA,NA,NA,NA,NA,NA,NA,NA
Sierra Leone,2015,SLE,7314779,9188877312,4.335,NA,NA,NA,NA,NA,NA,NA,NA,NA,NA,NA,NA,NA,NA,NA,NA,NA,NA,NA,NA,NA,NA,NA,NA
Sierra Leone,2016,SLE,7493918,9765347328,4.433,NA,NA,NA,NA,NA,NA,NA,NA,NA,NA,NA,NA,NA,NA,NA,NA,NA,NA,NA,NA,NA,NA,NA,NA
Sierra Leone,2017,SLE,7677570,10128155648,4.405,NA,NA,NA,NA,NA,NA,NA,NA,NA,NA,NA,NA,NA,NA,NA,NA,NA,NA,NA,NA,NA,NA,NA,NA
Sierra Leone,2018,SLE,7861287,10480967680,4.467,NA,NA,NA,NA,NA,NA,NA,NA,NA,NA,NA,NA,NA,NA,NA,NA,NA,NA,NA,NA,NA,NA,NA,NA
Sierra Leone,2019,SLE,8046830,11031662592,4.128,NA,NA,NA,NA,NA,NA,NA,NA,NA,NA,NA,NA,NA,NA,NA,NA,NA,NA,NA,NA,NA,NA,NA,NA
Sierra Leone,2020,SLE,8233973,10814454784,3.957,NA,NA,NA,NA,NA,NA,NA,NA,NA,NA,NA,NA,NA,NA,NA,NA,NA,NA,NA,NA,NA,NA,NA,NA
Sierra Leone,2021,SLE,8420642,11258355712,4.148,NA,NA,NA,NA,NA,NA,NA,NA,NA,NA,NA,NA,NA,NA,NA,NA,NA,NA,NA,NA,NA,NA,NA,NA
Sierra Leone,2022,SLE,8605723,11681270784,NA,NA,NA,NA,NA,NA,NA,NA,NA,NA,NA,NA,NA,NA,NA,NA,NA,NA,NA,NA,NA,NA,NA,NA,NA
Singapore,2015,SGP,5650020,374587424768,878.403,875.679,4.726,755.166,115.787,NA,0,NA,NA,0.131,0,NA,2.593,99.68989176949532,0.5380218419108314,85.97033480076914,13.181535126815369,NA,0,NA,NA,0.014913428118984112,0,NA,0.2951948023856931
Singapore,2016,SGP,5711936,388078796800,926.751,923.956,4.954,799.98,119.021,NA,0,NA,NA,0.237,0,NA,2.559,99.69840874193824,0.534555668135238,86.32092115357848,12.84282401637549,NA,0,NA,NA,0.025573212222053172,0,NA,0.27612594968875137
Singapore,2017,SGP,5764489,405715943424,950.002,947.202,10.446,813.88,122.877,NA,0,NA,NA,0.327,0,NA,2.474,99.70526377839205,1.0995766324702474,85.67139858652929,12.934393822328797,NA,0,NA,NA,0.03442098016635755,0,NA,0.26042050437788555
Singapore,2018,SGP,5814543,420222009344,950.595,947.803,5.552,819.388,122.863,NA,0,NA,NA,0.358,0,NA,2.434,99.70628921885766,0.5840552496068251,86.19738163992025,12.924852329330577,NA,0,NA,NA,0.03766062308343721,0,NA,0.25605015805889997
Singapore,2019,SGP,5866408,425816260608,929.679,926.739,5.325,795.926,125.488,NA,0,NA,NA,0.513,0,NA,2.427,99.6837618145618,0.5727783460742902,85.61299115070902,13.4979923177785,NA,0,NA,NA,0.05518033643870626,0,NA,0.2610578489994934
Singapore,2020,SGP,5909874,409204981760,910.518,907.557,5.037,776.536,125.984,NA,0,NA,NA,0.775,0,NA,2.186,99.67480049817796,0.5532015841531962,85.28507948222878,13.836519431795965,NA,0,NA,NA,0.08511638429992598,0,NA,0.24008311752211378
Singapore,2021,SGP,5941063,445551968256,910.714,907.528,5.397,768.612,133.519,NA,0,NA,NA,1.038,0,NA,2.147,99.65016459613007,0.592611950623357,84.39663824208257,14.660914403424128,NA,0,NA,NA,0.11397650634557062,0,NA,0.23574909356834303
Singapore,2022,SGP,5975689,461801127936,881.846,877.013,4.823,741.596,130.594,NA,0,NA,NA,1.74,0,NA,3.094,99.45194512420537,0.5469208909492134,84.09586254289297,14.809161690363167,NA,0,NA,NA,0.1973133631042155,0,NA,0.35085491117496703
Slovakia,2015,SVK,5424449,132755570688,182.99,125.02,37.683,42.22,45.118,57.97,39.14,18.83,10.411,1.363,0.016,1.735,5.305,68.32067326083391,20.592928575331985,23.07229903273403,24.655992130717525,31.679326739166076,21.38914694792065,10.290179791245421,5.689381933438986,0.7448494453248811,0.008743647193835729,0.9481392425815619,2.8990655227061586
Slovakia,2016,SVK,5431205,135336427520,184.744,126.514,37.193,44.019,45.303,58.229,37.953,20.277,11.669,1.427,0.016,1.639,5.526,68.48070843978694,20.132182912570908,23.827025505564457,24.52204131121985,31.518750270644784,20.543562984454162,10.97572857575889,6.316307972112761,0.7724202139176374,0.008660633092279046,0.8871736023903348,2.9911661542458754
Slovakia,2017,SVK,5439418,139312660480,194.595,136.099,38.865,49.124,48.109,58.496,38.513,19.982,11.507,1.347,0.016,1.698,5.414,69.93961818135101,19.97225005781238,25.244225185641977,24.722629050078368,30.06038181864899,19.791361545774556,10.268506385056142,5.9133071250546,0.6922068912356433,0.00822220509262828,0.8725815154551761,2.782188648218094
Slovakia,2018,SVK,5446746,144927522816,191.296,135.674,38.574,49.683,47.416,55.622,37.684,17.938,9.498,1.548,0.016,1.689,5.187,70.92359484777518,20.16456172632988,25.971792405486788,24.786717965874875,29.076405152224826,19.699314151890263,9.3770910003345609,4.965080294412847,0.8092171294747408,0.008364001338240215,0.8829248912679827,2.7115046838407495
Slovakia,2019,SVK,5453932,148579172352,184.849,125.968,31.428,47.018,47.523,58.881,38.655,20.225,11.482,1.553,0.016,1.77,5.404,68.1464330345309,17.00198540430297,25.435896326190566,25.709092286136254,31.853566965469117,20.911663033070237,10.941362950299977,6.211556459596752,0.8401451995953454,0.008655713582437559,0.9575383150571548,2.923467262468285
Slovakia,2020,SVK,5456681,143565094912,181.125,121.471,26.94,46.985,47.546,59.654,38.922,20.733,11.863,1.741,0.011,1.777,5.341,67.06473429951691,14.873706004140788,25.94064872325742,26.250379572118703,32.93526570048309,21.48902691511387,11.44679089026915,6.5496204278812975,0.9612146307798484,0.006073153899240855,0.9810904071773636,2.9487922705314014
Slovakia,2021,SVK,5447621,147892584448,195.223,135.072,32.705,49.438,52.929,60.151,39.497,20.654,11.142,1.756,0.013,1.857,5.886,69.18856896984474,16.752636728254352,25.32386040579235,27.112071835798034,30.811431030155255,20.231734990241925,10.57969603991333,5.707319322006115,0.8994841796304738,0.006659051443733576,0.9512198870010193,3.015013599831987
Slovakia,2022,SVK,5643455,150360424448,179.893,122.055,27.929,50.027,44.099,57.838,39.829,18.009,9.589,1.695,0.01,1.959,4.756,67.84866559565964,15.525340063259826,27.80930886693757,24.514016665462247,32.15133440434036,22.14038345016204,10.010950954178318,5.3303908434458265,0.942226768134391,0.005558859988993458,1.0889806718438182,2.6437938107652883
Slovenia,2015,SVN,2080865,54414237696,74.716,47.925,12.383,27.818,7.724,26.791,14.595,12.195,10.255,0.738,0.016,0.334,0.852,64.14288773488946,16.573424701536485,37.23165051662295,10.337812516730018,35.85711226511056,19.533968627870873,16.321805235826332,13.725306493923659,0.9877402430536968,0.02141442261363028,0.44702607205953215,1.1403180041758125
Slovenia,2016,SVN,2090020,56151179264,79.858,51.279,13.236,29.853,8.191,28.579,14.681,13.898,12.055,0.715,0.016,0.209,0.903,64.21272759147487,16.574419594780736,37.38260412231711,10.256956097072303,35.78727240852513,18.3838813894663,17.403391019058827,15.095544591650178,0.8953392271281524,0.020035563124546067,0.26171454331438304,1.1307570938415688
Slovenia,2017,SVN,2098396,58855038976,80.721,52.384,13.195,30.568,8.622,28.336,16.051,12.285,10.295,0.755,0.015,0.282,0.938,64.8951326172867,16.346427819278748,37.868708266745955,10.681235366261568,35.103628547713726,19.884540578040408,15.21908796967332,12.753806320536167,0.9353204246726378,0.018582524993496115,0.3493514698777269,1.1620272295932903
Slovenia,2018,SVN,2105931,61476691968,82.391,52.877,12.899,31.447,8.531,29.514,14.665,14.849,12.446,0.675,0.016,0.841,0.871,64.1781262516537,15.655836195700983,38.16800378682137,10.354286269131336,35.82187374834629,17.799274192569577,18.022599555776722,15.10601886128339,0.8192642400262166,0.019419596800621424,1.0207425568326636,1.0571543008338289
Slovenia,2019,SVN,2112905,63598211072,80.002,50.738,12.195,29.977,8.567,29.264,14.725,14.539,11.808,0.799,0.016,1.099,0.818,63.420914477138076,15.243368915777106,37.47031324216895,10.708482287942802,36.57908552286193,18.40578985525362,18.17329566760831,14.75963100922477,0.9987250318742033,0.01999950001249969,1.3737156571085725,1.0224744381390465
Slovenia,2020,SVN,2117648,60849950720,77.295,45.377,11.744,25.082,8.552,31.918,16.01,15.908,12.958,0.967,0.016,1.081,0.885,58.70625525583802,15.193738275438257,32.4497056730707,11.064105052073225,41.29374474416198,20.71285335403325,20.580891390128727,16.764344394850898,1.2510511676046314,0.020699915906591627,1.398538068439097,1.1449640985833496
Slovenia,2021,SVN,2119408,65846345728,76.582,46.636,10.787,26.842,9.007,29.946,14.327,15.618,12.331,1.186,0.015,1.191,0.895,60.896816484291364,14.085555352432689,35.05001175210885,11.761249379749811,39.10318351570866,18.708051500352564,20.393826225483796,16.10169491525424,1.5486667885403882,0.01958684808440626,1.555195737901857,1.1686819357029068
Slovenia,2022,SVN,2119843,69385347072,70.602,44.889,8.716,28.228,7.945,25.713,14.024,11.689,8.209,1.683,0.015,0.913,0.869,63.580351831392875,12.34525934109515,39.98187020197728,11.253222288320444,36.419648168607125,19.863459958641396,16.556188209965722,11.627149372539021,2.3837851618934307,0.021245857057873713,1.2931644995892468,1.2308433188861505
Solomon Islands,2015,SLB,612670,NA,1.388,NA,NA,NA,NA,NA,NA,NA,NA,NA,NA,NA,NA,NA,NA,NA,NA,NA,NA,NA,NA,NA,NA,NA,NA
Solomon Islands,2016,SLB,628110,NA,1.335,NA,NA,NA,NA,NA,NA,NA,NA,NA,NA,NA,NA,NA,NA,NA,NA,NA,NA,NA,NA,NA,NA,NA,NA
Solomon Islands,2017,SLB,643641,NA,1.327,NA,NA,NA,NA,NA,NA,NA,NA,NA,NA,NA,NA,NA,NA,NA,NA,NA,NA,NA,NA,NA,NA,NA,NA
Solomon Islands,2018,SLB,659259,NA,1.389,NA,NA,NA,NA,NA,NA,NA,NA,NA,NA,NA,NA,NA,NA,NA,NA,NA,NA,NA,NA,NA,NA,NA,NA
Solomon Islands,2019,SLB,675000,NA,1.368,NA,NA,NA,NA,NA,NA,NA,NA,NA,NA,NA,NA,NA,NA,NA,NA,NA,NA,NA,NA,NA,NA,NA,NA
Solomon Islands,2020,SLB,691198,NA,1.298,NA,NA,NA,NA,NA,NA,NA,NA,NA,NA,NA,NA,NA,NA,NA,NA,NA,NA,NA,NA,NA,NA,NA,NA
Solomon Islands,2021,SLB,707855,NA,1.339,NA,NA,NA,NA,NA,NA,NA,NA,NA,NA,NA,NA,NA,NA,NA,NA,NA,NA,NA,NA,NA,NA,NA,NA
Solomon Islands,2022,SLB,724272,NA,NA,NA,NA,NA,NA,NA,NA,NA,NA,NA,NA,NA,NA,NA,NA,NA,NA,NA,NA,NA,NA,NA,NA,NA,NA
Somalia,2015,SOM,13763909,NA,3.545,NA,NA,NA,NA,NA,NA,NA,NA,NA,NA,NA,NA,NA,NA,NA,NA,NA,NA,NA,NA,NA,NA,NA,NA
Somalia,2016,SOM,14292848,NA,3.627,NA,NA,NA,NA,NA,NA,NA,NA,NA,NA,NA,NA,NA,NA,NA,NA,NA,NA,NA,NA,NA,NA,NA,NA
Somalia,2017,SOM,14864224,NA,3.628,NA,NA,NA,NA,NA,NA,NA,NA,NA,NA,NA,NA,NA,NA,NA,NA,NA,NA,NA,NA,NA,NA,NA,NA
Somalia,2018,SOM,15411101,NA,3.641,NA,NA,NA,NA,NA,NA,NA,NA,NA,NA,NA,NA,NA,NA,NA,NA,NA,NA,NA,NA,NA,NA,NA,NA
Somalia,2019,SOM,15981312,NA,3.637,NA,NA,NA,NA,NA,NA,NA,NA,NA,NA,NA,NA,NA,NA,NA,NA,NA,NA,NA,NA,NA,NA,NA,NA
Somalia,2020,SOM,16537018,NA,3.507,NA,NA,NA,NA,NA,NA,NA,NA,NA,NA,NA,NA,NA,NA,NA,NA,NA,NA,NA,NA,NA,NA,NA,NA
Somalia,2021,SOM,17065588,NA,3.71,NA,NA,NA,NA,NA,NA,NA,NA,NA,NA,NA,NA,NA,NA,NA,NA,NA,NA,NA,NA,NA,NA,NA,NA
Somalia,2022,SOM,17597508,NA,NA,NA,NA,NA,NA,NA,NA,NA,NA,NA,NA,NA,NA,NA,NA,NA,NA,NA,NA,NA,NA,NA,NA,NA,NA
South Africa,2015,ZAF,55876504,695933206528,1417.702,1366.867,976.488,347.193,43.186,50.835,31.622,19.212,1.966,7.403,8.27,0.563,1.01,96.41426759643423,68.87822687701647,24.489843422665693,3.0461972967520676,3.5857324035657707,2.230511066500576,1.3551508003797694,0.13867512354500452,0.5221830821992209,0.5833383884624554,0.03971215389411879,0.07124205227896976
South Africa,2016,ZAF,56422272,700558016512,1482.439,1420.577,1050.054,333.977,36.547,61.862,38.6,23.262,1.67,8.765,11.268,0.501,1.058,95.82701210640032,70.83286394920802,22.528886517421626,2.4653290961719163,4.172987893599669,2.6038170879206497,1.5691708056790197,0.11265219007325089,0.5912553568814636,0.760098729188857,0.03379565702197527,0.07136887251347274
South Africa,2017,ZAF,56641208,708670128128,1476.937,1406.92,1032.945,333.866,40.109,70.017,36.246,33.772,2.065,11.281,18.688,0.504,1.233,95.25931031587672,69.93832506058146,22.605297314645107,2.715687940650143,4.740689684123291,2.4541331146826173,2.286624277135721,0.13981639027257087,0.7638105078280252,1.2653214050430046,0.03412467830381391,0.08348358799325904
South Africa,2018,ZAF,57339632,719458336768,1421.174,1357.606,980.26,333.238,44.108,63.568,29.4,34.168,2.918,12.099,16.959,0.815,1.377,95.52707831694079,68.9753682518819,23.448078841858912,3.103631223199974,4.472921683059218,2.0687122055427416,2.404209477516476,0.20532320461815373,0.8513384005054976,1.1933091936666447,0.05734695399718824,0.09689172472899167
South Africa,2019,ZAF,58087060,721641603072,1485.7,1417.754,1044.748,330.394,42.612,67.946,33.521,34.425,1.953,12.924,17.482,0.693,1.373,95.42666756411118,70.32025307935653,22.238271521841558,2.868142962913105,4.573332435888807,2.256242848488928,2.3170895873998787,0.13145318704987546,0.8698929797401898,1.1766843911960692,0.04664467927576226,0.09241435013798209
South Africa,2020,ZAF,58801928,675871719424,1392.896,1330.242,1022.687,267.85,39.705,62.655,24.957,37.697,3.848,14.97,16.837,0.735,1.308,95.50188958831097,73.4216337759603,19.229719950376772,2.850535861973902,4.498182204557986,1.7917346305826136,2.706375781106414,0.27625895975004594,1.074739248299945,1.2087765346443669,0.05276775868406543,0.0939050725969491
South Africa,2021,ZAF,59392256,709077893120,1406.093,1327.175,996.153,288.83,42.192,78.918,31.023,47.895,5.28,17.754,22.639,0.913,1.308,94.38742672070765,70.84545616826198,20.54131554598451,3.0006550064611655,5.612573279292337,2.2063263240767146,3.406246955215622,0.37550859011459414,1.2626476342603228,1.6100641991674804,0.06493169370731523,0.09302371891475172
South Africa,2022,ZAF,59893884,723559317504,1353.265,1276.461,938.539,295.22,42.701,76.804,25.268,51.536,8.082,16.164,25.289,0.693,1.308,94.32454101746515,69.35367426187776,21.815387230143394,3.155405630087233,5.675458982534832,1.8671878752498587,3.8082711072849738,0.59722227353844215,1.1944445470768843,1.8687396777423488,0.05120948225218267,0.09665512667511536
South Korea,2015,KOR,50994396,1803763843072,3309.518,2833.904,993.216,1384.19,456.497,475.614,425.773,49.841,5.778,11.391,3.615,5.18,23.876,85.62890426944347,30.010895846464653,41.8245194617464,13.79345874535204,14.371095730556533,12.865106036589014,1.5059896939675204,0.17458735682960477,0.3441890933966819,0.10923040756992408,0.1565182603629894,0.7214343599279412
South Korea,2016,KOR,51309984,1856920748032,3407.431,2933.451,947.837,1509.177,476.437,473.98,416.145,57.835,7.62,14.767,4.506,5.151,25.792,86.08981370422468,27.81676283393559,44.29075746508146,13.982293405207619,13.910186295775324,12.212866526130682,1.6973197696446385,0.22362888639564527,0.4333763471659441,0.13224038872687371,0.15116960548870984,0.7569338894903521
South Korea,2017,KOR,51511640,1915599585280,3445.807,2997.258,1002.235,1497.459,497.564,448.55,379.047,69.503,7.475,20.596,5.773,4.979,30.68,86.98275904599416,29.085639445273635,43.45742521272956,14.43969438799097,13.017269974783845,11.000238841002995,2.0170311337808533,0.21693031559805875,0.5977119438204171,0.16753695143111613,0.14449445369401132,0.8903574692372499
South Korea,2018,KOR,51676900,1971285917696,3503.051,3076.133,1007.749,1490.344,578.04,426.917,338.947,87.97,8.888,26.9,6.522,7.946,37.714,87.81296646837285,28.767751311642336,42.54417078141312,16.5010443753174,12.187004985083002,9.675765496991051,2.511239488091952,0.25372168432603465,0.7679020373954019,0.1861805608882086,0.22683083974512505,1.0766043657371815
South Korea,2019,KOR,51803832,2015521669120,3462.676,2991.021,955.366,1475.317,560.338,471.654,369.074,102.581,7.351,37.412,7.062,8.138,42.618,86.37888731143197,27.590395405172185,42.606267522575024,16.18222438368476,13.621083809169557,10.65863511342095,2.962477575147083,0.2122924582028466,1.0804360558134807,0.20394631204305574,0.2350205448040764,1.2307822042836236
South Korea,2020,KOR,51844688,2001231675392,3346.965,2821.208,840.159,1405.675,575.373,525.757,403.691,122.066,10.183,50.787,8.273,8.025,44.799,84.29152978892817,25.1021149011119,41.998497145921746,17.190887864079844,15.70847021107182,12.06140488472392,3.6470653263479003,0.30424578685465786,1.517404573994649,0.24717916082181915,0.2397694627819532,1.3384962197094978
South Korea,2021,KOR,51830136,2084182687744,3506.508,2967.049,843.54,1499.434,624.074,539.459,396.769,142.691,7.993,64.678,8.321,6.944,54.755,84.61549210781781,24.056411677942844,42.76145954893016,17.797592362544158,15.384507892182192,11.315217304509217,4.069319106073621,0.227947576335203,1.8445131167531916,0.2373016117459307,0.19803177406125982,1.5615250271780359
South Korea,2022,KOR,51815808,2137558614016,3542.344,2938.851,796.568,1518.494,623.789,603.493,440.451,163.042,9.232,80.107,8.785,7.943,56.974,82.9634558360227,22.48703118612986,42.86692653226225,17.609498117630583,17.0365441639773,12.433885585363816,4.602658578613483,0.2606183927930206,2.2614122174469786,0.24799962962377453,0.22423005783740935,1.6083700510170666
South Sudan,2015,SSD,11194300,NA,8.004,NA,NA,NA,NA,NA,0,NA,NA,NA,NA,NA,NA,NA,NA,NA,NA,NA,0,NA,NA,NA,NA,NA,NA
South Sudan,2016,SSD,11066116,NA,7.728,NA,NA,NA,NA,NA,0,NA,NA,NA,NA,NA,NA,NA,NA,NA,NA,NA,0,NA,NA,NA,NA,NA,NA
South Sudan,2017,SSD,10658230,NA,6.773,NA,NA,NA,NA,NA,0,NA,NA,NA,NA,NA,NA,NA,NA,NA,NA,NA,0,NA,NA,NA,NA,NA,NA
South Sudan,2018,SSD,10395332,NA,6.983,NA,NA,NA,NA,NA,0,NA,NA,NA,NA,NA,NA,NA,NA,NA,NA,NA,0,NA,NA,NA,NA,NA,NA
South Sudan,2019,SSD,10447677,NA,7.809,NA,NA,NA,NA,NA,0,NA,NA,NA,NA,NA,NA,NA,NA,NA,NA,NA,0,NA,NA,NA,NA,NA,NA
South Sudan,2020,SSD,10606224,NA,7.458,NA,NA,NA,NA,NA,0,NA,NA,NA,NA,NA,NA,NA,NA,NA,NA,NA,0,NA,NA,NA,NA,NA,NA
South Sudan,2021,SSD,10748278,NA,7.868,NA,NA,NA,NA,NA,0,NA,NA,NA,NA,NA,NA,NA,NA,NA,NA,NA,0,NA,NA,NA,NA,NA,NA
South Sudan,2022,SSD,10913172,NA,NA,NA,NA,NA,NA,NA,0,NA,NA,NA,NA,NA,NA,NA,NA,NA,NA,NA,NA,NA,NA,NA,NA,NA,NA
Spain,2015,ESP,46431344,1488098820096,1573.144,1145.939,159.173,701.328,285.438,427.206,148.086,279.12,75.78,37.32,132.831,14.788,18.4,72.8438718896681,10.118145573450365,44.581297071342476,18.14442924487523,27.156191677303543,9.413378559114742,17.7428131181888,4.817105109258911,2.372319380806843,8.443664407072715,0.9400283762961306,1.1696322777825805
Spain,2016,ESP,46473320,1533303980032,1582.913,1132.507,122.07,719.221,291.216,450.407,150.585,299.822,97.406,36.519,130.945,16.87,18.083,71.545751408953,7.711731472291906,45.43654641790168,18.3974735187594,28.45431176571296,9.513157071803693,18.94115469390927,6.153591511346486,2.30707562576086,8.272406632581827,1.0657566145454616,1.1423874843405795
Spain,2017,ESP,46584168,1578931453952,1602.043,1197.184,156.41,723.653,317.121,404.858,148.404,256.454,48.76,38.111,130.741,19.439,19.402,74.72858094320814,9.76315866677736,45.17063524512139,19.794787031309397,25.27135663649478,9.263421768329565,16.007934868165215,3.043613685774976,2.3788999421363846,8.160892060949676,1.213388154999585,1.211078604007508
Spain,2018,ESP,46792044,1615001419776,1628.671,1182.64,134.022,733.645,314.973,446.032,141.58,304.451,90.838,33.717,134.657,25.525,19.714,72.61380598045892,8.228917933701773,45.04562308778139,19.339264958975754,27.386255419295853,8.692977280248742,18.693216739292346,5.57743092374089,2.0702155315591666,8.267906777980329,1.5672287404884102,1.2104347655235466
Spain,2019,ESP,47131372,1647042625536,1583.871,1154.336,58.984,735.607,359.745,429.535,147.41,282.125,59.273,39.825,139.941,25.091,17.995,72.88068283338731,3.724040657351514,46.443618198704314,22.71302397733149,27.11931716661268,9.306944820632488,17.812372345980197,3.74228709282511,2.5144093174254722,8.835378638790658,1.5841567905467049,1.1361405063922505
Spain,2020,ESP,47363808,1460507901952,1422.96,951.118,34.386,591.83,324.902,471.842,146.925,324.917,80.119,54.278,148.237,22.691,19.591,66.84081070444708,2.4165120593692024,41.59147129926351,22.83282734581436,33.159189295552935,10.325307809074042,22.833881486478884,5.630446393433406,3.814443132624951,10.41750997919829,1.5946337212570976,1.376777983920841
Spain,2021,ESP,47486932,1541122031616,1530.27,1033.12,35.731,654.146,343.243,497.149,142.03,355.12,77.522,70.907,162.394,22.3,21.997,67.51226907669887,2.33494742757814,42.74709691753743,22.430224731583316,32.48766557535598,9.281368647362884,23.206362275938233,5.065903402667503,4.633626745606985,10.612114202068916,1.4572591764851954,1.4374587491096342
Spain,2022,ESP,47558632,1625139970048,1591.031,1098.455,43.427,725.287,329.742,492.576,146.58,345.996,45.859,93.135,163.686,21.763,21.552,69.04045238590574,2.729487986092037,45.585975383257775,20.725051868882506,30.95954761409426,9.21289402909183,21.746653585002427,2.88234484431793,5.853751435390009,10.288045927452075,1.3678551832113897,1.3545933423044554
Sri Lanka,2015,LKA,21336692,244914323456,91.3,NA,14.409,59.549,NA,17.342,0,17.342,16.104,0.131,0.924,NA,0.183,NA,15.782037239868565,65.22343921139102,NA,18.994523548740418,0,18.994523548740418,17.63855421686747,0.1434830230010953,1.0120481927710845,NA,0.20043811610076673
Sri Lanka,2016,LKA,21425494,257292304384,100.872,NA,15.254,72.915,NA,12.703,0,12.703,11.328,0.222,0.923,NA,0.23,NA,15.122134982948687,72.28467761123008,NA,12.593187405821238,0,12.593187405821238,11.230073756840351,0.2200808945990959,0.915021016734079,NA,0.228011737647712
Sri Lanka,2017,LKA,21506816,273915969536,106.731,NA,15.801,78.414,NA,12.516,0,12.516,10.729,0.598,0.976,NA,0.214,NA,14.804508530792369,73.46881412148298,NA,11.726677347724653,0,11.726677347724653,10.052374661532264,0.5602870768567708,0.9144484732645622,NA,0.2005040709821889
Sri Lanka,2018,LKA,21580712,280243404800,112.369,NA,15.27,78.145,NA,18.954,0,18.954,16.963,0.85,0.863,NA,0.278,NA,13.589157151883526,69.54320141676085,NA,16.867641431355622,0,16.867641431355622,15.09580044318273,0.7564363837001308,0.7680054107449563,NA,0.2473991937278075
Sri Lanka,2019,LKA,21649664,279626874880,113.035,NA,16.297,81.442,NA,15.296,0,15.296,12.684,1.319,0.918,NA,0.375,NA,14.417658247445484,72.05024992259035,NA,13.532091829964171,0,13.532091829964171,11.221303136196752,1.1668952094484009,0.8121378334144292,NA,0.3317556509045871
Sri Lanka,2020,LKA,21715076,269918240768,106,NA,19.583,69.958,NA,16.459,0,16.459,13.069,2.151,0.92,NA,0.319,NA,18.474528301886792,65.99811320754718,NA,15.527358490566037,0,15.527358490566037,12.329245283018869,2.029245283018868,0.8679245283018869,NA,0.3009433962264151
Sri Lanka,2021,LKA,21773438,278898409472,109.638,NA,19.567,66.111,NA,23.959,0,23.959,18.91,2.82,1.71,NA,0.52,NA,17.84691439099582,60.299348765938824,NA,21.852824750542695,0,21.852824750542695,17.24766960360459,2.5721009139167075,1.5596782137580036,NA,0.47428811178605956
Sri Lanka,2022,LKA,21832150,254748606464,97.577,NA,18.344,55.179,NA,24.054,0,24.054,17.919,3.706,1.909,NA,0.52,NA,18.799512180124417,56.54918679606875,NA,24.651301023806838,0,24.651301023806838,18.36395871978028,3.798026174200887,1.9564036606987305,NA,0.5329124691269459
Sudan,2015,SDN,38171172,NA,91.009,NA,NA,NA,NA,NA,0,NA,NA,NA,NA,NA,NA,NA,NA,NA,NA,NA,0,NA,NA,NA,NA,NA,NA
Sudan,2016,SDN,39377168,NA,105.69,NA,NA,NA,NA,NA,0,NA,NA,NA,NA,NA,NA,NA,NA,NA,NA,NA,0,NA,NA,NA,NA,NA,NA
Sudan,2017,SDN,40679820,NA,107.986,NA,NA,NA,NA,NA,0,NA,NA,NA,NA,NA,NA,NA,NA,NA,NA,NA,0,NA,NA,NA,NA,NA,NA
Sudan,2018,SDN,41999064,NA,107.297,NA,NA,NA,NA,NA,0,NA,NA,NA,NA,NA,NA,NA,NA,NA,NA,NA,0,NA,NA,NA,NA,NA,NA
Sudan,2019,SDN,43232092,NA,106.323,NA,NA,NA,NA,NA,0,NA,NA,NA,NA,NA,NA,NA,NA,NA,NA,NA,0,NA,NA,NA,NA,NA,NA
Sudan,2020,SDN,44440484,NA,105.69,NA,NA,NA,NA,NA,0,NA,NA,NA,NA,NA,NA,NA,NA,NA,NA,NA,0,NA,NA,NA,NA,NA,NA
Sudan,2021,SDN,45657204,NA,105.806,NA,NA,NA,NA,NA,0,NA,NA,NA,NA,NA,NA,NA,NA,NA,NA,NA,0,NA,NA,NA,NA,NA,NA
Sudan,2022,SDN,46874200,NA,NA,NA,NA,NA,NA,NA,0,NA,NA,NA,NA,NA,NA,NA,NA,NA,NA,NA,NA,NA,NA,NA,NA,NA,NA
Suriname,2015,SUR,575478,NA,10.528,NA,NA,NA,NA,NA,NA,NA,NA,NA,NA,NA,NA,NA,NA,NA,NA,NA,NA,NA,NA,NA,NA,NA,NA
Suriname,2016,SUR,581462,NA,10.94,NA,NA,NA,NA,NA,NA,NA,NA,NA,NA,NA,NA,NA,NA,NA,NA,NA,NA,NA,NA,NA,NA,NA,NA
Suriname,2017,SUR,587566,NA,12.749,NA,NA,NA,NA,NA,NA,NA,NA,NA,NA,NA,NA,NA,NA,NA,NA,NA,NA,NA,NA,NA,NA,NA,NA
Suriname,2018,SUR,593729,NA,12.877,NA,NA,NA,NA,NA,NA,NA,NA,NA,NA,NA,NA,NA,NA,NA,NA,NA,NA,NA,NA,NA,NA,NA,NA
Suriname,2019,SUR,600305,NA,12.984,NA,NA,NA,NA,NA,NA,NA,NA,NA,NA,NA,NA,NA,NA,NA,NA,NA,NA,NA,NA,NA,NA,NA,NA
Suriname,2020,SUR,607068,NA,12.358,NA,NA,NA,NA,NA,NA,NA,NA,NA,NA,NA,NA,NA,NA,NA,NA,NA,NA,NA,NA,NA,NA,NA,NA
Suriname,2021,SUR,612989,NA,12.434,NA,NA,NA,NA,NA,NA,NA,NA,NA,NA,NA,NA,NA,NA,NA,NA,NA,NA,NA,NA,NA,NA,NA,NA
Suriname,2022,SUR,618046,NA,NA,NA,NA,NA,NA,NA,NA,NA,NA,NA,NA,NA,NA,NA,NA,NA,NA,NA,NA,NA,NA,NA,NA,NA,NA
Sweden,2015,SWE,9849344,429037420544,622.062,186.086,23.102,153.648,9.336,435.976,145.613,290.363,202.814,0.261,43.957,8.967,34.364,29.914381524671175,3.71377772633596,24.699788767036083,1.5008150312991309,70.08561847532883,23.408116875809807,46.67750159951902,32.60350254476242,0.041957232558812466,7.066337439033409,1.4414961852677064,5.524208197896672
Sweden,2016,SWE,9953322,437921054720,609.401,191.463,22.636,158.838,9.989,417.938,162.098,255.839,166.334,0.383,41.439,11.014,36.669,31.418228719677195,3.714467157093605,26.0646109868543,1.639150575729282,68.58177128032281,26.59956252122987,41.98204466353025,27.29467132479271,0.06284860051099359,6.799956022389199,1.8073485274884682,6.017220188348887
Sweden,2017,SWE,10058191,449166540800,631.343,193.963,22.602,161.745,9.616,437.38,167.772,269.608,173.151,0.612,46.862,10.435,38.549,30.72228566722051,3.579987423635013,25.619195904603366,1.523102338982138,69.2777143327795,26.57382753907147,42.703886793708016,27.425820829564916,0.09693621375385487,7.422589622439784,1.6528258015056794,6.105872718949922
Sweden,2018,SWE,10162300,457925394432,609.195,175.378,22.511,142.698,10.169,433.817,174.034,259.783,164.426,1.034,43.963,12.331,38.029,28.788483162205857,3.6952043270217247,23.424026789451652,1.6692520457324829,71.21151683779414,28.56786414858953,42.6436526892046,26.99070084291565,0.16973218755899178,7.216572690189511,2.0241466197194655,6.242500348820985
Sweden,2019,SWE,10267922,467020677120,625.819,178.089,22.514,145.296,10.279,447.73,167.273,280.456,172.122,1.748,52.315,12.658,41.614,28.456950012703352,3.597525802188812,23.216936526375836,1.6424876841387048,71.543049987296655,26.728654770788363,44.814235425897905,27.503479440541117,0.2793139869514988,8.359445782246944,2.022629546242604,6.649526460526127
Sweden,2020,SWE,10368968,456885338112,600.279,162.972,18.612,134.45,9.909,437.308,123.988,313.32,189.844,2.718,72.292,12.787,35.679,27.149375540373725,3.1005582404182053,22.397918301323216,1.6507324094296154,72.85079104882895,20.65506206280746,52.19572898602149,31.625960594989994,0.4527894529043995,12.04306664067875,2.130176134764002,5.943736162684353
Sweden,2021,SWE,10467095,481492434944,633.68,176.748,18.925,147.195,10.628,456.931,132.993,323.938,193.095,3.943,70.934,14.206,41.76,27.89231157682111,2.986523166266886,23.22860118671885,1.6771872238353742,72.10753061482137,20.987406893069057,51.12012372175231,30.47200479737407,0.6222383537432142,11.193978033076633,2.2418255270799143,6.590077010478475
Sweden,2022,SWE,10549349,494214545408,621.694,159.17,18.447,132.725,7.998,462.523,129.954,332.569,181.999,5.118,86.192,17.427,41.834,25.602627659266457,2.9672153824872045,21.348927285770813,1.2864849910084384,74.39721148989696,20.903209617593223,53.49400187230374,29.274691407670012,0.8232345816430592,13.86405530695165,2.803147529170299,6.729033897705302
Switzerland,2015,CHE,8281735,500484669440,336.322,164.18,1.447,129.561,33.172,172.141,60.102,112.039,103.038,3.013,0.296,0.581,5.111,48.816312938196134,0.4302424462271276,38.522903645910766,9.863166846058242,51.183389727701424,17.870374224701326,33.3130155030001,30.63671124695976,0.8958676506443229,0.08801089432151331,0.1727511135162136,1.5196745975582924
Switzerland,2016,CHE,8372902,510838112256,316.245,158.53,1.331,122.349,34.85,157.715,54.717,102.998,92.7,3.568,0.292,0.931,5.507,50.128855792186435,0.42087621938686776,38.68804249869563,11.01993707410394,49.871144207813565,17.302091732675613,32.56905247513795,29.312716406583505,1.1282391816471407,0.09233347562807316,0.29439200619772643,1.7413714050815032
Switzerland,2017,CHE,8451688,517799804928,316.995,161.663,1.281,125.385,34.997,155.332,52.417,102.916,90.738,4.479,0.354,1.478,5.867,50.99859619236897,0.4041073203047366,39.5542516443477,11.040237227716524,49.001403807631036,16.535592044038548,32.46612722598148,28.62442625278001,1.4129560403160932,0.11167368570482183,0.46625341093708106,1.850817836243474
Switzerland,2018,CHE,8514431,532611137536,321.458,154.76,1.192,120.372,33.197,166.698,61.983,104.715,91.566,5.146,0.323,1.898,5.781,48.14314778291409,0.3708104946835978,37.44563831044802,10.327010060412247,51.8568522170859,19.281834640917317,32.57501757616858,28.484592077347582,1.6008312127867401,0.10047968941510244,0.5904348312998898,1.7983686826894958
Switzerland,2019,CHE,8575593,538693468160,335.947,158.65,1.058,123.533,34.058,177.298,63.945,113.353,99.202,5.741,0.385,2.081,5.944,47.22471104072964,0.3149306289384933,36.77157408757929,10.137908658210968,52.77558662527125,19.034252426722073,33.741334198549175,29.529062619996605,1.7089005110925235,0.11460141034151221,0.6194429478459399,1.7693267092725937
Switzerland,2020,CHE,8638609,525896482816,308.591,136.702,1.017,102.538,33.147,171.889,57.939,113.951,98.39,6.826,0.381,2.072,6.282,44.29876438392565,0.32956243053102646,33.22779990343205,10.741402049962572,55.70123561607435,18.775336934648127,36.926222734946904,31.883625899653584,2.211989332158099,0.12346439137888013,0.671438894847873,2.0357042169084645
Switzerland,2021,CHE,8691409,548098277376,298.082,139.857,1.028,102.788,36.042,158.225,46.528,111.697,95.691,7.437,0.379,1.829,6.362,46.91896860595406,0.34487154541367815,34.4831288034836,12.0913037352138,53.08103139404593,15.609127689696123,37.47190370434981,32.10224032313256,2.4949510537368913,0.12714622150951754,0.6135895491844525,2.1343120349434046
Switzerland,2022,CHE,8740471,559384952832,290.11,136.517,1.069,105.803,29.644,153.593,57.824,95.769,77.08,10.058,0.391,1.819,6.42,47.05697838750818,0.3684809210299541,36.46995967046982,10.21819309916928,52.943021612491805,19.93175002585226,33.01127158663955,26.569232360139257,3.4669608079693908,0.13477646409982422,0.627003550377443,2.212953707214505
Syria,2015,SYR,19205178,63295275008,122.003,NA,NA,NA,NA,NA,0,NA,NA,NA,NA,NA,NA,NA,NA,NA,NA,NA,0,NA,NA,NA,NA,NA,NA
Syria,2016,SYR,18964252,59731472384,118.859,NA,NA,NA,NA,NA,0,NA,NA,NA,NA,NA,NA,NA,NA,NA,NA,NA,0,NA,NA,NA,NA,NA,NA
Syria,2017,SYR,18983370,59296817152,119.593,NA,NA,NA,NA,NA,0,NA,NA,NA,NA,NA,NA,NA,NA,NA,NA,NA,0,NA,NA,NA,NA,NA,NA
Syria,2018,SYR,19333464,60171976704,139.978,NA,NA,NA,NA,NA,0,NA,NA,NA,NA,NA,NA,NA,NA,NA,NA,NA,0,NA,NA,NA,NA,NA,NA
Syria,2019,SYR,20098252,62427095040,123.704,NA,NA,NA,NA,NA,0,NA,NA,NA,NA,NA,NA,NA,NA,NA,NA,NA,0,NA,NA,NA,NA,NA,NA
Syria,2020,SYR,20772602,55872249856,115.594,NA,NA,NA,NA,NA,0,NA,NA,NA,NA,NA,NA,NA,NA,NA,NA,NA,0,NA,NA,NA,NA,NA,NA
Syria,2021,SYR,21324366,54251958272,117.438,NA,NA,NA,NA,NA,0,NA,NA,NA,NA,NA,NA,NA,NA,NA,NA,NA,0,NA,NA,NA,NA,NA,NA
Syria,2022,SYR,22125242,52353138688,NA,NA,NA,NA,NA,NA,0,NA,NA,NA,NA,NA,NA,NA,NA,NA,NA,NA,NA,NA,NA,NA,NA,NA,NA
Taiwan,2015,TWN,23512136,989069508608,1332.942,1214.069,458.451,553.814,201.804,118.872,94.247,24.625,12.038,2.29,4.107,0.002,6.187,91.08190753986295,34.39391961540713,41.54824440973425,15.139743514721571,8.918017438118088,7.070600221164912,1.8474172169531757,0.9031150642713638,0.171800423424275,0.30811543187925655,1.5004403792513103e-4,0.46416123132139286
Taiwan,2016,TWN,23594476,1010482872320,1339.75,1227.9,464.034,554.212,209.654,111.85,81.334,30.515,17.567,2.969,3.901,0.002,6.077,91.651427505131565,34.63586490016794,41.36682216831498,15.648740436648628,8.348572494868446,6.0708341108415755,2.2776637432356783,1.3112147788766562,0.2216085090501959,0.29117372644150025,1.492815823847733e-4,0.4535920880761336
Taiwan,2017,TWN,23665028,1043939917824,1340.755,1253.944,471.061,550.433,232.451,86.811,57.321,29.49,14.496,4.438,4.584,0.041,5.932,93.52521527050057,35.134010315083664,41.053958404033544,17.337321136225484,6.474784729499423,4.2752777353058535,2.1995069941935697,1.0811818714082737,0.3310075293398122,0.3418969162897024,0.0030579785270239525,0.44243728347088024
Taiwan,2018,TWN,23726186,1073034559488,1356.779,1256.69,473.563,546.505,236.621,100.089,70.271,29.819,11.857,7.153,4.523,0.001,6.284,92.62304325170128,34.90347359444685,40.27958864339734,17.439907309886134,7.376956748298729,5.179251742546133,2.1977787097235435,0.8739079835404291,0.5272045041970725,0.333363060601616,7.370397094884282e-5,0.46315575344252824
Taiwan,2019,TWN,23777742,1105912397824,1330.691,1212.394,464.158,515.637,232.598,118.297,81.761,36.536,14.616,10.586,4.988,0.001,6.345,91.11010745544984,34.880975372945336,38.7495669543117,17.47948997926641,8.889892544550163,6.1442513701528,2.745641174397362,1.0983767080411604,0.7955265347101618,0.3748428448076977,7.51489263848632e-5,0.476819937911957
Taiwan,2020,TWN,23821468,1143369498624,1291.713,1176.175,433.835,493.496,248.845,115.539,79.235,36.304,7.929,15.954,6.064,0.001,6.356,91.05544343054532,33.58602104337419,38.204771493358045,19.26472831039093,8.944633986032501,6.134102544450664,2.8105314415818374,0.6138360456231378,1.235104082718065,0.46945412796805486,7.741657783114362e-5,0.4920597686947487
Taiwan,2021,TWN,23859904,1218008711168,1372.941,1260.876,465.734,522.238,272.905,112.065,69.774,42.291,9.092,20.855,5.942,0,6.401,91.837595351876,33.92236082978074,38.03790548901956,19.877401869417547,8.16240464812399,5.082082915434822,3.0803217326891685,0.6622280199950326,1.5190019090405196,0.4327935432039687,0,0.4662254241078094
Taiwan,2022,TWN,23893396,1247874383872,1318.859,1200.735,439.276,480.796,280.663,118.124,59.43,58.694,15.217,27.836,9.327,0,6.313,91.04347015109272,33.30727545552633,36.45545126507079,21.280743430495605,8.956529848907275,4.506167831436112,4.4503620174711624,1.1538003683487015,2.110612279250473,0.707202210395501,0,0.47867133635968667
Tajikistan,2015,TJK,8524066,30973186048,63.246,NA,NA,NA,NA,NA,NA,NA,NA,NA,NA,NA,NA,NA,NA,NA,NA,NA,NA,NA,NA,NA,NA,NA,NA
Tajikistan,2016,TJK,8725326,33110335488,65.107,NA,NA,NA,NA,NA,NA,NA,NA,NA,NA,NA,NA,NA,NA,NA,NA,NA,NA,NA,NA,NA,NA,NA,NA
Tajikistan,2017,TJK,8925529,35461181440,66.413,NA,NA,NA,NA,NA,NA,NA,NA,NA,NA,NA,NA,NA,NA,NA,NA,NA,NA,NA,NA,NA,NA,NA,NA
Tajikistan,2018,TJK,9128131,38156222464,70.851,NA,NA,NA,NA,NA,NA,NA,NA,NA,NA,NA,NA,NA,NA,NA,NA,NA,NA,NA,NA,NA,NA,NA,NA
Tajikistan,2019,TJK,9337008,40979787776,75.084,NA,NA,NA,NA,NA,NA,NA,NA,NA,NA,NA,NA,NA,NA,NA,NA,NA,NA,NA,NA,NA,NA,NA,NA
Tajikistan,2020,TJK,9543211,42778796032,74.622,NA,NA,NA,NA,NA,NA,NA,NA,NA,NA,NA,NA,NA,NA,NA,NA,NA,NA,NA,NA,NA,NA,NA,NA
Tajikistan,2021,TJK,9750078,46800011264,74.831,NA,NA,NA,NA,NA,NA,NA,NA,NA,NA,NA,NA,NA,NA,NA,NA,NA,NA,NA,NA,NA,NA,NA,NA
Tajikistan,2022,TJK,9952789,50544009216,NA,NA,NA,NA,NA,NA,NA,NA,NA,NA,NA,NA,NA,NA,NA,NA,NA,NA,NA,NA,NA,NA,NA,NA,NA
Tanzania,2015,TZA,52542824,131823353856,52.659,NA,NA,NA,NA,NA,NA,NA,NA,NA,NA,NA,NA,NA,NA,NA,NA,NA,NA,NA,NA,NA,NA,NA,NA
Tanzania,2016,TZA,54401804,140875644928,57.783,NA,NA,NA,NA,NA,NA,NA,NA,NA,NA,NA,NA,NA,NA,NA,NA,NA,NA,NA,NA,NA,NA,NA,NA
Tanzania,2017,TZA,56267040,150417145856,52.417,NA,NA,NA,NA,NA,NA,NA,NA,NA,NA,NA,NA,NA,NA,NA,NA,NA,NA,NA,NA,NA,NA,NA,NA
Tanzania,2018,TZA,58090444,160884703232,56.284,NA,NA,NA,NA,NA,NA,NA,NA,NA,NA,NA,NA,NA,NA,NA,NA,NA,NA,NA,NA,NA,NA,NA,NA
Tanzania,2019,TZA,59872584,172128927744,57.252,NA,NA,NA,NA,NA,NA,NA,NA,NA,NA,NA,NA,NA,NA,NA,NA,NA,NA,NA,NA,NA,NA,NA,NA
Tanzania,2020,TZA,61704520,180418658304,56.372,NA,NA,NA,NA,NA,NA,NA,NA,NA,NA,NA,NA,NA,NA,NA,NA,NA,NA,NA,NA,NA,NA,NA,NA
Tanzania,2021,TZA,63588332,189343956992,57.7,NA,NA,NA,NA,NA,NA,NA,NA,NA,NA,NA,NA,NA,NA,NA,NA,NA,NA,NA,NA,NA,NA,NA,NA
Tanzania,2022,TZA,65497752,198220414976,NA,NA,NA,NA,NA,NA,NA,NA,NA,NA,NA,NA,NA,NA,NA,NA,NA,NA,NA,NA,NA,NA,NA,NA,NA
Thailand,2015,THA,70294408,1002011623424,1377.446,1318.1,204.074,604.417,509.61,59.346,0,59.346,10.128,6.404,0.883,18.515,23.416,95.69159153970465,14.81539022219383,43.87954228332727,36.99673163231081,4.308408460295358,0,4.308408460295358,0.7352738328762072,0.46491840696477393,0.06410414636944026,1.3441543261950015,1.6999577478899357
Thailand,2016,THA,70607032,1036430737408,1405.572,1338.951,208.03,625.278,505.643,66.621,0,66.621,9.485,9.512,1.025,19.143,27.456,95.26022146144062,14.800380201085394,44.48566135352725,35.97417990682797,4.739778538559391,0,4.739778538559391,0.6748142393274766,0.6767351654700009,0.07292404800323285,1.3619366350496453,1.9533684507090352
Thailand,2017,THA,70898208,1079732797440,1432.683,1354.329,208.857,644.634,500.838,78.354,0,78.354,12.474,12.09,2.951,21.177,29.661,94.53096044274972,14.578032963328244,44.99488023519508,34.95804724422639,5.4690395572502775,0,5.4690395572502775,0.8706741128358472,0.8438712541434498,0.205977177086627,1.4781357774190103,2.0703114366541655
Thailand,2018,THA,71127808,1125329928192,1478.376,1381.293,222.67,658.427,500.196,97.083,0,97.083,20.1,12.004,4.342,23.148,37.491,93.43313203136414,15.061797540003354,44.53718133952391,33.83415315183688,6.566867968635854,0,6.566867968635854,1.359599993506388,0.8119720558234171,0.29370065531366846,1.565772171626163,2.5359583759476614
Thailand,2019,THA,71307768,1149130637312,1479.745,1373.846,198.453,665.997,509.396,105.899,0,105.899,16.633,13.565,9.674,25.85,40.178,92.84342910433892,13.411297216750185,45.007551976860874,34.424579910727864,7.156570895661077,0,7.156570895661077,1.1240450212705568,0.9167120010542358,0.653761289951985,1.7469226116661993,2.7151975509293833
Thailand,2020,THA,71475664,1078332620800,1375.758,1276.961,212.183,596.249,468.529,98.797,0,98.797,11.923,13.213,8.457,25.976,39.229,92.81872247880804,15.422988636082799,43.33967165736997,34.05606218535527,7.181277521191953,0,7.181277521191953,0.8666495124869343,0.9604160033959461,0.614715669470939,1.8881227657771207,2.8514462572632686
Thailand,2021,THA,71601104,1095187103744,1386.81,1286.554,217.274,599.142,470.137,100.256,0,100.256,11.88,13.055,9.242,23.287,42.793,92.77074725449053,15.66717863297784,43.202890085880554,33.900606427700986,7.229252745509479,0,7.229252745509479,0.8566422220780066,0.9413690411808395,0.6664214997007522,1.6791773927214253,3.0857146977596064
Thailand,2022,THA,71697024,1124143726592,1387.893,1284.408,197.679,643.549,443.181,103.485,0,103.485,17.204,13.103,7.79,21.138,44.25,92.54373355871093,14.243100873050011,46.368776267334724,31.93192846999012,7.456266441289062,0,7.456266441289062,1.239576826167435,0.9440929524105964,0.5612824619765356,1.5230280720487819,3.1882861286857125
Togo,2015,TGO,7473232,10346240000,6.489,NA,NA,NA,NA,NA,NA,NA,NA,NA,NA,NA,NA,NA,NA,NA,NA,NA,NA,NA,NA,NA,NA,NA,NA
Togo,2016,TGO,7661361,10960546816,8.692,NA,NA,NA,NA,NA,NA,NA,NA,NA,NA,NA,NA,NA,NA,NA,NA,NA,NA,NA,NA,NA,NA,NA,NA
Togo,2017,TGO,7852799,11420229632,8.422,NA,NA,NA,NA,NA,NA,NA,NA,NA,NA,NA,NA,NA,NA,NA,NA,NA,NA,NA,NA,NA,NA,NA,NA
Togo,2018,TGO,8046680,11989462016,10.085,NA,NA,NA,NA,NA,NA,NA,NA,NA,NA,NA,NA,NA,NA,NA,NA,NA,NA,NA,NA,NA,NA,NA,NA
Togo,2019,TGO,8243093,12579682304,10.749,NA,NA,NA,NA,NA,NA,NA,NA,NA,NA,NA,NA,NA,NA,NA,NA,NA,NA,NA,NA,NA,NA,NA,NA
Togo,2020,TGO,8442583,12720130048,9.73,NA,NA,NA,NA,NA,NA,NA,NA,NA,NA,NA,NA,NA,NA,NA,NA,NA,NA,NA,NA,NA,NA,NA,NA
Togo,2021,TGO,8644829,13482266624,9.645,NA,NA,NA,NA,NA,NA,NA,NA,NA,NA,NA,NA,NA,NA,NA,NA,NA,NA,NA,NA,NA,NA,NA,NA
Togo,2022,TGO,8848700,14265659392,NA,NA,NA,NA,NA,NA,NA,NA,NA,NA,NA,NA,NA,NA,NA,NA,NA,NA,NA,NA,NA,NA,NA,NA,NA
Tonga,2015,TON,106140,NA,0.574,NA,NA,NA,NA,NA,NA,NA,NA,NA,NA,NA,NA,NA,NA,NA,NA,NA,NA,NA,NA,NA,NA,NA,NA
Tonga,2016,TON,105721,NA,0.607,NA,NA,NA,NA,NA,NA,NA,NA,NA,NA,NA,NA,NA,NA,NA,NA,NA,NA,NA,NA,NA,NA,NA,NA
Tonga,2017,TON,105430,NA,0.72,NA,NA,NA,NA,NA,NA,NA,NA,NA,NA,NA,NA,NA,NA,NA,NA,NA,NA,NA,NA,NA,NA,NA,NA
Tonga,2018,TON,105167,NA,0.629,NA,NA,NA,NA,NA,NA,NA,NA,NA,NA,NA,NA,NA,NA,NA,NA,NA,NA,NA,NA,NA,NA,NA,NA
Tonga,2019,TON,104965,NA,0.72,NA,NA,NA,NA,NA,NA,NA,NA,NA,NA,NA,NA,NA,NA,NA,NA,NA,NA,NA,NA,NA,NA,NA,NA
Tonga,2020,TON,105265,NA,0.689,NA,NA,NA,NA,NA,NA,NA,NA,NA,NA,NA,NA,NA,NA,NA,NA,NA,NA,NA,NA,NA,NA,NA,NA
Tonga,2021,TON,106034,NA,0.71,NA,NA,NA,NA,NA,NA,NA,NA,NA,NA,NA,NA,NA,NA,NA,NA,NA,NA,NA,NA,NA,NA,NA,NA
Tonga,2022,TON,106867,NA,NA,NA,NA,NA,NA,NA,NA,NA,NA,NA,NA,NA,NA,NA,NA,NA,NA,NA,NA,NA,NA,NA,NA,NA,NA
Trinidad and Tobago,2015,TTO,1460180,45435797504,221.636,221.619,0,25.572,196.048,0.017,0,0.017,0,0.017,0,NA,0,99.9923297659225,0,11.537836813514051,88.4549441426483,0.007670234077496436,0,0.007670234077496436,0,0.007670234077496436,0,NA,0
Trinidad and Tobago,2016,TTO,1469334,42362515456,195.773,195.756,0,26.311,169.445,0.017,0,0.017,0,0.017,0,NA,0,99.99131647367105,0,13.439544778902096,86.55177169476895,0.008683526328962625,0,0.008683526328962625,0,0.008683526328962625,0,NA,0
Trinidad and Tobago,2017,TTO,1478616,40368513024,207.067,207.05,0,23.557,183.493,0.017,0,0.017,0,0.017,0,NA,0,99.99179009692514,0,11.376510984367377,88.61527911255777,0.00820990307485017,0,0.00820990307485017,0,0.00820990307485017,0,NA,0
Trinidad and Tobago,2018,TTO,1504707,40016904192,194.039,194.022,0,20.275,173.747,0.017,0,0.017,0,0.016,0,NA,0,99.99123887465922,0,10.448930369667954,89.54230850499127,0.008761125340782008,0,0.008761125340782008,0,0.00824576502661836,0,NA,0
Trinidad and Tobago,2019,TTO,1519960,40060923904,195.203,195.187,0,20.454,174.733,0.016,0,0.016,0,0.016,0,NA,0,99.9918034046608,0,10.47832256676383,89.51348083789696,0.008196595339210976,0,0.008196595339210976,0,0.008196595339210976,0,NA,0
Trinidad and Tobago,2020,TTO,1518142,36985044992,169.343,169.327,0,17.47,151.856,0.016,0,0.016,0,0.016,0,NA,0,99.99055172047265,0,10.316340208925082,89.67362099407711,0.009448279527349817,0,0.009448279527349817,0,0.009448279527349817,0,NA,0
Trinidad and Tobago,2021,TTO,1525671,36605214720,173.124,173.108,0,17.052,156.056,0.016,0,0.016,0,0.016,0,NA,0,99.9907580693607,0,9.84958757884522,90.14117049051548,0.009241930639310551,0,0.009241930639310551,0,0.009241930639310551,0,NA,0
Trinidad and Tobago,2022,TTO,1531043,37513383936,173.056,173.04,0,18.34,154.7,0.016,0,0.016,0,0.016,0,NA,0,99.99075443786981,0,10.597725591715976,89.39302884615384,0.009245562130177515,0,0.009245562130177515,0,0.009245562130177515,0,NA,0
Tunisia,2015,TUN,11557779,123069145088,112.222,NA,NA,NA,NA,NA,0,NA,NA,NA,NA,NA,NA,NA,NA,NA,NA,NA,0,NA,NA,NA,NA,NA,NA
Tunisia,2016,TUN,11685666,124443820032,112.016,NA,NA,NA,NA,NA,0,NA,NA,NA,NA,NA,NA,NA,NA,NA,NA,NA,0,NA,NA,NA,NA,NA,NA
Tunisia,2017,TUN,11811441,127228887040,118.583,NA,NA,NA,NA,NA,0,NA,NA,NA,NA,NA,NA,NA,NA,NA,NA,NA,0,NA,NA,NA,NA,NA,NA
Tunisia,2018,TUN,11933040,130568642560,121.82,NA,NA,NA,NA,NA,0,NA,NA,NA,NA,NA,NA,NA,NA,NA,NA,NA,0,NA,NA,NA,NA,NA,NA
Tunisia,2019,TUN,12049319,132642062336,122.037,NA,NA,NA,NA,NA,0,NA,NA,NA,NA,NA,NA,NA,NA,NA,NA,NA,0,NA,NA,NA,NA,NA,NA
Tunisia,2020,TUN,12161720,120945696768,112.991,NA,NA,NA,NA,NA,0,NA,NA,NA,NA,NA,NA,NA,NA,NA,NA,NA,0,NA,NA,NA,NA,NA,NA
Tunisia,2021,TUN,12262949,126273347584,116.794,NA,NA,NA,NA,NA,0,NA,NA,NA,NA,NA,NA,NA,NA,NA,NA,NA,0,NA,NA,NA,NA,NA,NA
Tunisia,2022,TUN,12356116,129457963008,NA,NA,NA,NA,NA,NA,0,NA,NA,NA,NA,NA,NA,NA,NA,NA,NA,NA,NA,NA,NA,NA,NA,NA,NA
Turkey,2015,TUR,79646176,1727192891392,1589.021,1362.281,404.026,498.664,459.59,226.741,0,226.741,180.822,0.523,31.38,1.205,12.811,85.73083678566866,25.426095690365326,31.38183825135099,28.92283991212199,14.269226146161696,0,14.269226146161696,11.379459428163631,0.032913347274831486,1.974800836489889,0.07583285557585456,0.8062196786574879
Turkey,2016,TUR,81019400,1784590368768,1669.239,1426.137,447.26,533.831,445.046,243.102,0,243.102,179.98,2.792,41.54,1.194,17.597,85.43635752579468,26.794245761092327,31.98050129430237,26.66161047039998,14.563642474205313,0,14.563642474205313,10.782158816083257,0.16726184806369848,2.4885591577958577,0.0715296012134871,1.054192958587716
Turkey,2017,TUR,82089824,1918472159232,1787.342,1553.371,458.912,578.778,515.681,233.97,0,233.97,154.936,7.689,47.647,1.269,22.428,86.90955620133136,25.675668114999812,32.38205111276969,28.851836973561863,13.09038784966727,0,13.09038784966727,8.668514475685123,0.4301918715052855,2.6658020680988863,0.07099928273380247,1.2548242026428071
Turkey,2018,TUR,82809304,1975637639168,1787.873,1526.927,475.22,579.382,472.325,260.945,0,260.945,158.581,20.636,52.78,1.624,27.324,85.40466800494218,26.580187742641677,32.406216772667854,26.418263489632654,14.595276062673355,0,14.595276062673355,8.86981345990459,1.154220685697474,2.9521112517499843,0.09083419236153799,1.5282964729597683
Turkey,2019,TUR,83481688,1991116587008,1849.167,1497.671,487.526,576.531,433.613,351.496,0,351.496,234.134,24.382,57.282,1.809,33.888,80.9916573246224,26.3646279649161,31.177876308629777,23.449098972672562,19.008342675377616,0,19.008342675377616,12.661593030807925,1.318539645148329,3.0977191351565327,0.0978278327484754,1.8326089531124012
Turkey,2020,TUR,84135432,2029749403648,1821.776,1482.043,472.367,547.577,462.099,339.733,0,339.733,205.098,28.758,65.206,1.162,39.509,81.35154925742792,25.92892869375818,30.057317694381748,25.36530286928799,18.648450742572084,0,18.648450742572084,11.258134918892333,1.5785694838443363,3.5792545296457963,0.06378391196283187,2.1687078982267853
Turkey,2021,TUR,84775408,2260196130816,1951.151,1637.03,482.322,581.605,573.104,314.121,0,314.121,146.342,36.484,82.26,1.287,47.748,83.90073346450376,24.719870476452105,29.808302894035364,29.37261134581588,16.099266535496227,0,16.099266535496227,7.5002908539626105,1.869870655833403,4.215973033353134,0.06596106605793196,2.4471709262891492
Turkey,2022,TUR,85341248,2385996414976,1972.118,1607.618,488.702,606.453,512.464,364.5,0,364.5,174.163,44.028,91.107,1.565,53.636,81.51733314132319,24.780565868776616,30.75135463496606,25.985463344485478,18.482666858676815,0,18.482666858676815,8.831266688910096,2.2325236116702953,4.619753990379886,0.07935630626564942,2.719715554545925
Turkmenistan,2015,TKM,5766427,93346144256,322.797,NA,NA,68.911,253.863,0.023,0,0.023,0.008,0.014,0,NA,0,NA,NA,21.348091834806393,78.6447829440794,0.007125221114198706,0,0.007125221114198706,0.0024783377788517237,0.0043370911129905175,0,NA,0
Turkmenistan,2016,TKM,5868568,92434153472,349.101,NA,NA,97.923,251.15,0.027,0,0.027,0.008,0.019,0,NA,0,NA,NA,28.050048553284007,71.94193084522817,0.007734151434685091,0,0.007734151434685091,0.0022916004250918788,0.005442551009593212,0,NA,0
Turkmenistan,2017,TKM,5968388,96785031168,324.881,NA,NA,77.265,247.589,0.027,0,0.027,0.008,0.019,0,NA,0,NA,NA,23.782554227547937,76.20913503713668,0.008310735315392406,0,0.008310735315392406,0.002462440093449602,0.005848295221942804,0,NA,0
Turkmenistan,2018,TKM,6065072,97638670336,366.506,NA,NA,82.556,283.923,0.027,0,0.027,0.008,0.018,0,NA,0,NA,NA,22.525142835315112,77.46749030029522,0.007366864389668928,0,0.007366864389668928,0.002182774633975979,0.004911242926445952,0,NA,0
Turkmenistan,2019,TKM,6158424,94329708544,349.909,NA,NA,72.412,277.47,0.027,0,0.027,0.008,0.018,0,NA,0,NA,NA,20.694523433235503,79.29776027481432,0.007716291950192765,0,0.007716291950192765,0.0022863087259830414,0.005144194633461842,0,NA,0
Turkmenistan,2020,TKM,6250442,91559231488,439.797,NA,NA,97.238,342.532,0.027,0,0.027,0.008,0.018,0,NA,0,NA,NA,22.10974608739941,77.88411471656241,0.006139196038172156,0,0.006139196038172156,0.0018190210483473054,0.004092797358781437,0,NA,0
Turkmenistan,2021,TKM,6341850,95789277184,443.098,NA,NA,75.489,367.582,0.026,0,0.026,0.008,0.018,0,NA,0,NA,NA,17.036637493285912,82.9572690465766,0.005867776428690718,0,0.005867776428690718,0.001805469670366375,0.004062306758324343,0,NA,0
Turkmenistan,2022,TKM,6430777,97502945280,452.809,NA,NA,77.418,375.364,0.026,0,0.026,0.008,0.018,0,NA,0,NA,NA,17.097275009993176,82.89676221099845,0.005741935341391182,0,0.005741935341391182,0.0017667493358126717,0.003975186005578511,0,NA,0
Turks and Caicos Islands,2015,TCA,36556,NA,0.853,NA,NA,NA,NA,NA,NA,NA,NA,NA,NA,NA,NA,NA,NA,NA,NA,NA,NA,NA,NA,NA,NA,NA,NA
Turks and Caicos Islands,2016,TCA,38267,NA,0.882,NA,NA,NA,NA,NA,NA,NA,NA,NA,NA,NA,NA,NA,NA,NA,NA,NA,NA,NA,NA,NA,NA,NA,NA
Turks and Caicos Islands,2017,TCA,39865,NA,0.955,NA,NA,NA,NA,NA,NA,NA,NA,NA,NA,NA,NA,NA,NA,NA,NA,NA,NA,NA,NA,NA,NA,NA,NA
Turks and Caicos Islands,2018,TCA,41516,NA,0.958,NA,NA,NA,NA,NA,NA,NA,NA,NA,NA,NA,NA,NA,NA,NA,NA,NA,NA,NA,NA,NA,NA,NA,NA
Turks and Caicos Islands,2019,TCA,43104,NA,0.987,NA,NA,NA,NA,NA,NA,NA,NA,NA,NA,NA,NA,NA,NA,NA,NA,NA,NA,NA,NA,NA,NA,NA,NA
Turks and Caicos Islands,2020,TCA,44297,NA,0.832,NA,NA,NA,NA,NA,NA,NA,NA,NA,NA,NA,NA,NA,NA,NA,NA,NA,NA,NA,NA,NA,NA,NA,NA
Turks and Caicos Islands,2021,TCA,45141,NA,0.885,NA,NA,NA,NA,NA,NA,NA,NA,NA,NA,NA,NA,NA,NA,NA,NA,NA,NA,NA,NA,NA,NA,NA,NA
Turks and Caicos Islands,2022,TCA,45726,NA,NA,NA,NA,NA,NA,NA,NA,NA,NA,NA,NA,NA,NA,NA,NA,NA,NA,NA,NA,NA,NA,NA,NA,NA,NA
Tuvalu,2015,TUV,10896,NA,NA,NA,NA,NA,NA,NA,NA,NA,NA,NA,NA,NA,NA,NA,NA,NA,NA,NA,NA,NA,NA,NA,NA,NA,NA
Tuvalu,2016,TUV,10876,NA,NA,NA,NA,NA,NA,NA,NA,NA,NA,NA,NA,NA,NA,NA,NA,NA,NA,NA,NA,NA,NA,NA,NA,NA,NA
Tuvalu,2017,TUV,10850,NA,NA,NA,NA,NA,NA,NA,NA,NA,NA,NA,NA,NA,NA,NA,NA,NA,NA,NA,NA,NA,NA,NA,NA,NA,NA
Tuvalu,2018,TUV,10883,NA,NA,NA,NA,NA,NA,NA,NA,NA,NA,NA,NA,NA,NA,NA,NA,NA,NA,NA,NA,NA,NA,NA,NA,NA,NA
Tuvalu,2019,TUV,10983,NA,NA,NA,NA,NA,NA,NA,NA,NA,NA,NA,NA,NA,NA,NA,NA,NA,NA,NA,NA,NA,NA,NA,NA,NA,NA
Tuvalu,2020,TUV,11090,NA,NA,NA,NA,NA,NA,NA,NA,NA,NA,NA,NA,NA,NA,NA,NA,NA,NA,NA,NA,NA,NA,NA,NA,NA,NA
Tuvalu,2021,TUV,11229,NA,NA,NA,NA,NA,NA,NA,NA,NA,NA,NA,NA,NA,NA,NA,NA,NA,NA,NA,NA,NA,NA,NA,NA,NA,NA
Uganda,2015,UGA,37477356,76356050944,26.524,NA,NA,NA,NA,NA,NA,NA,NA,NA,NA,NA,NA,NA,NA,NA,NA,NA,NA,NA,NA,NA,NA,NA,NA
Uganda,2016,UGA,38748308,76477464576,29.645,NA,NA,NA,NA,NA,NA,NA,NA,NA,NA,NA,NA,NA,NA,NA,NA,NA,NA,NA,NA,NA,NA,NA,NA
Uganda,2017,UGA,40127096,81700872192,32.298,NA,NA,NA,NA,NA,NA,NA,NA,NA,NA,NA,NA,NA,NA,NA,NA,NA,NA,NA,NA,NA,NA,NA,NA
Uganda,2018,UGA,41515400,86196043776,34.923,NA,NA,NA,NA,NA,NA,NA,NA,NA,NA,NA,NA,NA,NA,NA,NA,NA,NA,NA,NA,NA,NA,NA,NA
Uganda,2019,UGA,42949076,92903833600,34.859,NA,NA,NA,NA,NA,NA,NA,NA,NA,NA,NA,NA,NA,NA,NA,NA,NA,NA,NA,NA,NA,NA,NA,NA
Uganda,2020,UGA,44404608,91695153152,34.032,NA,NA,NA,NA,NA,NA,NA,NA,NA,NA,NA,NA,NA,NA,NA,NA,NA,NA,NA,NA,NA,NA,NA,NA
Uganda,2021,UGA,45853780,97200521216,35.163,NA,NA,NA,NA,NA,NA,NA,NA,NA,NA,NA,NA,NA,NA,NA,NA,NA,NA,NA,NA,NA,NA,NA,NA
Uganda,2022,UGA,47249588,101995421696,NA,NA,NA,NA,NA,NA,NA,NA,NA,NA,NA,NA,NA,NA,NA,NA,NA,NA,NA,NA,NA,NA,NA,NA,NA
Ukraine,2015,UKR,44982568,398045413376,1003.408,757.371,318.011,119.474,319.887,246.037,226.444,19.593,14.532,1.283,2.92,0.395,0.463,75.47986462137037,31.69308994945227,11.906821552150273,31.880052780125332,24.520135378629632,22.567489994100107,1.9526453845295233,1.4482643152137515,0.12786423867459695,0.29100824390477253,0.0393658412131456,0.04614274552325674
Ukraine,2016,UKR,44833568,407666196480,1049.995,816.763,377.393,125.162,314.208,233.232,207.95,25.282,20.548,1.314,2.553,0.432,0.434,77.78732279677524,35.942361630293476,11.92024723927257,29.924713927209183,22.21267720322478,19.80485621360102,2.4078209896237603,1.9569616998176182,0.12514345306406222,0.24314401497149987,0.041143053062157445,0.04133353015966743
Ukraine,2017,UKR,44657260,417287110656,975.331,727.248,299.554,125.789,301.905,248.082,218.541,29.541,23.812,1.921,2.617,0.521,0.67,74.56422486314904,30.713060489208278,12.897057511757549,30.954106862183195,25.435672607555794,22.406854698558746,3.028817908997048,2.4414275768944083,0.1969587760462858,0.2683191654935606,0.05341776279027326,0.0686946277725203
Ukraine,2018,UKR,44446952,431842099200,1011.989,762.677,326.28,130.707,305.691,249.312,214.272,35.039,27.589,2.93,3.144,0.417,0.959,75.36415909659097,32.241457169989,12.915851852144636,30.206948889760653,24.63584090340903,21.173352674782038,3.4623894133236623,2.7262154035271133,0.28952883875219987,0.3106753136644766,0.041205981487941065,0.09476387589193162
Ukraine,2019,UKR,44211100,445656694784,957.663,715.21,303.264,128.969,282.977,242.453,209.953,32.501,17.156,7.731,5.325,0.99,1.299,74.68284772409501,31.667089571174827,13.467054694605512,29.54870345831467,25.31715227590499,21.923474123987248,3.3937825727839535,1.791444380747716,0.807277716691571,0.5560411125834454,0.10337665755072503,0.1356427052104968
Ukraine,2020,UKR,43909664,428931219456,918.452,680.882,265.711,121.784,293.387,237.569,192.044,45.525,19.865,14.101,8.573,0.575,2.411,74.13365096923954,28.93030882397774,13.259702194562156,31.943639950699655,25.86624015190778,20.90953038373263,4.956709768175147,2.162878408452483,1.5353007016153268,0.9334184040102259,0.06260534028996616,0.2625069138071451
Ukraine,2021,UKR,43531424,443313258496,934.717,660.588,264.882,123.14,272.566,274.128,216.458,57.671,27.261,17.02,9.853,0.623,2.914,70.67251371270662,28.33820289991516,13.174040912918027,29.160269899873438,29.327379303040384,23.157597433233803,6.169888854059571,2.91649772070049,1.8208719858524025,1.0541158446888201,0.0666511896114011,0.3117521132064572
Ukraine,2022,UKR,39701744,309166669824,646.065,441.222,151.27,107.295,182.657,204.842,155.281,49.561,28.927,13.557,4.047,0.553,2.477,68.29374753314295,23.414052765588604,16.60746209746697,28.272232670087373,31.706097683669597,24.034888130451268,7.671209553218329,4.477413263371332,2.098395672262079,0.626407559610875,0.08559510265994909,0.38339795531409376
United Arab Emirates,2015,ARE,8916909,674742730752,1227.789,1226.979,19.942,492.332,714.705,NA,0,NA,NA,0.805,0.004,NA,0,99.93402775232553,1.6242204483017848,40.099072397618805,58.21073490640494,NA,0,NA,NA,0.06556501157772224,3.2578887740483095e-4,NA,0
United Arab Emirates,2016,ARE,8994266,712265105408,1276.312,1275.467,21.406,534.751,719.31,NA,0,NA,NA,0.846,0,NA,0,99.93379361786148,1.6771761136775334,41.89814089344925,56.35847661073468,NA,0,NA,NA,0.0662847328866296,0,NA,0
United Arab Emirates,2017,ARE,9068297,717500186624,1215.444,1213.462,24.76,532.15,656.552,NA,0,NA,NA,1.983,0,NA,0,99.83693201825835,2.0371156548553455,43.782354431796115,54.01746193160689,NA,0,NA,NA,0.16315025620267162,0,NA,0
United Arab Emirates,2018,ARE,9140172,726928195584,1150.513,1147.343,22.332,529.368,595.643,NA,0,NA,NA,3.17,0,NA,0,99.72447073609774,1.9410471676547767,46.011474881205174,51.77194868723779,NA,0,NA,NA,0.27552926390227667,0,NA,0
United Arab Emirates,2019,ARE,9211660,734982504448,1219.067,1209.43,20.668,516.871,671.891,NA,0,NA,NA,9.637,0,NA,0,99.20947741182397,1.6953949208698127,42.39890014248601,55.115182348468124,NA,0,NA,NA,0.7905225881760396,0,NA,0
United Arab Emirates,2020,ARE,9287286,698549469184,1204.676,1186.957,24.736,483.562,678.658,NA,4.1,NA,NA,13.616,0,NA,0.003,98.52914808629045,2.0533321822631145,40.14041949868678,56.33531339546899,NA,0.3403404732890835,NA,NA,1.130262410805893,0,NA,2.4902961460176846e-4
United Arab Emirates,2021,ARE,9365149,725904654336,1246.315,1203.467,30.154,517.914,655.399,NA,26.486,NA,NA,16.36,0,NA,0.001,96.56202484925561,2.41945254610592,41.55562598540497,52.58694631774471,NA,2.1251449272455196,NA,NA,1.3126697504242506,0,NA,8.023653731199577e-5
United Arab Emirates,2022,ARE,9441138,779701518336,1355.694,1285.167,27.893,595.798,661.476,NA,50.298,NA,NA,20.188,0,NA,0.041,94.79771983943279,2.057470196076696,43.94782303381147,48.792426609544634,NA,3.71012927696073,NA,NA,1.4891266023158618,0,NA,0.003024281290615729
United Kingdom,2015,GBR,65224368,2426435796992,2281.359,1849.654,277.323,851.876,720.455,431.705,181.783,249.922,16.958,20.286,108.459,10.819,93.401,81.07684936916986,12.156043831768695,37.3407254184896,31.58008011891158,18.923150630830133,7.968189136387566,10.954961494442566,0.7433288666974377,0.8892068280353947,4.7541399665725566,0.4742348749144699,4.0940947917447446
United Kingdom,2016,GBR,65655204,2478973124608,2243.545,1810.635,141.172,870.479,798.983,432.91,184.255,248.655,14.377,27.862,99.477,10.963,95.975,80.704198043721,6.292363201986142,38.79926633965443,35.61252392976294,19.295801956279014,8.21267235558012,11.083129600698893,0.6408162082775252,1.2418739093711069,4.433920425041619,0.48864631643225337,4.277828169258918
United Kingdom,2017,GBR,66064808,2539548573696,2249.076,1778.548,114.227,882.034,782.288,470.528,179.622,290.906,15.653,30.491,132.11,10.827,101.826,79.079052908839,5.078841266368945,39.21761647894513,34.78263962622873,20.920947091160993,7.986479781030077,12.934467310130914,0.6959747025000489,1.3557123014073336,5.873967798331405,0.48139769398633037,4.527459276609594
United Kingdom,2018,GBR,66432996,2582848208896,2246.802,1756.137,96.415,871.235,788.487,490.665,165.186,325.479,14.401,33.517,150.562,14.917,112.081,78.16162705926021,4.291210351423935,38.77667012936609,35.093746578470196,21.83837294073977,7.352049713325874,14.486323227413896,0.6409554557989533,1.4917647393940365,6.701169039372405,0.6639214314389964,4.988468053704777
United Kingdom,2019,GBR,66778660,2624285048832,2199.069,1701.406,68.913,853.756,778.738,497.662,142.116,355.546,15.639,32.734,168.267,19.071,119.836,77.36937767755354,3.1337352306817112,38.823520317006874,35.41216760365409,22.63057684865732,6.462553016753909,16.16802383190341,0.7111645882871341,1.4885390135552818,7.651738076431435,0.8672306325995228,5.449396994819171
United Kingdom,2020,GBR,67059472,2334803886080,1971.188,1451.432,62.786,657.192,731.454,519.755,126.71,393.045,18.039,32.839,197.969,18.022,126.175,73.63234759951867,3.185185786439446,33.33989452046177,37.10726729261744,26.36760166965302,6.428103255498714,19.939498414154308,0.9151334119322967,1.6659496709598474,10.043131350231434,0.914270987850981,6.400962262351434
United Kingdom,2021,GBR,67281040,2512190177280,1990.958,1515.129,64.242,681.619,769.267,475.829,115.263,360.567,14.126,31.598,169.203,17.785,127.855,76.10050036213721,3.2266878557960537,34.23572973412799,38.63803254513656,23.899499637862778,5.789323531686756,18.110226333252637,0.7095076842404511,1.5870751668292347,8.498572044211882,0.8932885575687683,6.421782880402299
United Kingdom,2022,GBR,67508936,2615230595072,2018.845,1503.479,58.387,736.121,708.97,515.367,119.393,395.973,14.705,34.63,209.241,23.016,114.381,74.47223536229875,2.8920991953319843,36.4624822608967,35.11760437279732,25.527814170973993,5.913926031963821,19.61383860573744,0.7283867756068445,1.715337234904116,10.364391520894372,1.1400578053292847,5.665665269002821
United States,2015,USA,324607776,16937634496512,25747.426,21655.984,4329.078,9891.111,7435.795,4091.442,2168.462,1922.98,663.691,106.174,518.788,377.211,257.115,84.10931640312317,16.81363410851244,38.41592165368298,28.87976064092776,15.890683596876832,8.422053528768274,7.468630068108556,2.577698446438879,0.4123674343213959,2.0149120925718944,1.46504353483723,0.9986046760557735
United States,2016,USA,327210208,17220065296384,25727.051,21417.207,3960.741,9965.476,7490.989,4309.845,2178.659,2131.185,706.105,148.362,613.806,409.229,253.683,83.24781180711305,15.395239042360508,38.73539956056371,29.117169317229557,16.752192079846232,8.468358849212839,8.283829343674096,2.744601392518715,0.5766770548245114,2.3858389366118957,1.590656465056955,0.9860554946620195
United States,2017,USA,329791232,17606123716608,25823.844,21315.105,3852.593,10062.591,7399.922,4508.74,2163.843,2344.897,789.888,207.734,683.609,410.054,253.612,82.54040335745522,14.91874331335025,38.96627860670162,28.655385309793534,17.459600514934955,8.37924439134623,9.080356123588725,3.0587545370859583,0.8044271023322477,2.6472007807977773,1.5878890842122497,0.9820846191604936
United States,2018,USA,332140032,18124692783104,26768.986,22212.854,3689.458,10303.762,8219.633,4556.134,2156.894,2399.24,765.977,249.513,728.691,404.621,250.438,82.97981103953657,13.78258406948997,38.49141689565679,30.705806338723473,17.02019643179611,8.057436318282656,8.96276011351345,2.8614344973694554,0.9320973159013195,2.7221464421551116,1.5115290508202288,0.9355528072673354
United States,2019,USA,334319680,18540551733248,26578.494,21948.141,3150.46,10287.683,8509.999,4630.352,2155.132,2475.22,752.485,284.616,787.816,415.87,234.433,82.57857273628822,11.853418030382008,38.706794297675415,32.01836417067122,17.421423501271367,8.108555736829935,9.31286776444143,2.8311799758105183,1.0708507412045243,2.964110758118952,1.564686095457478,0.8820401938499601
United States,2020,USA,335942016,18027359764480,24622.646,19936.998,2556.181,9035.32,8345.496,4685.649,2095.404,2590.245,742.663,346.779,896.488,378.321,225.994,80.97016868130257,10.381422857640889,36.695162656361134,33.8935791059986,19.029835379999373,8.510068333029682,10.519767046969687,3.0161786836394433,1.4083742259056966,3.640908454761523,1.5364758117385109,0.917829870924514
United States,2021,USA,336997632,19099377729536,25956.828,21170.129,2936.894,9868.985,8364.249,4786.699,2060.685,2726.014,651.455,434.585,999.615,415.839,224.519,81.55899865730898,11.314533501551113,38.020766636046595,32.22369466716041,18.441001342691024,7.938893766218276,10.50210757647275,2.509763519641152,1.674260814919296,3.8510676265990593,1.6020408965224873,0.8649708662398965
United States,2022,USA,338289856,19493170446336,26504.305,21479.43,2752.975,9930.587,8795.866,5024.875,2031.819,2993.056,655.104,540.069,1143.709,437.593,216.581,81.04128744368133,10.386897524760599,37.467826453098844,33.18655591987792,18.95871255631868,7.665996146663721,11.29271640965496,2.471689033158953,2.0376652019360626,4.315182005338379,1.651026125755797,0.8171540434657689
United States Virgin Islands,2015,VIR,102808,NA,12.055,NA,NA,NA,NA,NA,NA,NA,NA,NA,NA,NA,NA,NA,NA,NA,NA,NA,NA,NA,NA,NA,NA,NA,NA
United States Virgin Islands,2016,VIR,102330,NA,9.98,NA,NA,NA,NA,NA,NA,NA,NA,NA,NA,NA,NA,NA,NA,NA,NA,NA,NA,NA,NA,NA,NA,NA,NA
United States Virgin Islands,2017,VIR,101860,NA,9.937,NA,NA,NA,NA,NA,NA,NA,NA,NA,NA,NA,NA,NA,NA,NA,NA,NA,NA,NA,NA,NA,NA,NA,NA
United States Virgin Islands,2018,VIR,101377,NA,9.955,NA,NA,NA,NA,NA,NA,NA,NA,NA,NA,NA,NA,NA,NA,NA,NA,NA,NA,NA,NA,NA,NA,NA,NA
United States Virgin Islands,2019,VIR,100837,NA,9.954,NA,NA,NA,NA,NA,NA,NA,NA,NA,NA,NA,NA,NA,NA,NA,NA,NA,NA,NA,NA,NA,NA,NA,NA
United States Virgin Islands,2020,VIR,100452,NA,9.299,NA,NA,NA,NA,NA,NA,NA,NA,NA,NA,NA,NA,NA,NA,NA,NA,NA,NA,NA,NA,NA,NA,NA,NA
United States Virgin Islands,2021,VIR,100100,NA,9.807,NA,NA,NA,NA,NA,NA,NA,NA,NA,NA,NA,NA,NA,NA,NA,NA,NA,NA,NA,NA,NA,NA,NA,NA
United States Virgin Islands,2022,VIR,99479,NA,NA,NA,NA,NA,NA,NA,NA,NA,NA,NA,NA,NA,NA,NA,NA,NA,NA,NA,NA,NA,NA,NA,NA,NA,NA
Uruguay,2015,URY,3402820,64470831104,66.683,NA,NA,NA,NA,NA,NA,NA,NA,NA,NA,NA,NA,NA,NA,NA,NA,NA,NA,NA,NA,NA,NA,NA,NA
Uruguay,2016,URY,3413768,65560387584,67.641,NA,NA,NA,NA,NA,NA,NA,NA,NA,NA,NA,NA,NA,NA,NA,NA,NA,NA,NA,NA,NA,NA,NA,NA
Uruguay,2017,URY,3422205,66627710976,65.31,NA,NA,NA,NA,NA,NA,NA,NA,NA,NA,NA,NA,NA,NA,NA,NA,NA,NA,NA,NA,NA,NA,NA,NA
Uruguay,2018,URY,3427044,66946183168,66.96,NA,NA,NA,NA,NA,NA,NA,NA,NA,NA,NA,NA,NA,NA,NA,NA,NA,NA,NA,NA,NA,NA,NA,NA
Uruguay,2019,URY,3428412,67180494848,68.517,NA,NA,NA,NA,NA,NA,NA,NA,NA,NA,NA,NA,NA,NA,NA,NA,NA,NA,NA,NA,NA,NA,NA,NA
Uruguay,2020,URY,3429087,63072415744,60.46,NA,NA,NA,NA,NA,NA,NA,NA,NA,NA,NA,NA,NA,NA,NA,NA,NA,NA,NA,NA,NA,NA,NA,NA
Uruguay,2021,URY,3426265,65848856576,62.759,NA,NA,NA,NA,NA,NA,NA,NA,NA,NA,NA,NA,NA,NA,NA,NA,NA,NA,NA,NA,NA,NA,NA,NA
Uruguay,2022,URY,3422796,69066227712,NA,NA,NA,NA,NA,NA,NA,NA,NA,NA,NA,NA,NA,NA,NA,NA,NA,NA,NA,NA,NA,NA,NA,NA,NA
Uzbekistan,2015,UZB,30949416,273983635456,538.711,522.498,14.785,44.269,463.444,16.213,0,16.213,16.213,0,0,NA,0,96.99040858642203,2.7445142200549086,8.217578627501574,86.02831573886556,3.009591413577967,0,3.009591413577967,3.009591413577967,0,0,NA,0
Uzbekistan,2016,UZB,31453576,290236366848,522.397,504.021,17.465,53.287,433.269,18.376,0,18.376,18.364,0.012,0,NA,0,96.48236877317441,3.343242782787803,10.200479711790074,82.93864627859654,3.5176312268255754,0,3.5176312268255754,3.515334123281719,0.0022971035438564924,0,NA,0
Uzbekistan,2017,UZB,31945680,302992228352,535.031,513.912,16.492,49.599,447.821,21.12,0,21.12,21.103,0.017,0,NA,0,96.05275208352415,3.082438213860506,9.27030396369556,83.70000990596807,3.947434821533706,0,3.947434821533706,3.944257435550464,0.003177385983242093,0,NA,0
Uzbekistan,2018,UZB,32449578,320808189952,540.088,524.467,23.624,56.867,443.976,15.621,0,15.621,15.603,0.018,0,NA,0,97.10769356104932,4.374101998192887,10.52921005465776,82.20438150819867,2.8923064389506896,0,2.8923064389506896,2.888973648738724,0.0033327902119654573,0,NA,0
Uzbekistan,2019,UZB,32976946,339998932992,542.106,525.013,20.913,58.118,445.982,17.093,0,17.093,17.034,0.018,0.041,NA,0,96.84692661582791,3.857732620557603,10.720781544568775,82.26841245070153,3.153073384172099,0,3.153073384172099,3.1421899038195478,0.0033203838363714843,0.007563096516179493,NA,0
Uzbekistan,2020,UZB,33526662,346785284096,539.976,526.828,28.659,62.331,435.838,13.147,0,13.147,13.129,0.018,0,NA,0,97.56507696638369,5.3074581092493,11.543290812925019,80.71432804420937,2.434737840200305,0,2.434737840200305,2.431404358712239,0.003333481488066136,0,NA,0
Uzbekistan,2021,UZB,34081452,372457832448,565.774,552.533,25.811,61.463,465.259,13.241,0,13.241,13.11,0.128,0.003,NA,0,97.65966622715078,4.562068953327654,10.86352501175381,82.23407226206932,2.3403337728492293,0,2.3403337728492293,2.317179651238834,0.022623874550615618,5.302470597800536e-4,NA,0
Uzbekistan,2022,UZB,34627648,393572450304,588.812,574.48,29.677,61.494,483.308,14.331,0,14.331,13.852,0.48,0,NA,0,97.56594634620218,5.040148638275035,10.443740956366378,82.08188691806552,2.433883820302575,0,2.433883820302575,2.3525335760820094,0.08152007771580742,0,NA,0
Vanuatu,2015,VUT,276450,NA,0.687,NA,NA,NA,NA,NA,NA,NA,NA,NA,NA,NA,NA,NA,NA,NA,NA,NA,NA,NA,NA,NA,NA,NA,NA
Vanuatu,2016,VUT,283239,NA,0.693,NA,NA,NA,NA,NA,NA,NA,NA,NA,NA,NA,NA,NA,NA,NA,NA,NA,NA,NA,NA,NA,NA,NA,NA
Vanuatu,2017,VUT,290250,NA,0.772,NA,NA,NA,NA,NA,NA,NA,NA,NA,NA,NA,NA,NA,NA,NA,NA,NA,NA,NA,NA,NA,NA,NA,NA
Vanuatu,2018,VUT,297307,NA,0.995,NA,NA,NA,NA,NA,NA,NA,NA,NA,NA,NA,NA,NA,NA,NA,NA,NA,NA,NA,NA,NA,NA,NA,NA
Vanuatu,2019,VUT,304414,NA,0.96,NA,NA,NA,NA,NA,NA,NA,NA,NA,NA,NA,NA,NA,NA,NA,NA,NA,NA,NA,NA,NA,NA,NA,NA
Vanuatu,2020,VUT,311694,NA,0.911,NA,NA,NA,NA,NA,NA,NA,NA,NA,NA,NA,NA,NA,NA,NA,NA,NA,NA,NA,NA,NA,NA,NA,NA
Vanuatu,2021,VUT,319146,NA,0.944,NA,NA,NA,NA,NA,NA,NA,NA,NA,NA,NA,NA,NA,NA,NA,NA,NA,NA,NA,NA,NA,NA,NA,NA
Vanuatu,2022,VUT,326744,NA,NA,NA,NA,NA,NA,NA,NA,NA,NA,NA,NA,NA,NA,NA,NA,NA,NA,NA,NA,NA,NA,NA,NA,NA,NA
Venezuela,2015,VEN,30529722,484975443968,969.301,767.636,2.148,395.106,370.382,201.664,0,201.664,201.261,0.015,0.201,NA,0.187,79.19480120210336,0.22160299019602786,40.761951137984994,38.21124707392234,20.805095630768975,0,20.805095630768975,20.763519278325308,0.0015475069147767309,0.020736592658008195,NA,0.019292252870883243
Venezuela,2016,VEN,30741464,402335662080,890.084,721.23,1.783,347.06,372.387,168.854,0,168.854,168.542,0.015,0.262,NA,0.035,81.02943093011447,0.20031817221745365,38.99182549062785,41.837287267269154,18.970569069885542,0,18.970569069885542,18.935516198471156,0.0016852342026145847,0.029435424072334748,NA,0.0039322131394340315
Venezuela,2017,VEN,30563430,339285606400,872.974,686.27,1.504,298.712,386.054,186.704,0,186.704,186.385,0.013,0.255,NA,0.052,78.61287965048214,0.17228462703356573,34.217743025565476,44.2228519978831,21.387120349517854,0,21.387120349517854,21.350578596842514,0.0014891623347316185,0.029210491950504822,NA,0.005956649338926474
Venezuela,2018,VEN,29825652,272599023616,727.872,555.022,1.208,237.623,316.191,172.851,0,172.851,172.718,0.001,0.001,NA,0.131,76.25269278114834,0.16596324628506112,32.64626198012838,43.440467554734894,23.747444605644947,0,23.747444605644947,23.729172162138397,0.00013738679328233538,0.00013738679328233538,NA,0.017997669919985936
Venezuela,2019,VEN,28971686,197170888704,656.968,491.294,0.874,234.658,255.762,165.674,0,165.674,165.511,0.003,0.159,NA,0,74.78202895727037,0.13303539898442543,35.71833026874977,38.93066328953618,25.21797104272963,0,25.21797104272963,25.193160093033452,4.566432459419637e-4,0.024202092034924075,NA,0
Venezuela,2020,VEN,28490458,138029481984,527.86,351.342,0.612,135.119,215.611,176.518,0,176.518,176.46,0.003,0.052,NA,0.002,66.55969385821999,0.11593983253135301,25.59750691471223,40.84624711097639,33.44030614178002,0,33.44030614178002,33.42931837987345,5.683325124085932e-4,0.009851096881748948,NA,3.788883416057288e-4
Venezuela,2021,VEN,28199862,138656120832,604.086,426.502,0.551,145.36,280.591,177.584,0,177.584,177.529,0.003,0.05,NA,0.002,70.60286118201714,0.09121217839843997,24.062799005439626,46.44884999817907,29.39713881798287,0,29.39713881798287,29.388034154077395,4.96618031207477e-4,0.008276967186791285,NA,3.310786874716514e-4
Venezuela,2022,VEN,28301700,149682061312,650.279,471.614,1.873,179.185,290.555,178.665,0,178.665,178.619,0.003,0.042,NA,0,72.5248700942211,0.2880302147232188,27.555095582050164,44.68159051730103,27.475129905778907,0,27.475129905778907,27.468056019031835,4.6134044002651167e-4,0.006458766160371165,NA,0
Vietnam,2015,VNM,92191400,555822153728,826.473,674.768,305.123,266.775,102.869,151.705,0,151.705,151.138,0.018,0.326,NA,0.223,81.64428844015474,36.918689418771095,32.278731428612915,12.44674659668253,18.355711559845272,0,18.355711559845272,18.287106777837874,0.0021779295875364348,0.03944472475204877,NA,0.0269821276678125
Vietnam,2016,VNM,93126528,593006624768,898.778,726.664,330.179,294.098,102.386,172.114,0,172.114,171.172,0.014,0.538,NA,0.389,80.85022107795251,36.73643547127322,32.72198473927933,11.391689605219531,19.149778922047492,0,19.149778922047492,19.04496994808507,0.001557670525980832,0.05985905306983482,NA,0.04328098818618169
Vietnam,2017,VNM,94033048,634161332224,963.632,733.304,329.915,308.182,95.207,230.328,0,230.328,228.711,0.021,0.931,NA,0.664,76.09792950005811,34.23661729788965,31.98129576435818,9.880016437810283,23.90207049994189,0,23.90207049994189,23.734267853288397,0.002179255151344082,0.09661364504292096,NA,0.06890597240440335
Vietnam,2018,VNM,94914328,681501392896,1083.274,860.56,439.514,324.449,96.596,222.714,0,222.714,219.81,0.058,1.288,NA,1.558,79.4406585960708,40.572745214968705,29.950778842656618,8.917042225697285,20.559341403929203,0,20.559341403929203,20.291265183139267,0.0053541393959423015,0.11889881968920146,NA,0.14382326170479492
Vietnam,2019,VNM,95776712,731653144576,1202.636,1012.627,580.664,333.533,98.43,190.008,0,190.008,174.283,12.7,1.908,NA,1.117,84.20062263228442,48.28260587575958,27.733495421723614,8.18452133480122,15.799294217036577,0,15.799294217036577,14.491749789628782,1.0560136234072486,0.15865149554811264,NA,0.09287930845243282
Vietnam,2020,VNM,96648680,752629579776,1204.393,981.098,609.741,282.963,88.394,223.296,0,223.296,191.37,28.261,2.579,NA,1.085,81.45995534680125,50.62641513193783,23.494241497584262,7.339298717279161,18.54012768257537,0,18.54012768257537,15.889331804485746,2.346493212763608,0.21413276231263384,NA,0.09008687363676142
Vietnam,2021,VNM,97468024,771912040448,1208.554,924.5,579.233,273.278,71.989,284.054,0,284.054,205.862,68.429,8.742,NA,1.022,76.49637500682633,47.92777153523963,22.611980929275813,5.956622542310893,23.503624993173656,0,23.503624993173656,17.033744458253416,5.662055646665354,0.723343764531829,NA,0.08456386723307358
Vietnam,2022,VNM,98186856,833803845632,1244.068,901.975,528.115,295.888,77.972,342.092,0,342.092,250.05,67.134,23.701,NA,1.207,72.50206580347698,42.45065382278139,23.783908918162027,6.267503062533559,27.497853815064772,0,27.497853815064772,20.099383634978153,5.396328818038885,1.9051209419420803,NA,0.0970204201056534
Western Sahara,2015,ESH,491837,NA,1.068,NA,NA,NA,NA,NA,NA,NA,NA,NA,NA,NA,NA,NA,NA,NA,NA,NA,NA,NA,NA,NA,NA,NA,NA
Western Sahara,2016,ESH,505461,NA,1.066,NA,NA,NA,NA,NA,NA,NA,NA,NA,NA,NA,NA,NA,NA,NA,NA,NA,NA,NA,NA,NA,NA,NA,NA
Western Sahara,2017,ESH,518867,NA,1.088,NA,NA,NA,NA,NA,NA,NA,NA,NA,NA,NA,NA,NA,NA,NA,NA,NA,NA,NA,NA,NA,NA,NA,NA
Western Sahara,2018,ESH,532011,NA,1.088,NA,NA,NA,NA,NA,NA,NA,NA,NA,NA,NA,NA,NA,NA,NA,NA,NA,NA,NA,NA,NA,NA,NA,NA
Western Sahara,2019,ESH,544883,NA,1.088,NA,NA,NA,NA,NA,NA,NA,NA,NA,NA,NA,NA,NA,NA,NA,NA,NA,NA,NA,NA,NA,NA,NA,NA
Western Sahara,2020,ESH,556060,NA,1.039,NA,NA,NA,NA,NA,NA,NA,NA,NA,NA,NA,NA,NA,NA,NA,NA,NA,NA,NA,NA,NA,NA,NA,NA
Western Sahara,2021,ESH,565590,NA,1.096,NA,NA,NA,NA,NA,NA,NA,NA,NA,NA,NA,NA,NA,NA,NA,NA,NA,NA,NA,NA,NA,NA,NA,NA
Yemen,2015,YEM,28516552,75305320448,52.388,NA,NA,NA,NA,NA,0,NA,NA,NA,NA,NA,NA,NA,NA,NA,NA,NA,0,NA,NA,NA,NA,NA,NA
Yemen,2016,YEM,29274010,68245442560,41.937,NA,NA,NA,NA,NA,0,NA,NA,NA,NA,NA,NA,NA,NA,NA,NA,NA,0,NA,NA,NA,NA,NA,NA
Yemen,2017,YEM,30034386,64784035840,38.711,NA,NA,NA,NA,NA,0,NA,NA,NA,NA,NA,NA,NA,NA,NA,NA,NA,0,NA,NA,NA,NA,NA,NA
Yemen,2018,YEM,30790514,65271214080,36.047,NA,NA,NA,NA,NA,0,NA,NA,NA,NA,NA,NA,NA,NA,NA,NA,NA,0,NA,NA,NA,NA,NA,NA
Yemen,2019,YEM,31546694,66185011200,46.562,NA,NA,NA,NA,NA,0,NA,NA,NA,NA,NA,NA,NA,NA,NA,NA,NA,0,NA,NA,NA,NA,NA,NA
Yemen,2020,YEM,32284044,60559282176,35.254,NA,NA,NA,NA,NA,0,NA,NA,NA,NA,NA,NA,NA,NA,NA,NA,NA,0,NA,NA,NA,NA,NA,NA
Yemen,2021,YEM,32981644,59953692672,35.621,NA,NA,NA,NA,NA,0,NA,NA,NA,NA,NA,NA,NA,NA,NA,NA,NA,0,NA,NA,NA,NA,NA,NA
Yemen,2022,YEM,33696612,60852994048,NA,NA,NA,NA,NA,NA,0,NA,NA,NA,NA,NA,NA,NA,NA,NA,NA,NA,NA,NA,NA,NA,NA,NA,NA
Zambia,2015,ZMB,16248231,57423949824,50.614,NA,NA,NA,NA,NA,0,NA,NA,NA,NA,NA,NA,NA,NA,NA,NA,NA,0,NA,NA,NA,NA,NA,NA
Zambia,2016,ZMB,16767758,59592847360,47.733,NA,NA,NA,NA,NA,0,NA,NA,NA,NA,NA,NA,NA,NA,NA,NA,NA,0,NA,NA,NA,NA,NA,NA
Zambia,2017,ZMB,17298056,61680984064,55.39,NA,NA,NA,NA,NA,0,NA,NA,NA,NA,NA,NA,NA,NA,NA,NA,NA,0,NA,NA,NA,NA,NA,NA
Zambia,2018,ZMB,17835898,64169816064,62.328,NA,NA,NA,NA,NA,0,NA,NA,NA,NA,NA,NA,NA,NA,NA,NA,NA,0,NA,NA,NA,NA,NA,NA
Zambia,2019,ZMB,18380478,65094496256,54.845,NA,NA,NA,NA,NA,0,NA,NA,NA,NA,NA,NA,NA,NA,NA,NA,NA,0,NA,NA,NA,NA,NA,NA
Zambia,2020,ZMB,18927716,63281610752,58.659,NA,NA,NA,NA,NA,0,NA,NA,NA,NA,NA,NA,NA,NA,NA,NA,NA,0,NA,NA,NA,NA,NA,NA
Zambia,2021,ZMB,19473132,66191937536,66.576,NA,NA,NA,NA,NA,0,NA,NA,NA,NA,NA,NA,NA,NA,NA,NA,NA,0,NA,NA,NA,NA,NA,NA
Zambia,2022,ZMB,20017670,68469604352,NA,NA,NA,NA,NA,NA,0,NA,NA,NA,NA,NA,NA,NA,NA,NA,NA,NA,NA,NA,NA,NA,NA,NA,NA
Zimbabwe,2015,ZWE,14154937,24246159360,54.651,NA,NA,NA,NA,NA,0,NA,NA,NA,NA,NA,NA,NA,NA,NA,NA,NA,0,NA,NA,NA,NA,NA,NA
Zimbabwe,2016,ZWE,14452705,24362051584,46.649,NA,NA,NA,NA,NA,0,NA,NA,NA,NA,NA,NA,NA,NA,NA,NA,NA,0,NA,NA,NA,NA,NA,NA
Zimbabwe,2017,ZWE,14751101,25576013824,45.257,NA,NA,NA,NA,NA,0,NA,NA,NA,NA,NA,NA,NA,NA,NA,NA,NA,0,NA,NA,NA,NA,NA,NA
Zimbabwe,2018,ZWE,15052191,26786273280,51.809,NA,NA,NA,NA,NA,0,NA,NA,NA,NA,NA,NA,NA,NA,NA,NA,NA,0,NA,NA,NA,NA,NA,NA
Zimbabwe,2019,ZWE,15354606,25146417152,46.12,NA,NA,NA,NA,NA,0,NA,NA,NA,NA,NA,NA,NA,NA,NA,NA,NA,0,NA,NA,NA,NA,NA,NA
Zimbabwe,2020,ZWE,15669663,23178706944,41.997,NA,NA,NA,NA,NA,0,NA,NA,NA,NA,NA,NA,NA,NA,NA,NA,NA,0,NA,NA,NA,NA,NA,NA
Zimbabwe,2021,ZWE,15993525,25140088832,42.145,NA,NA,NA,NA,NA,0,NA,NA,NA,NA,NA,NA,NA,NA,NA,NA,NA,0,NA,NA,NA,NA,NA,NA
Zimbabwe,2022,ZWE,16320539,25901586432,NA,NA,NA,NA,NA,NA,0,NA,NA,NA,NA,NA,NA,NA,NA,NA,NA,NA,NA,NA,NA,NA,NA,NA,NA
